    5.806617345374576E-03    8.920605248525708E+04    2.968176450335022E+05    2.968176484708103E+05    6.230643324140784E+05    6.230644801375294E+05    6.230645208931098E+05    1.067946382682165E+06    1.067946386310467E+06    1.067946472408920E+06    1.067946529701563E+06    1.631463544176128E+06    1.631463585747998E+06    1.631463589154329E+06    1.631463679725995E+06    1.631463701487028E+06    2.313615940248508E+06    2.313615943360723E+06    2.313615962136776E+06    2.313615973898250E+06    2.313616061630104E+06    2.313616073468817E+06    3.114403497780513E+06    3.114403517773655E+06    3.114403528786043E+06    3.114403544007942E+06    3.114403551844774E+06    3.114403631141781E+06    3.114403635393525E+06    4.033826269062750E+06    4.033826273592530E+06    4.033826287741104E+06    4.033826289591923E+06    4.033826312434044E+06    4.033826318036668E+06    4.033826390293843E+06    4.033826392986573E+06    5.071884220585344E+06    5.071884234056077E+06    5.071884237011531E+06    5.071884239805925E+06    5.071884240955956E+06    5.071884278961328E+06    5.071884284136225E+06    5.071884339705465E+06    5.071884344500422E+06    6.228577374152818E+06    6.228577380495136E+06    6.228577382507260E+06    6.228577384113166E+06    6.228577388153659E+06    6.228577391969245E+06    6.228577439458305E+06    6.228577445171290E+06    6.228577485181262E+06    6.228577485666578E+06    7.503905710337712E+06    7.503905712287711E+06    7.503905724711091E+06    7.503905725508927E+06    7.503905729482790E+06    7.503905730597360E+06    7.503905740791259E+06    7.503905796104390E+06    7.503905802553664E+06    7.503905820786983E+06    7.503905822398111E+06    8.897869232543340E+06    8.897869241243746E+06    8.897869254335452E+06    8.897869258028001E+06    8.897869260458000E+06    8.897869269821007E+06    8.897869275775086E+06    8.897869289266841E+06    8.897869348171966E+06    8.897869350325050E+06    8.897869351034168E+06    8.897869356424086E+06    1.041046795323355E+07    1.041046796059465E+07
    1.945669460047394E-02    8.143700361829086E+03    2.663468596546820E+04    2.663470000052115E+04    5.569160867726357E+04    5.569210367322903E+04    5.569225586591424E+04    9.531537223644083E+04    9.531537307981921E+04    9.531568281513741E+04    9.531589128100500E+04    1.455051074559886E+05    1.455052516762286E+05    1.455052943106919E+05    1.455056143498481E+05    1.455056922877689E+05    2.062612636277425E+05    2.062612706387732E+05    2.062613975131108E+05    2.062614065379865E+05    2.062617533323542E+05    2.062617879345298E+05    2.775835662660514E+05    2.775836398232685E+05    2.775837425116111E+05    2.775838049261161E+05    2.775838204828707E+05    2.775841322408713E+05    2.775841550911524E+05    3.594722213449430E+05    3.594722260811680E+05    3.594723636604215E+05    3.594724143791708E+05    3.594724469698776E+05    3.594724597531944E+05    3.594727785116829E+05    3.594727955688070E+05    4.519270820822965E+05    4.519271285738798E+05    4.519272410585990E+05    4.519273374591038E+05    4.519273386619941E+05    4.519273439036322E+05    4.519273657818645E+05    4.519276893784445E+05    4.519277099866692E+05    5.549482685714981E+05    5.549482711896328E+05    5.549483930874086E+05    5.549484784869531E+05    5.549485035849115E+05    5.549485305149667E+05    5.549485435435511E+05    5.549485490867558E+05    5.549488816983305E+05    5.549488836107182E+05    6.685356852148410E+05    6.685357159956072E+05    6.685358168206118E+05    6.685359170415521E+05    6.685359195310316E+05    6.685359754442152E+05    6.685359900744590E+05    6.685359938342065E+05    6.685359955816157E+05    6.685363349429006E+05    6.685363381403117E+05    7.926894109475213E+05    7.926894118266890E+05    7.926895191826519E+05    7.926895878377358E+05    7.926896311599812E+05    7.926896714366052E+05    7.926896945964874E+05    7.926897119611660E+05    7.926897280119045E+05    7.926897321222078E+05    7.926900590616687E+05    7.926900640521866E+05    9.274093797391246E+05    9.274094013090940E+05
    4.088539909392086E-02    1.997618429667970E+03    6.185198323224326E+03    6.185227857548532E+03    1.276496670484874E+04    1.276600661869523E+04    1.276632622241175E+04    2.173882158608282E+04    2.173882295844146E+04    2.173947415269770E+04    2.173991257600929E+04    3.310493616244227E+04    3.310523939124202E+04    3.310532983525829E+04    3.310600290616702E+04    3.310616686139290E+04    4.686425490045013E+04    4.686427080981135E+04    4.686453944661493E+04    4.686455686878497E+04    4.686528778690477E+04    4.686536029423308E+04    6.301620199122663E+04    6.301635703297577E+04    6.301657425147150E+04    6.301670830665590E+04    6.301673947715094E+04    6.301739642152064E+04    6.301744481467237E+04    8.156120842994083E+04    8.156122022752262E+04    8.156151054336147E+04    8.156161973688072E+04    8.156168905967950E+04    8.156171586362449E+04    8.156238730378592E+04    8.156242349449708E+04    1.024989680457354E+05    1.024990663538492E+05    1.024993053687869E+05    1.024995142926945E+05    1.024995166371812E+05    1.024995221451517E+05    1.024995703531479E+05    1.025002544301769E+05    1.025002979080698E+05    1.258297302381750E+05    1.258297384624041E+05    1.258299971476838E+05    1.258301800543867E+05    1.258302361750721E+05    1.258302926987738E+05    1.258303175242029E+05    1.258303288890367E+05    1.258310330997800E+05    1.258310370924522E+05    1.515532977383004E+05    1.515533632768209E+05    1.515535794576809E+05    1.515537940502515E+05    1.515538041061538E+05    1.515539232379179E+05    1.515539527918918E+05    1.515539533700197E+05    1.515539597537268E+05    1.515546801392772E+05    1.515546867163239E+05    1.796698321308834E+05    1.796698376709170E+05    1.796700666554831E+05    1.796702181838823E+05    1.796703105240453E+05    1.796703980503451E+05    1.796704468527091E+05    1.796704798603683E+05    1.796705140006229E+05    1.796705190776790E+05    1.796712163033785E+05    1.796712269320111E+05    2.101791996443556E+05    2.101792460056831E+05
    7.005761118323406E-02    7.936281621536208E+02    2.219874982925010E+03    2.219925354671445E+03    4.459900874337366E+03    4.461681576263742E+03    4.462225306472040E+03    7.516951961855452E+03    7.516954923653012E+03    7.518067545057007E+03    7.518817055504632E+03    1.138790200811170E+04    1.138842125392611E+04    1.138857343907287E+04    1.138972544340068E+04    1.139000612541374E+04    1.607436692434598E+04    1.607439427793615E+04    1.607485068509667E+04    1.607488172314664E+04    1.607613215629337E+04    1.607625665608146E+04    2.157536105203130E+04    2.157562677829645E+04    2.157599650380283E+04    2.157622485318214E+04    2.157627824763858E+04    2.157740344295621E+04    2.157748596727343E+04    2.789162252328722E+04    2.789164302849218E+04    2.789213822864534E+04    2.789232421006354E+04    2.789244217113623E+04    2.789248857094521E+04    2.789363846712251E+04    2.789370018928842E+04    3.502262709141500E+04    3.502279567219044E+04    3.502320335668023E+04    3.502355932942769E+04    3.502356465121385E+04    3.502357335525689E+04    3.502365524383426E+04    3.502482732081993E+04    3.502490171553788E+04    4.296880166197030E+04    4.296881620331929E+04    4.296925774241352E+04    4.296957018433720E+04    4.296966662957294E+04    4.296976202694652E+04    4.296980485137047E+04    4.296982383085570E+04    4.297103058261039E+04    4.297103743587217E+04    5.172980877680836E+04    5.172992124183322E+04    5.173029033684438E+04    5.173065707287184E+04    5.173067513979166E+04    5.173087810425534E+04    5.173092739152334E+04    5.173092902704353E+04    5.173094002742087E+04    5.173217426698680E+04    5.173218558179872E+04    6.130592463249730E+04    6.130593474364594E+04    6.130632581419031E+04    6.130658492172760E+04    6.130674364311410E+04    6.130689257001305E+04    6.130697557782494E+04    6.130703184741996E+04    6.130709049215883E+04    6.130709866035113E+04    6.130829395358913E+04    6.130831213123989E+04    7.169692080834926E+04    7.169700045669817E+04
    1.069274884154190E-01    4.207815276554093E+02    1.033048454438903E+03    1.033124987031856E+03    1.993337618274884E+03    1.996051275633260E+03    1.996869864179271E+03    3.306582809553782E+03    3.306589445000098E+03    3.308277049124746E+03    3.309415841722163E+03    4.968025499394374E+03    4.968817393941010E+03    4.969040623027964E+03    4.970794397848859E+03    4.971221748031337E+03    6.980125284420694E+03    6.980166816595854E+03    6.980850734513042E+03    6.980902451194084E+03    6.982803660170973E+03    6.982994304509500E+03    9.341379659412882E+03    9.341785393060309E+03    9.342341352962307E+03    9.342684697709743E+03    9.342766838875423E+03    9.344481402610591E+03    9.344606100611622E+03    1.205291526903629E+04    1.205294661672411E+04    1.205369500244583E+04    1.205397420685296E+04    1.205415161752905E+04    1.205422395637190E+04    1.205597590116428E+04    1.205606908306097E+04    1.511393183035440E+04    1.511418929202152E+04    1.511480460628202E+04    1.511533928499680E+04    1.511535114045988E+04    1.511536442181555E+04    1.511548658493728E+04    1.511727298358194E+04    1.511738610247431E+04    1.852508107103907E+04    1.852510337789535E+04    1.852577094015810E+04    1.852624323056570E+04    1.852638994338704E+04    1.852653142463389E+04    1.852659811094427E+04    1.852662604967535E+04    1.852846544811392E+04    1.852847592036550E+04    2.228584793101903E+04    2.228601967626511E+04    2.228657703434116E+04    2.228713210029685E+04    2.228715995450217E+04    2.228746548205182E+04    2.228754064110384E+04    2.228754248374739E+04    2.228755938946536E+04    2.228944038289563E+04    2.228945783375481E+04    2.639665388327689E+04    2.639666948014202E+04    2.639726091315866E+04    2.639765152620454E+04    2.639789458447197E+04    2.639811763830847E+04    2.639824238734919E+04    2.639832919650196E+04    2.639841792442146E+04    2.639843073579116E+04    2.640025221612675E+04    2.640027979389100E+04    3.085715045784389E+04    3.085727210239397E+04
    1.514373790960217E-01    2.629554951189712E+02    5.682153046940620E+02    5.683239477796543E+02    1.045340251106961E+03    1.049171713040515E+03    1.050305883082110E+03    1.701261479160024E+03    1.701276146734977E+03    1.703639211773986E+03    1.705240587941046E+03    2.529272107161498E+03    2.530393750075136E+03    2.530687916212257E+03    2.533160202214770E+03    2.533762382826171E+03    3.532842390010193E+03    3.532900720697583E+03    3.533839563313626E+03    3.533923347626068E+03    3.536597851572459E+03    3.536868568433154E+03    4.709846521915173E+03    4.710422122109881E+03    4.711189222135741E+03    4.711663872766986E+03    4.711781864864030E+03    4.714201886333566E+03    4.714375871689226E+03    6.061881615401380E+03    6.061926035303828E+03    6.062968292577310E+03    6.063352347511393E+03    6.063598199024262E+03    6.063704478369157E+03    6.066176656388011E+03    6.066306240051518E+03    7.587812917807161E+03    7.588178082197016E+03    7.589032825782703E+03    7.589769916074335E+03    7.589795110254410E+03    7.589814064134970E+03    7.589980877766295E+03    7.592503462799017E+03    7.592662549305371E+03    9.288564546925421E+03    9.288596186700679E+03    9.289526520324420E+03    9.290184017433907E+03    9.290391197698731E+03    9.290581949295414E+03    9.290679034332750E+03    9.290716670831387E+03    9.293314539098510E+03    9.293329289492454E+03    1.116340644471411E+04    1.116364990684480E+04    1.116442481126950E+04    1.116519976753072E+04    1.116523947504114E+04    1.116566205845986E+04    1.116576911629436E+04    1.116577000144144E+04    1.116579364939552E+04    1.116845005182388E+04    1.116847514258369E+04    1.321293590790020E+04    1.321295806224458E+04    1.321378261155056E+04    1.321432389497202E+04    1.321466992054174E+04    1.321497596687454E+04    1.321514790745529E+04    1.321527317962826E+04    1.321539667812785E+04    1.321541597647087E+04    1.321798740571526E+04    1.321802607036941E+04    1.543665923505773E+04    1.543683163717928E+04
    2.035177552186020E-01    1.772518461975660E+02    3.462539246041339E+02    3.464026412160384E+02    6.084762724379405E+02    6.135971102704577E+02    6.150736674498215E+02    9.731018907967830E+02    9.731328535609193E+02    9.762488468798952E+02    9.783795261454945E+02    1.431186582092652E+03    1.432698362353397E+03    1.433047768220081E+03    1.436344826481168E+03    1.437146498274358E+03    1.987374689468995E+03    1.987452361679560E+03    1.988654777304318E+03    1.988789266901783E+03    1.992345054514238E+03    1.992708437736469E+03    2.638807804836552E+03    2.639584995756773E+03    2.640573736345087E+03    2.641190237525102E+03    2.641352218542260E+03    2.644584089813904E+03    2.644813525465147E+03    3.387638537595993E+03    3.387698416009473E+03    3.389063474092733E+03    3.389556152311822E+03    3.389877771010521E+03    3.390028994916822E+03    3.393329248272853E+03    3.393498694469559E+03    4.232336965679749E+03    4.232829335472089E+03    4.233943965760615E+03    4.234895512600026E+03    4.234945465064610E+03    4.234970623874839E+03    4.235183763210466E+03    4.238556011246406E+03    4.238767302654134E+03    5.174148586253686E+03    5.174191211057861E+03    5.175411237601152E+03    5.176271087092254E+03    5.176550430051213E+03    5.176787379032828E+03    5.176921752598440E+03    5.176969480046859E+03    5.180443724443659E+03    5.180463101893673E+03    6.212090261709154E+03    6.212418138196731E+03    6.213430377328280E+03    6.214449810134040E+03    6.214503689613365E+03    6.215051213528241E+03    6.215194820859488E+03    6.215196481729061E+03    6.215224722554145E+03    6.218777868161041E+03    6.218812191325916E+03    7.346966087452657E+03    7.346995938036821E+03    7.348077840966156E+03    7.348781468096941E+03    7.349250190171451E+03    7.349642530166728E+03    7.349863603019500E+03    7.350036187040555E+03    7.350197583286802E+03    7.350225834795933E+03    7.353663159704472E+03    7.353714353942800E+03    8.578111754438311E+03    8.578343791163528E+03
    2.630872857821673E-01    1.208969413345803E+02    2.219599504155731E+02    2.221602122631063E+02    3.766439556272036E+02    3.832038585132268E+02    3.850316106747279E+02    5.965481994532277E+02    5.966096874848229E+02    6.005189096665754E+02    6.032373950933429E+02    8.702407589666058E+02    8.722124527335918E+02    8.725777591777851E+02    8.767888697499098E+02    8.778083477200593E+02    1.203707195260663E+03    1.203806829963472E+03    1.205256014582527E+03    1.205471179435211E+03    1.209993647975573E+03    1.210458687941539E+03    1.593236541630623E+03    1.594251621240859E+03    1.595451180768970E+03    1.596214068923396E+03    1.596429762041593E+03    1.600562723792839E+03    1.600853266227716E+03    2.041630046624414E+03    2.041708168331336E+03    2.043408849799733E+03    2.044002358765733E+03    2.044406798901332E+03    2.044619039559493E+03    2.048837044944775E+03    2.049047794285334E+03    2.546896156970264E+03    2.547536895525745E+03    2.548915841056573E+03    2.550079204536703E+03    2.550171056473733E+03    2.550201599364632E+03    2.550460539705476E+03    2.554781485169691E+03    2.555049554100619E+03    3.110654313983787E+03    3.110709759465839E+03    3.112233208415117E+03    3.113300386627786E+03    3.113668030621830E+03    3.113939088598153E+03    3.114116806191550E+03    3.114175459194078E+03    3.118630879653597E+03    3.118654510520590E+03    3.731628308164039E+03    3.732053982584661E+03    3.733310339712114E+03    3.734589839378108E+03    3.734660629221475E+03    3.735331749759301E+03    3.735516178570893E+03    3.735521881160252E+03    3.735548806887286E+03    3.740108669256222E+03    3.740153797503523E+03    4.410861310747739E+03    4.410900102658919E+03    4.412252133531480E+03    4.413119774045391E+03    4.413732672923520E+03    4.414207844827087E+03    4.414474420003005E+03    4.414703965354732E+03    4.414904141541023E+03    4.414944631823460E+03    4.419351582528740E+03    4.419416429283902E+03    5.147492252604063E+03    5.147793125062838E+03
    3.300529532605987E-01    7.884410169032677E+01    1.428910594751776E+02    1.431574357328527E+02    2.387271196070393E+02    2.468430661724614E+02    2.490064720753767E+02    3.804046033093293E+02    3.805190153571791E+02    3.852059090095685E+02    3.885595830969631E+02    5.538003492812896E+02    5.563219052030911E+02    5.566299123484333E+02    5.618178490579758E+02    5.630625354036524E+02    7.664276661127965E+02    7.665519403424970E+02    7.681993694375150E+02    7.685427518725031E+02    7.740831052440740E+02    7.746514547814235E+02    1.013578250161037E+03    1.014876795328016E+03    1.016246851792264E+03    1.017156032506776E+03    1.017437529505727E+03    1.022532477599221E+03    1.022890259543892E+03    1.298812096607225E+03    1.298912063141353E+03    1.300941252197401E+03    1.301611678582421E+03    1.302108672453100E+03    1.302406232875057E+03    1.307601890124006E+03    1.307852682351776E+03    1.619597713040870E+03    1.620411410008659E+03    1.622038116381233E+03    1.623394013966149E+03    1.623550997499330E+03    1.623583940822214E+03    1.623888321813672E+03    1.629233137514209E+03    1.629559909268967E+03    1.977988325115500E+03    1.978058819968127E+03    1.979883464753642E+03    1.981146100588375E+03    1.981627904202907E+03    1.981908426645216E+03    1.982132537767855E+03    1.982204771150833E+03    1.987725967795776E+03    1.987752062706163E+03    2.372370588875129E+03    2.372908917117030E+03    2.374399934544981E+03    2.375944831161503E+03    2.376035961110632E+03    2.376817286854503E+03    2.377049052940144E+03    2.377059067409625E+03    2.377075180149498E+03    2.382735103333386E+03    2.382792369556939E+03    2.804061858834046E+03    2.804111057145940E+03    2.805732058310449E+03    2.806753335938160E+03    2.807534587425637E+03    2.808081990927489E+03    2.808381831952035E+03    2.808678274854561E+03    2.808915228673976E+03    2.808972202543714E+03    2.814434591581235E+03    2.814513814476329E+03    3.271976360708167E+03    3.272355990793341E+03
    4.043101950455972E-01    4.519721412809477E+01    8.757349987083214E+01    8.791832907915435E+01    1.488752381292666E+02    1.586196086879527E+02    1.610659757702226E+02    2.454942064471988E+02    2.456937420657615E+02    2.510645721891067E+02    2.550822142888919E+02    3.604574055035851E+02    3.636553575673917E+02    3.637864545444737E+02    3.699738185189026E+02    3.714327449016460E+02    5.030377938088244E+02    5.031882947615143E+02    5.049487684870194E+02    5.054957633385732E+02    5.120536800607847E+02    5.127141823251520E+02    6.673383731332148E+02    6.689824886763543E+02    6.704439510011711E+02    6.714980576520258E+02    6.718610386599008E+02    6.779345181438986E+02    6.783675670270313E+02    8.578188819737761E+02    8.579456462500599E+02    8.602741131731153E+02    8.609756772255827E+02    8.615820866001425E+02    8.620023196642137E+02    8.681894883637538E+02    8.684752540032314E+02    1.071308170681500E+03    1.072325781540982E+03    1.074157613309414E+03    1.075669416278100E+03    1.075919044799877E+03    1.075950302668488E+03    1.076306347124157E+03    1.082710877194404E+03    1.083094121998583E+03    1.310366157527417E+03    1.310454664095764E+03    1.312560825509132E+03    1.313984885414505E+03    1.314624588066706E+03    1.314872468632951E+03    1.315140080088827E+03    1.315232160340040E+03    1.321874375329203E+03    1.321898656057505E+03    1.572990674755006E+03    1.573659310692368E+03    1.575356709762296E+03    1.577162007577252E+03    1.577277898475534E+03    1.578141018936283E+03    1.578429335025646E+03    1.578430330989378E+03    1.578441087198383E+03    1.585260349722766E+03    1.585330517794934E+03    1.860813707049896E+03    1.860875194828179E+03    1.862748596178204E+03    1.863899792663219E+03    1.864877718608710E+03    1.865480107388684E+03    1.865788047599596E+03    1.866160922630565E+03    1.866429185754741E+03    1.866507979463999E+03    1.873086490500636E+03    1.873180301682816E+03    2.172493353069468E+03    2.172963053502462E+03
    4.857430651422927E-01    1.743050385844094E+01    4.631559712189357E+01    4.673753336788135E+01    8.621759877338155E+01    9.760658959903387E+01    1.002238925221971E+02    1.556168294931158E+02    1.559434863233386E+02    1.618037853368226E+02    1.664788628227100E+02    2.345585098694196E+02    2.383913962501688E+02    2.386172693989920E+02    2.455419001085550E+02    2.471733354826081E+02    3.343863346090733E+02    3.345590133561097E+02    3.363087992992363E+02    3.371797665503110E+02    3.446771599140894E+02    3.453982644554622E+02    4.477481459199765E+02    4.498263354680952E+02    4.512514450832048E+02    4.524535777495548E+02    4.529193345244471E+02    4.599212227021278E+02    4.604410045582208E+02    5.801953557759163E+02    5.803555405733060E+02    5.829332712205478E+02    5.835907777819414E+02    5.843360488086045E+02    5.849365321675006E+02    5.920611959231288E+02    5.923709608713706E+02    7.277822097808088E+02    7.290456902488939E+02    7.310084049706492E+02    7.326226780186649E+02    7.329892857889379E+02    7.330212164383322E+02    7.334568969564447E+02    7.408905751291982E+02    7.413215074854826E+02    8.936696873607024E+02    8.937803722661997E+02    8.961313309310366E+02    8.976548774930245E+02    8.985254058798940E+02    8.986739263639901E+02    8.989733667869615E+02    8.990968631308398E+02    9.068745558546095E+02    9.068886579453946E+02    1.075401926699256E+03    1.076223441594565E+03    1.078078363454695E+03    1.080130060390765E+03    1.080276166551711E+03    1.081174960240217E+03    1.081476653008871E+03    1.081533788290408E+03    1.081540331278891E+03    1.089515104053536E+03    1.089597959159932E+03    1.274975238373861E+03    1.275051617857323E+03    1.277145388286532E+03    1.278388915958772E+03    1.279598404742700E+03    1.280232593970274E+03    1.280505084605418E+03    1.280963403931390E+03    1.281253213084514E+03    1.281360455254962E+03    1.289081569289184E+03    1.289189462697284E+03    1.490754050361450E+03    1.491327588792114E+03
    5.742244144880582E-01   -5.675155856433122E+00    1.435532423344667E+01    1.482690296372722E+01    4.044734499994181E+01    5.343028628605788E+01    5.602254513457336E+01    9.283628067374639E+01    9.333948761681719E+01    9.937935258669626E+01    1.046434503652345E+02    1.484537144391923E+02    1.528019804257617E+02    1.536358836406569E+02    1.607971837724858E+02    1.625094533514010E+02    2.211323234308034E+02    2.213056868125985E+02    2.228873212900536E+02    2.242732203305297E+02    2.325169103120928E+02    2.332367035775287E+02    3.016934098350807E+02    3.043315010958563E+02    3.055350888836435E+02    3.069017020934554E+02    3.075008179594760E+02    3.152833924979133E+02    3.159059546586993E+02    3.970494258260302E+02    3.972503100689134E+02    4.000145620315074E+02    4.005132092907439E+02    4.014451873086142E+02    4.023136687469640E+02    4.102255710817810E+02    4.105385690725477E+02    5.022914436561231E+02    5.038606631977444E+02    5.058416648049329E+02    5.074900294696808E+02    5.079816336760751E+02    5.080389996335331E+02    5.086295135176186E+02    5.169536848295543E+02    5.174131204496119E+02    6.213086764572371E+02    6.214473962091300E+02    6.239923131686990E+02    6.255197696331975E+02    6.266846619795032E+02    6.267374619704233E+02    6.269950840513787E+02    6.271672393049025E+02    6.360290543477147E+02    6.360398981406461E+02    7.511052180959911E+02    7.521103700928027E+02    7.540521600884356E+02    7.563295606367188E+02    7.565109110690039E+02    7.573814249527882E+02    7.576634015536393E+02    7.578232518208952E+02    7.578330922045769E+02    7.669062363341352E+02    7.670001516792901E+02    8.941065023229894E+02    8.942015029029606E+02    8.964698267268652E+02    8.977540617132521E+02    8.992407001851368E+02    8.998762601063810E+02    9.000466296217218E+02    9.006013635037738E+02    9.008963371350078E+02    9.010402445698849E+02    9.098845029742253E+02    9.100048541140634E+02    1.048335623660290E+03    1.049030851229587E+03
    6.696160891247507E-01   -2.483459787200464E+01   -1.085954527869903E+01   -1.039348299698189E+01    6.075739327921156E+00    2.052467297952070E+01    2.281065734550637E+01    4.760635063275399E+01    4.833977191981447E+01    5.414352947813572E+01    5.984766845809281E+01    8.742562404014075E+01    9.231772998180915E+01    9.407093105697209E+01    1.009336658872601E+02    1.025636748113659E+02    1.423635459276436E+02    1.424773696881280E+02    1.437145799518023E+02    1.459023743966875E+02    1.545442507783606E+02    1.551598997819527E+02    2.009232804168163E+02    2.042897490877152E+02    2.050284091568764E+02    2.066017543945204E+02    2.073819690667667E+02    2.156575886749501E+02    2.164035630314395E+02    2.717560796876553E+02    2.720002442979392E+02    2.748953929402125E+02    2.750676974430035E+02    2.762591688355816E+02    2.775244831069911E+02    2.859423161773034E+02    2.862217140134903E+02    3.487257066625230E+02    3.506877655097977E+02    3.525276560145308E+02    3.541301878026524E+02    3.547370862169314E+02    3.548766027867667E+02    3.557629758035175E+02    3.646898241549317E+02    3.651424452563127E+02    4.366238498002656E+02    4.367981609864402E+02    4.394782839275405E+02    4.408754183656367E+02    4.422079070640441E+02    4.425088198854814E+02    4.426158601078002E+02    4.427478746284324E+02    4.525419461027019E+02    4.526020597235630E+02    5.317949534330085E+02    5.330275535878852E+02    5.349621971686970E+02    5.374396550512769E+02    5.376529277895013E+02    5.384239601707463E+02    5.386368547094759E+02    5.389713539675780E+02    5.390063126164711E+02    5.490236745652182E+02    5.491252633441967E+02    6.371818760192475E+02    6.373008033040993E+02    6.396876388623690E+02    6.409461986341691E+02    6.427725837050673E+02    6.433435378161992E+02    6.433608000107732E+02    6.440191656341359E+02    6.442885176470888E+02    6.444783333682632E+02    6.543640780313154E+02    6.544934301587456E+02    7.504027410048828E+02    7.512440260544221E+02
    7.717691457210920E-01   -4.057006161507743E+01   -3.084256058841532E+01   -3.044719118464747E+01   -2.005477240793583E+01   -4.354023410011436E+00   -2.681884060793422E+00    1.444931720900115E+01    1.547259108945423E+01    2.058149239087118E+01    2.653629440105236E+01    4.313365748339186E+01    4.861872036489456E+01    5.158840334676140E+01    5.751507214235056E+01    5.883036113152642E+01    8.621727054087268E+01    8.628255318449411E+01    8.693469609031663E+01    9.029143684764765E+01    9.882945042178252E+01    9.919665078722269E+01    1.295029074743636E+02    1.337889173792950E+02    1.337898325840312E+02    1.356485147571067E+02    1.366926762420330E+02    1.449818681778412E+02    1.458746550251622E+02    1.836969298197988E+02    1.839667231135443E+02    1.865936344848917E+02    1.869769344835424E+02    1.881556208709441E+02    1.899876023692574E+02    1.984638701322957E+02    1.986495614618804E+02    2.411401593886844E+02    2.436187206783237E+02    2.451042918388632E+02    2.465738252498384E+02    2.472878757391858E+02    2.475955908612705E+02    2.489806999608082E+02    2.580465179851706E+02    2.584341590486117E+02    3.077646433934727E+02    3.079817999090802E+02    3.107414826484795E+02    3.118321683369871E+02    3.133450356721181E+02    3.136591661400352E+02    3.139613632202194E+02    3.143447974382539E+02    3.244427288570004E+02    3.245894662708529E+02    3.790868324570117E+02    3.806105230575561E+02    3.824173757150699E+02    3.850618583684972E+02    3.852677183543114E+02    3.859003477541254E+02    3.859734473523474E+02    3.866426895083852E+02    3.866827320519684E+02    3.973692861336037E+02    3.974733981477309E+02    4.586901298665008E+02    4.588400584639281E+02    4.612848580411060E+02    4.624339651307251E+02    4.646851664598327E+02    4.648471096482959E+02    4.651105762015605E+02    4.657097775050287E+02    4.659125045387763E+02    4.661368488822247E+02    4.768943193599774E+02    4.770262858213740E+02    5.436998298462009E+02    5.447216040870871E+02
    8.805240840244881E-01   -5.331194928466569E+01   -4.659668069252156E+01   -4.631775005023830E+01   -3.991570828922033E+01   -2.325775722328318E+01   -2.241307683975627E+01   -1.009002233298757E+01   -8.701442974580132E+00   -4.646051215312269E+00    1.463780756655851E+00    1.056058617100206E+01    1.669549016848806E+01    2.099532791357186E+01    2.544151785567752E+01    2.621638276525928E+01    4.543269948106402E+01    4.546437607063041E+01    4.584879216525724E+01    5.030699478185193E+01    5.818142772361634E+01    5.820940715916717E+01    7.794827914035488E+01    8.233994941363224E+01    8.330244606271268E+01    8.459454222627809E+01    8.604606781810858E+01    9.365012816110874E+01    9.471288368598465E+01    1.206517820315890E+02    1.208806960959912E+02    1.228440218528923E+02    1.240278740382012E+02    1.249812162282800E+02    1.275246657112990E+02    1.354366914553660E+02    1.354453372839348E+02    1.641789031331679E+02    1.673326081385388E+02    1.682050897911745E+02    1.694499067623737E+02    1.702871677858856E+02    1.708848855851572E+02    1.729981546537584E+02    1.815600279397617E+02    1.817997496355407E+02    2.159219235015393E+02    2.161810846290008E+02    2.189857566317926E+02    2.195529867886680E+02    2.212233839212980E+02    2.216853421979833E+02    2.219897359255165E+02    2.231583073829229E+02    2.327791634081059E+02    2.330639376603726E+02    2.703339088278913E+02    2.722401156205690E+02    2.737663216617337E+02    2.765277471987322E+02    2.766129907562165E+02    2.770025505913641E+02    2.771549300427907E+02    2.782758600386908E+02    2.783214072151900E+02    2.891764596026733E+02    2.892771949629313E+02    3.318104357827632E+02    3.319991709356591E+02    3.344459094335868E+02    3.353782944924398E+02    3.377087203075649E+02    3.381410064739832E+02    3.381607936943623E+02    3.387260914583013E+02    3.391971817584129E+02    3.392204496811620E+02    3.505329760705559E+02    3.506569466443894E+02    3.968610175066103E+02    3.981126760926497E+02
    9.957110958399635E-01   -6.341904684759311E+01   -5.884675207680996E+01   -5.869032138774318E+01   -5.484386169860279E+01   -3.757761609441808E+01   -3.756154562727672E+01   -2.841468988772776E+01   -2.656504868816687E+01   -2.364800774730585E+01   -1.729421991353928E+01   -1.349035922243695E+01   -6.677779818142369E+00   -1.274278323326897E+00    1.481302917881337E+00    1.642737071305319E+00    1.485193126466781E+01    1.566334049777441E+01    1.660315924443192E+01    2.121808694894979E+01    2.770992027615257E+01    2.817285680271786E+01    4.032416087206110E+01    4.477878174548840E+01    4.677399265586359E+01    4.750548680187214E+01    4.953351691326378E+01    5.566682157716829E+01    5.692216996827145E+01    7.502778876879808E+01    7.507889119127296E+01    7.621879919926809E+01    7.824992144790289E+01    7.938057644883139E+01    8.252787490279525E+01    8.891083786834889E+01    8.916062625073101E+01    1.083217082635533E+02    1.123019987897501E+02    1.123119290179386E+02    1.132352677043059E+02    1.142576196308175E+02    1.153260011915758E+02    1.183065974621285E+02    1.256232675100442E+02    1.256248933410088E+02    1.494815451281771E+02    1.497545312321613E+02    1.524123175879618E+02    1.526102478365925E+02    1.542194431343741E+02    1.550263583267364E+02    1.552303311972579E+02    1.574567872162544E+02    1.658099024849784E+02    1.662891438789135E+02    1.915755310179612E+02    1.939880135533881E+02    1.950444658451126E+02    1.976785810705748E+02    1.977626533996869E+02    1.978555183415918E+02    1.982213518148692E+02    1.999279791201460E+02    2.001736778707834E+02    2.103719393268029E+02    2.104661966557342E+02    2.400457223757343E+02    2.402769241616897E+02    2.426896432931071E+02    2.432640028535134E+02    2.454168140274971E+02    2.459662253156134E+02    2.464510994188482E+02    2.465143453513937E+02    2.474627538862086E+02    2.477808018489756E+02    2.586638708022886E+02    2.587643738675943E+02    2.906148797281571E+02    2.921666493539806E+02
    1.117150330127907E+00   -7.118990729643218E+01   -6.813915805183856E+01   -6.807650873049867E+01   -6.581504443711167E+01   -4.900268006441830E+01   -4.821804900911128E+01   -4.221854456757838E+01   -3.980430968693185E+01   -3.782710126663599E+01   -3.116942849192706E+01   -3.111068026921384E+01   -2.372304301532685E+01   -1.772412817057179E+01   -1.678476415712677E+01   -1.648393236692006E+01   -7.830981551515492E+00   -6.050731199071436E+00   -4.484318852254972E+00   -2.760127620007751E-01    5.070828551731097E+00    5.773253795031550E+00    1.274024931100215E+01    1.727632992434796E+01    2.023489986771544E+01    2.039579147819630E+01    2.304964757120928E+01    2.722595162995118E+01    2.870261034283925E+01    4.158466007981713E+01    4.180317620618902E+01    4.189875714661542E+01    4.458952314606674E+01    4.643024320254847E+01    4.990719078981363E+01    5.416009279203848E+01    5.469245779872250E+01    6.740872385147568E+01    7.128056189644670E+01    7.178148592380106E+01    7.225194358654892E+01    7.311551208509070E+01    7.491274650885998E+01    7.858648827876050E+01    8.377538521210676E+01    8.406263054042714E+01    1.009733575797130E+02    1.011763812269033E+02    1.029479090809843E+02    1.040899442850002E+02    1.049596644960915E+02    1.062469279137504E+02    1.062606515859424E+02    1.096723831397003E+02    1.160134249101623E+02    1.167198988972747E+02    1.338539407595706E+02    1.369149111922683E+02    1.372894675894244E+02    1.393231420747519E+02    1.395630619346973E+02    1.401209699951045E+02    1.401693537736958E+02    1.427576031325482E+02    1.432244339919082E+02    1.519288863008659E+02    1.520244469502656E+02    1.728485387544011E+02    1.731081030945232E+02    1.754964912023955E+02    1.755255980882906E+02    1.774252275889534E+02    1.780340334092151E+02    1.786242439732484E+02    1.788088465456829E+02    1.806126520395223E+02    1.810279102271815E+02    1.906500669636121E+02    1.907083864949821E+02    2.126607071137511E+02    2.146077580222555E+02
    1.244652173796451E+00   -7.688499155046040E+01   -7.490099054231493E+01   -7.489190136790342E+01   -7.358336724171248E+01   -5.739378436086110E+01   -5.593429830688152E+01   -5.257663828784941E+01   -4.953441943841548E+01   -4.822750734575573E+01   -4.399428766377172E+01   -4.120161845437734E+01   -3.604082723166125E+01   -3.038024704166048E+01   -3.012682895143266E+01   -2.976744972711880E+01   -2.459029132041771E+01   -2.181524650957297E+01   -1.962426385091557E+01   -1.632433242185519E+01   -1.151175649754083E+01   -1.100457349428724E+01   -7.459180230353809E+00   -2.753912018062067E+00    4.189655142600515E-01    9.604199296883138E-01    3.639908819452856E+00    5.903965690792802E+00    7.638750845020169E+00    1.629829698925191E+01    1.706283682306901E+01    1.792682963212283E+01    1.983538121556207E+01    2.238101177487520E+01    2.603162142081280E+01    2.809225036279565E+01    2.883447564505337E+01    3.729936034476557E+01    4.097428860071022E+01    4.099535952422295E+01    4.280787372462294E+01    4.288111638654544E+01    4.556371297965219E+01    4.932222666434879E+01    5.232061013769308E+01    5.287843082988925E+01    6.539592754307975E+01    6.541261458377122E+01    6.619979210631885E+01    6.799412126106660E+01    6.891175606336193E+01    7.009821118172295E+01    7.042378011764507E+01    7.455738077997424E+01    7.850446991097664E+01    7.940987279242825E+01    9.120825963641494E+01    9.453457334114219E+01    9.500958807298727E+01    9.577743475526952E+01    9.639993069300968E+01    9.710392261020525E+01    9.751173263472324E+01    1.007633031195965E+02    1.013402226904307E+02    1.079266109008064E+02    1.080531153525494E+02    1.232348607346507E+02    1.234667971500875E+02    1.251649345772040E+02    1.259006556926808E+02    1.267662434100982E+02    1.274491927498669E+02    1.281529974243088E+02    1.284343939360844E+02    1.314525205208521E+02    1.318589788849060E+02    1.395025473210597E+02    1.395044038210294E+02    1.548709740384716E+02    1.573264067640213E+02
    1.378017547744464E+00   -8.074718394015783E+01   -7.950410141247784E+01   -7.949142969646650E+01   -7.875436042310508E+01   -6.337755738083900E+01   -6.128803701763215E+01   -6.013908192212346E+01   -5.651351482240810E+01   -5.568003500428846E+01   -5.307921250192434E+01   -4.853058048500933E+01   -4.481263557679078E+01   -4.018284577314989E+01   -4.011348205631852E+01   -3.877147602979345E+01   -3.685008543984549E+01   -3.322815442217191E+01   -3.046753167898956E+01   -2.818526923988627E+01   -2.358613971073986E+01   -2.343652338187927E+01   -2.214896978541530E+01   -1.716740209702691E+01   -1.446064891539092E+01   -1.315447021267681E+01   -1.056493906154553E+01   -9.934190046700095E+00   -7.923649047119113E+00   -2.586780991652219E+00   -8.151930968513170E-01    7.144001690148798E-01    1.664872952690530E+00    4.590027399676984E+00    8.308028920367946E+00    8.667513776907938E+00    9.466609832376776E+00    1.511954921359178E+01    1.797916908515478E+01    1.862125380965955E+01    2.050404644693432E+01    2.129643618844518E+01    2.419394226920463E+01    2.719848041207966E+01    2.871852588821841E+01    2.951547144264089E+01    3.876842657040308E+01    3.894407093910360E+01    3.936343131646009E+01    4.085079382199618E+01    4.264498719407050E+01    4.337564934589844E+01    4.397952208359672E+01    4.836106009091222E+01    5.009745570973990E+01    5.110665258049099E+01    5.954303514381547E+01    6.267613558293695E+01    6.310206739206123E+01    6.398307441850631E+01    6.419850408660034E+01    6.500387384039763E+01    6.618899530433652E+01    6.967756098506800E+01    7.015772965477504E+01    7.446310893979128E+01    7.467577972838632E+01    8.643398256952403E+01    8.652454355149243E+01    8.740893369035399E+01    8.869556077437144E+01    8.893750515738725E+01    8.963499965752220E+01    9.049231100873246E+01    9.072541659942914E+01    9.490926128370810E+01    9.529596422688806E+01    1.005193225219442E+02    1.005977282582271E+02    1.117066088828173E+02    1.145021225749223E+02
    1.517038217689735E+00   -8.301230313720718E+01   -8.225333504217464E+01   -8.223655622013493E+01   -8.182548853381164E+01   -6.745765727826866E+01   -6.538000455259652E+01   -6.477126626612727E+01   -6.131992067828276E+01   -6.081615152143539E+01   -5.926702604742391E+01   -5.373327592500961E+01   -5.094568939896279E+01   -4.757733192818192E+01   -4.702767700492780E+01   -4.565288014177763E+01   -4.499339028836567E+01   -4.147974117802578E+01   -3.818317493088193E+01   -3.670348066983036E+01   -3.292007927253557E+01   -3.268840761751726E+01   -3.191343808917816E+01   -2.741498484372138E+01   -2.557316824549069E+01   -2.367835497448227E+01   -2.153209774598811E+01   -2.074341038362562E+01   -1.926100097726741E+01   -1.649247831780806E+01   -1.376907299797328E+01   -1.167566309741736E+01   -1.156868182180551E+01   -8.636743667549069E+00   -5.632383057099190E+00   -5.021315011384061E+00   -4.934149227307444E+00   -1.177057727570684E+00    7.987513365154513E-01    2.164194041087569E+00    4.115867723444381E+00    5.432126032306840E+00    8.530350004271099E+00    1.008878231312941E+01    1.121358972492288E+01    1.212387587265791E+01    1.826028256654747E+01    1.938893354294066E+01    2.037989348135756E+01    2.067100543636461E+01    2.314804427570354E+01    2.362745445637773E+01    2.437106353455317E+01    2.851129105930607E+01    2.864237744396831E+01    2.962524249721446E+01    3.596958842205865E+01    3.848258407463265E+01    3.882478447036385E+01    4.016355864728976E+01    4.080863850689627E+01    4.102641656011920E+01    4.332560281390755E+01    4.640499457158145E+01    4.659391205704452E+01    4.893590082292243E+01    4.930329250189200E+01    5.889536364435270E+01    5.892748562700046E+01    5.909792491274141E+01    5.989692390890829E+01    6.059682361467563E+01    6.154767052930674E+01    6.242458585129864E+01    6.271763090674253E+01    6.738592157372017E+01    6.771627483094386E+01    7.067108737738423E+01    7.085059383500462E+01    7.929024504200515E+01    8.188829943345269E+01
    1.661497119295141E+00   -8.391146769528049E+01   -8.345502806501899E+01   -8.344113812090711E+01   -8.321048434309679E+01   -7.000437377776349E+01   -6.871126354497333E+01   -6.679504230290698E+01   -6.440031525505611E+01   -6.410938095020936E+01   -6.320889964742435E+01   -5.725548338292193E+01   -5.514611027848467E+01   -5.292285071934035E+01   -5.178111641122283E+01   -5.158125039950120E+01   -4.907470702968109E+01   -4.735712874145561E+01   -4.357544679553589E+01   -4.263784415871952E+01   -4.008384587285062E+01   -3.964913090094789E+01   -3.786931501835346E+01   -3.479712584432015E+01   -3.357176623424961E+01   -3.147434916501105E+01   -2.988284025906897E+01   -2.796966433652064E+01   -2.738490760016060E+01   -2.662357462284335E+01   -2.312926840387654E+01   -2.146998080739820E+01   -2.031628164858093E+01   -1.832637591492039E+01   -1.606790628561707E+01   -1.568618888152561E+01   -1.495639803050415E+01   -1.307646908172831E+01   -1.199981795517340E+01   -9.834873908670474E+00   -7.917730983029927E+00   -6.338176819364463E+00   -2.986423360794490E+00   -2.923201843553286E+00   -1.571531147427649E+00   -9.796990547266802E-01    2.950380538457466E+00    4.943315295428633E+00    5.822961920517244E+00    6.645742190616886E+00    8.316045196938703E+00    9.023000411999817E+00    9.844911956609138E+00    1.257323191639112E+01    1.334641922431040E+01    1.341935852694101E+01    1.840903317779356E+01    1.990270997792850E+01    2.093882371734085E+01    2.224568856419235E+01    2.308496121033247E+01    2.351998544500377E+01    2.650790502485017E+01    2.856764339560726E+01    2.875651232732662E+01    2.953141525654601E+01    3.009885813647784E+01    3.735577481172749E+01    3.800391027016150E+01    3.816217263570803E+01    3.881983431779921E+01    3.901259272351206E+01    4.032433669230622E+01    4.117364090474024E+01    4.228293671989533E+01    4.637990164931739E+01    4.649459352384744E+01    4.782259076149117E+01    4.816415556902089E+01    5.484815563927245E+01    5.707911117425809E+01
    1.811168697084017E+00   -8.366841219386316E+01   -8.339617647154763E+01   -8.338661899266197E+01   -8.325537583685843E+01   -7.129284909053092E+01   -7.049881934136998E+01   -6.768686979706322E+01   -6.609517291722878E+01   -6.593088490234507E+01   -6.541544017418531E+01   -5.945956407833418E+01   -5.791022623273081E+01   -5.652273901504683E+01   -5.583342722270633E+01   -5.440408793326487E+01   -5.151129612706890E+01   -5.136712276379448E+01   -4.722564994649403E+01   -4.664771504186442E+01   -4.509267870237581E+01   -4.431132452375994E+01   -4.193029534579694E+01   -4.047816522443973E+01   -3.872345439085589E+01   -3.710125669983685E+01   -3.572434666330740E+01   -3.388179993339541E+01   -3.311814533026914E+01   -3.302565926311965E+01   -2.989442703642193E+01   -2.859256310129531E+01   -2.653609582504403E+01   -2.524754217853919E+01   -2.372946455119154E+01   -2.363634192911989E+01   -2.220097375293975E+01   -2.168094274263453E+01   -2.145419302260999E+01   -1.852271979931332E+01   -1.669501664283989E+01   -1.514055496942514E+01   -1.272807136036432E+01   -1.124893944999415E+01   -1.093432194595592E+01   -1.081455308359453E+01   -8.429109195574597E+00   -5.719748799187784E+00   -5.034647543212515E+00   -3.250067131187734E+00   -3.114940942092943E+00   -1.824973748538866E+00   -9.187967243790212E-01    6.487813499499850E-01    1.240007451009660E+00    1.876019465210618E+00    5.341425080476938E+00    5.890148595682462E+00    7.567356500777137E+00    8.856125297568894E+00    9.643499659347825E+00    1.058255187958531E+01    1.400415115529185E+01    1.456020601097019E+01    1.503060520984712E+01    1.523626982904021E+01    1.564409165187638E+01    2.098410245760380E+01    2.130705486171902E+01    2.245969753967611E+01    2.284136000555010E+01    2.382431778145701E+01    2.430889072110909E+01    2.521572343080200E+01    2.692595506367122E+01    2.981392475174084E+01    3.013468339372778E+01    3.047896883370981E+01    3.100530846636687E+01    3.636325994310562E+01    3.750390450675621E+01
    1.965819256614842E+00   -8.249436164883829E+01   -8.233212810448144E+01   -8.232624842560615E+01   -8.224997768703690E+01   -7.154762903345650E+01   -7.105988847313343E+01   -6.769685605184804E+01   -6.667757970414749E+01   -6.658499802021248E+01   -6.629122149576726E+01   -6.063288757306738E+01   -5.954299568517097E+01   -5.870039636415842E+01   -5.827433782994488E+01   -5.596898911718676E+01   -5.389392118875584E+01   -5.273471492680763E+01   -4.955649141936296E+01   -4.921302993342808E+01   -4.829225431807368E+01   -4.738857725119701E+01   -4.462196747740188E+01   -4.455419463454179E+01   -4.201800718661720E+01   -4.104527128319334E+01   -3.957639823026430E+01   -3.895125987044032E+01   -3.709156426168815E+01   -3.638253891558105E+01   -3.474315783452479E+01   -3.364839540711709E+01   -3.093018511579490E+01   -3.010275353983069E+01   -2.975185775353580E+01   -2.905691094270709E+01   -2.837224119656250E+01   -2.777254098581942E+01   -2.726364989212726E+01   -2.485213544727489E+01   -2.292599549318255E+01   -2.164156237739647E+01   -1.982484168829932E+01   -1.841526646192000E+01   -1.759038830411885E+01   -1.719688131699277E+01   -1.682503681146488E+01   -1.353346398477122E+01   -1.306451092502415E+01   -1.184970534478622E+01   -1.041338470563841E+01   -9.948047309145480E+00   -8.869693419543623E+00   -8.142696976031985E+00   -7.790581368288542E+00   -6.688544520646715E+00   -4.670074145748018E+00   -4.333236330597458E+00   -2.376931673817751E+00   -1.245994750067879E+00   -3.691700478830455E-01    7.799178261469422E-01    3.610455825892856E+00    4.351761116547593E+00    4.513725210548159E+00    4.788325024386907E+00    4.989127811779014E+00    8.496535258661751E+00    8.619216701706407E+00    1.031327303771985E+01    1.100485030962682E+01    1.219403977872373E+01    1.271944219899251E+01    1.325960184302059E+01    1.527676246227932E+01    1.674090854410682E+01    1.709462411911360E+01    1.784065021386324E+01    1.791843853242727E+01    2.234275502704898E+01    2.250979776936425E+01
    2.125207329364913E+00   -8.058301543801014E+01   -8.048560168227068E+01   -8.048231121486216E+01   -8.043673348933190E+01   -7.096650757147620E+01   -7.066348431961470E+01   -6.701632212997481E+01   -6.638097790883126E+01   -6.632820887595020E+01   -6.615928979826774E+01   -6.098715790913603E+01   -6.024589006095657E+01   -5.973823501095942E+01   -5.946777768166204E+01   -5.663030488836257E+01   -5.526071049778920E+01   -5.310190730530298E+01   -5.086704107304497E+01   -5.066759787273718E+01   -5.012699664767111E+01   -4.927404063279690E+01   -4.736677548466228E+01   -4.612865270285580E+01   -4.421332485156085E+01   -4.369757576954563E+01   -4.235621075999315E+01   -4.187752923985311E+01   -3.974654952161963E+01   -3.841039915032771E+01   -3.812241939542156E+01   -3.711167598440244E+01   -3.418053043005409E+01   -3.395885779547393E+01   -3.346517731801809E+01   -3.329201773906100E+01   -3.285000696312572E+01   -3.200818651513964E+01   -3.067930800817513E+01   -2.952011773380590E+01   -2.716675581852293E+01   -2.634024070713316E+01   -2.487133605610759E+01   -2.390550278003431E+01   -2.295350509208298E+01   -2.239989013080501E+01   -2.153523558872541E+01   -1.933511041375591E+01   -1.905378600361500E+01   -1.829634837285101E+01   -1.612318594080240E+01   -1.560960575122260E+01   -1.486671707691131E+01   -1.443177112220212E+01   -1.442285267085764E+01   -1.292163994193101E+01   -1.256166007706670E+01   -1.148614221147645E+01   -9.762738570553836E+00   -8.917164362705378E+00   -7.723138275329987E+00   -6.665458612381897E+00   -4.624536065672231E+00   -3.744749617444597E+00   -3.717583968354575E+00   -3.037464049117389E+00   -2.136198075217109E+00   -1.204471048820650E+00   -8.169679639385663E-01    1.134060264098309E+00    2.117308292219448E+00    2.984715630581960E+00    3.974343237388467E+00    4.756457991855086E+00    6.354274089393925E+00    6.786694527813367E+00    7.138342006946800E+00    7.767025716789860E+00    8.264662323688384E+00    1.097989580460663E+01    1.172267304663544E+01
    2.289084049752981E+00   -7.810725110445560E+01   -7.804773659092251E+01   -7.804610751109065E+01   -7.801791106158120E+01   -6.972715731131868E+01   -6.953490233457079E+01   -6.579998449855012E+01   -6.540984164997693E+01   -6.537909298141717E+01   -6.527941270300268E+01   -6.067910517695952E+01   -6.018364958220798E+01   -5.987704656279124E+01   -5.970038746456549E+01   -5.662919316806516E+01   -5.573932308047792E+01   -5.287914687507111E+01   -5.137802032081235E+01   -5.126231871481577E+01   -5.094146234362213E+01   -5.025510221574815E+01   -4.897264131150308E+01   -4.697007200960232E+01   -4.562052345038564E+01   -4.535524057823064E+01   -4.450131646810094E+01   -4.310129165186905E+01   -4.138336173083039E+01   -4.036015215138250E+01   -3.946507983917702E+01   -3.936899224314707E+01   -3.723797541887768E+01   -3.667614287700727E+01   -3.603843978276910E+01   -3.573464171559738E+01   -3.541379710185794E+01   -3.483238900240488E+01   -3.291672745716014E+01   -3.291573372032111E+01   -3.003214514143232E+01   -2.967586458731711E+01   -2.833558558475376E+01   -2.778714850220183E+01   -2.736103525886308E+01   -2.583280179472841E+01   -2.451999966845443E+01   -2.399189406527472E+01   -2.330012204228476E+01   -2.278048183434095E+01   -2.078037318194549E+01   -1.952775642931576E+01   -1.945948859270163E+01   -1.922959192281854E+01   -1.870806242912161E+01   -1.843166310834708E+01   -1.737175283810009E+01   -1.671529189732252E+01   -1.528447868181225E+01   -1.468944248215364E+01   -1.302640779646536E+01   -1.226213111154138E+01   -1.073481927720088E+01   -1.019833630404875E+01   -9.890477376219977E+00   -8.885724785913879E+00   -8.590242999010897E+00   -7.921093994014669E+00   -7.365494803769352E+00   -5.777118007651325E+00   -4.654919875208734E+00   -3.997202982931483E+00   -2.956963660068283E+00   -1.351214197883635E+00   -1.113995259053695E+00   -3.287062904954752E-01   -1.676561721839818E-01   -5.053362354658475E-03    9.851988904718354E-01    2.140231448554857E+00    3.640553535588708E+00
    2.457193543711982E+00   -7.521793058609164E+01   -7.518051081474673E+01   -7.517989418157661E+01   -7.516170876072727E+01   -6.798764299451830E+01   -6.786187988338853E+01   -6.418200105543811E+01   -6.394279689300150E+01   -6.392425355836986E+01   -6.386233148281154E+01   -5.983363043723588E+01   -5.950353522733337E+01   -5.931707310365896E+01   -5.919822831928335E+01   -5.613395860890834E+01   -5.555429563117499E+01   -5.224615506857165E+01   -5.126858951675980E+01   -5.120036921469909E+01   -5.100405518665487E+01   -5.053165526703663E+01   -4.967736755703980E+01   -4.729672103394359E+01   -4.638315680435456E+01   -4.624606983345444E+01   -4.569985866978895E+01   -4.364561816477385E+01   -4.223719761955582E+01   -4.172109984585502E+01   -4.071994488770452E+01   -3.986846154924991E+01   -3.922264250563123E+01   -3.886438776974295E+01   -3.734144593567555E+01   -3.719520273107471E+01   -3.704903803980317E+01   -3.660019822179878E+01   -3.528923763767241E+01   -3.435673129449403E+01   -3.207690431552155E+01   -3.200844423972458E+01   -3.067504400016563E+01   -3.046660224218973E+01   -3.027830045321864E+01   -2.821846038874742E+01   -2.750490059996727E+01   -2.646469683992584E+01   -2.636570287831928E+01   -2.586747246096102E+01   -2.429123897428509E+01   -2.291920371541698E+01   -2.274916248874794E+01   -2.264580800368201E+01   -2.225067863933371E+01   -2.178350516584844E+01   -2.050809576317268E+01   -2.049403593132138E+01   -1.944470594872898E+01   -1.894372842910113E+01   -1.679438568014488E+01   -1.643324181600963E+01   -1.523940948498577E+01   -1.516971782351196E+01   -1.449453378969274E+01   -1.414954125271163E+01   -1.325884382761060E+01   -1.320291989528587E+01   -1.125501660806540E+01   -1.105887662037894E+01   -9.795869295469203E+00   -9.252308978754542E+00   -8.316395869201344E+00   -6.953923061323650E+00   -6.137000423312500E+00   -6.022229482606136E+00   -5.877080382985540E+00   -5.086828505610896E+00   -4.647081477892826E+00   -4.481235423072633E+00   -2.500200202839025E+00
    2.629273328205021E+00   -7.204448493523151E+01   -7.201994916505085E+01   -7.201993243210401E+01   -7.200761087422022E+01   -6.588673374048227E+01   -6.580101324763166E+01   -6.228396969325974E+01   -6.213484896281244E+01   -6.212317067693213E+01   -6.208117838043660E+01   -5.855691715396927E+01   -5.833567066127775E+01   -5.822148553267459E+01   -5.813921195747376E+01   -5.527362463291905E+01   -5.488836727767253E+01   -5.132115741920359E+01   -5.069219496628365E+01   -5.065084003449073E+01   -5.052449797266705E+01   -5.024966747773487E+01   -4.967961664335843E+01   -4.723777044625832E+01   -4.662238068878753E+01   -4.654867677325642E+01   -4.619331363637951E+01   -4.375144403984024E+01   -4.249953394613681E+01   -4.241952197889853E+01   -4.138336187548007E+01   -4.041688680439335E+01   -4.012309605266329E+01   -3.977508248252691E+01   -3.813735318368148E+01   -3.804829590588258E+01   -3.790604942104606E+01   -3.758231202368921E+01   -3.685177710858425E+01   -3.527210224505773E+01   -3.360410674452168E+01   -3.357451114236775E+01   -3.259081237160427E+01   -3.231638265007385E+01   -3.161619718326099E+01   -2.996654910685327E+01   -2.983777113700751E+01   -2.855276260508388E+01   -2.803315591080721E+01   -2.766270480336753E+01   -2.687264532221837E+01   -2.587698647553672E+01   -2.531859432452319E+01   -2.493892276376145E+01   -2.430523300752519E+01   -2.400448597834262E+01   -2.317701616682712E+01   -2.270765714968928E+01   -2.258188069888199E+01   -2.197913677985731E+01   -1.956635946047115E+01   -1.952199570968094E+01   -1.886804513235759E+01   -1.853875899973940E+01   -1.827633245980300E+01   -1.784290080538058E+01   -1.724321393170602E+01   -1.637805654124004E+01   -1.515762065323824E+01   -1.409142662316238E+01   -1.363666396842062E+01   -1.320931208596129E+01   -1.246370364628680E+01   -1.139154245465163E+01   -1.065282204454579E+01   -1.014919745934009E+01   -9.855170457242650E+00   -9.514997392512200E+00   -8.919428111512815E+00   -8.552887825818971E+00   -7.161592630012677E+00
    2.805054721060710E+00   -6.869681194280014E+01   -6.868011120852805E+01   -6.867977635027250E+01   -6.867126007871400E+01   -6.354556454350802E+01   -6.348392598607875E+01   -6.021732741170821E+01   -6.011979408369356E+01   -6.011228604142136E+01   -6.008005069705347E+01   -5.694161558067280E+01   -5.679181976277592E+01   -5.672166221275610E+01   -5.666325773723052E+01   -5.415322283234713E+01   -5.388747403745494E+01   -5.018903203555999E+01   -4.978045638424658E+01   -4.975417140660712E+01   -4.966710541077251E+01   -4.952754193185059E+01   -4.914331542565866E+01   -4.686918594830256E+01   -4.644681016000874E+01   -4.640253147036533E+01   -4.616477457885095E+01   -4.355284105393412E+01   -4.262534280081501E+01   -4.231989435918864E+01   -4.151664621891513E+01   -4.087027367654984E+01   -4.066455499532035E+01   -3.947632259217438E+01   -3.866902543539284E+01   -3.829075848556275E+01   -3.820553115605973E+01   -3.798624325313115E+01   -3.778275343010467E+01   -3.582256159356822E+01   -3.464518221291871E+01   -3.459864142177460E+01   -3.397633222975902E+01   -3.331444875462515E+01   -3.235545387262313E+01   -3.155525033045338E+01   -3.093016086060218E+01   -3.005037623317525E+01   -2.956609217901490E+01   -2.884544674555440E+01   -2.822194643687419E+01   -2.809483410478466E+01   -2.699901017819797E+01   -2.639302554975357E+01   -2.576666427904053E+01   -2.557480959710332E+01   -2.503326529511581E+01   -2.492334524641809E+01   -2.426426012262348E+01   -2.406236188898870E+01   -2.200414641209814E+01   -2.162957984572761E+01   -2.145598875197694E+01   -2.128279291881200E+01   -2.095114600943841E+01   -2.018465163028081E+01   -2.013894412495799E+01   -1.872399127417495E+01   -1.832487636910341E+01   -1.651950903409700E+01   -1.619589805310468E+01   -1.614111521855921E+01   -1.564805995208467E+01   -1.472686692969579E+01   -1.396509310742370E+01   -1.384652482205941E+01   -1.331078642112796E+01   -1.227804388255782E+01   -1.187225075303880E+01   -1.158844935031114E+01   -1.094953527485750E+01
    2.984263260487904E+00   -6.526823881284007E+01   -6.525602468762779E+01   -6.525548255983747E+01   -6.524919847629472E+01   -6.107071058653601E+01   -6.102324668925020E+01   -5.808131042101674E+01   -5.801095291504367E+01   -5.800652917428560E+01   -5.797836926501921E+01   -5.507072753892503E+01   -5.496805949854421E+01   -5.492496304384308E+01   -5.488264270778239E+01   -5.285749221608836E+01   -5.266437040104086E+01   -4.891929071892563E+01   -4.864436240570969E+01   -4.862559844197033E+01   -4.856096791298633E+01   -4.846986340337168E+01   -4.820541204082794E+01   -4.624245532390327E+01   -4.594434432593138E+01   -4.591268614904997E+01   -4.574847302859570E+01   -4.313134236286594E+01   -4.247069302350174E+01   -4.181213958273774E+01   -4.124119440055003E+01   -4.081595951421652E+01   -4.066222640479598E+01   -3.899184577326847E+01   -3.885106880825638E+01   -3.823239599174181E+01   -3.818186525635495E+01   -3.812259809237278E+01   -3.797231888298589E+01   -3.608561366989348E+01   -3.525251951033823E+01   -3.521144258999772E+01   -3.480197344286478E+01   -3.380898134139537E+01   -3.282404764901307E+01   -3.238531496973609E+01   -3.166005124948766E+01   -3.101064313445345E+01   -3.063280763491954E+01   -3.011910215956016E+01   -2.961817892690404E+01   -2.857680660169862E+01   -2.817204033471499E+01   -2.723786786818189E+01   -2.675864275281731E+01   -2.668288071543008E+01   -2.658714175661282E+01   -2.626812129768464E+01   -2.544158019001547E+01   -2.538014438624786E+01   -2.385588538988731E+01   -2.342472274129245E+01   -2.328499055860118E+01   -2.320973933751313E+01   -2.274785934981101E+01   -2.231130032180656E+01   -2.165740844763624E+01   -2.071833835087593E+01   -2.049123199884306E+01   -1.873814207045852E+01   -1.845269984580574E+01   -1.824675210356860E+01   -1.745363963944344E+01   -1.719816828135716E+01   -1.689791545358424E+01   -1.633656298914674E+01   -1.569357950881945E+01   -1.442678452344922E+01   -1.418778574715490E+01   -1.406584192971619E+01   -1.387435181968782E+01
    3.166619133614746E+00   -6.183988465567568E+01   -6.182998966416400E+01   -6.182932202655779E+01   -6.182422018529331E+01   -5.855858078032961E+01   -5.851874590375288E+01   -5.595628098401625E+01   -5.589827790028649E+01   -5.589642798613022E+01   -5.586954590586311E+01   -5.302410112969766E+01   -5.295227650883270E+01   -5.292566888817476E+01   -5.289429493420950E+01   -5.145042396840762E+01   -5.130129558388175E+01   -4.757242839369501E+01   -4.737504397542586E+01   -4.735989806007512E+01   -4.730701359814649E+01   -4.717053585421093E+01   -4.698274099817091E+01   -4.539591427859234E+01   -4.518049837813867E+01   -4.515410686642142E+01   -4.503799554100554E+01   -4.254247211049793E+01   -4.205519465825667E+01   -4.106706240613538E+01   -4.066071272278089E+01   -4.038078607729398E+01   -4.026151592747142E+01   -3.875322164254352E+01   -3.839539042460154E+01   -3.830440563953298E+01   -3.782274633243939E+01   -3.778247211466098E+01   -3.766830620435109E+01   -3.609193901187462E+01   -3.550254664433761E+01   -3.547197308603363E+01   -3.519111414133678E+01   -3.394337476633087E+01   -3.314734977757376E+01   -3.260550933799485E+01   -3.211366109565393E+01   -3.155122351186448E+01   -3.133207561557015E+01   -3.096606395705037E+01   -3.061238384013054E+01   -2.897170503364708E+01   -2.871058009618036E+01   -2.785067758011501E+01   -2.768536527391232E+01   -2.738274213998758E+01   -2.729087985764060E+01   -2.704003508748901E+01   -2.633103097256949E+01   -2.617469466825904E+01   -2.512585918012105E+01   -2.491794236385861E+01   -2.449452733961246E+01   -2.440196669340319E+01   -2.409495110125656E+01   -2.378557369020690E+01   -2.283759461239688E+01   -2.235583454460902E+01   -2.185872940235303E+01   -2.047933733462764E+01   -2.017304738455522E+01   -2.014990697940636E+01   -1.921851661446981E+01   -1.902009165368683E+01   -1.846119923313691E+01   -1.800197767132510E+01   -1.750558912597828E+01   -1.652365918719597E+01   -1.609140196230734E+01   -1.589751911971146E+01   -1.565189713910128E+01
    3.351837613382898E+00   -5.848836551835468E+01   -5.847901653741715E+01   -5.847826734573164E+01   -5.847345556322663E+01   -5.610096633810647E+01   -5.606388695406274E+01   -5.389515685433363E+01   -5.384202926983047E+01   -5.384198472315589E+01   -5.381541039851508E+01   -5.088481425945146E+01   -5.083232737048517E+01   -5.081540828056314E+01   -5.079109938225638E+01   -4.997443398970149E+01   -4.985226758354829E+01   -4.619670950479983E+01   -4.604174485596930E+01   -4.602960973825198E+01   -4.598024305747226E+01   -4.571482919664768E+01   -4.557633787176724E+01   -4.435988615538317E+01   -4.420256836734596E+01   -4.417907042769302E+01   -4.409646306299502E+01   -4.182482500834369E+01   -4.145010844975360E+01   -4.016270418583444E+01   -3.986885089451749E+01   -3.968197464416676E+01   -3.958620635975460E+01   -3.843140553126076E+01   -3.809588270589360E+01   -3.774877961807667E+01   -3.731135257095910E+01   -3.727987240420375E+01   -3.718553245384368E+01   -3.584084941389423E+01   -3.543158128128760E+01   -3.541257790279125E+01   -3.521420245667340E+01   -3.383739977326822E+01   -3.321859507830354E+01   -3.252666212824873E+01   -3.233775962195887E+01   -3.176340141774434E+01   -3.173193781334077E+01   -3.146319582715832E+01   -3.120412980083686E+01   -2.946692500111450E+01   -2.873591098313209E+01   -2.864139095985745E+01   -2.789648709349381E+01   -2.773182011773660E+01   -2.766273546495233E+01   -2.747563345466218E+01   -2.689869954515673E+01   -2.672091542388235E+01   -2.593618536040127E+01   -2.588640081069278E+01   -2.528032874406678E+01   -2.515442260024663E+01   -2.509068703491905E+01   -2.472843449491730E+01   -2.402991936142925E+01   -2.320593836687500E+01   -2.292410201952008E+01   -2.184576094366899E+01   -2.165439480847368E+01   -2.139933828731137E+01   -2.096284058031161E+01   -2.037544140257302E+01   -1.921799859638826E+01   -1.919072160196258E+01   -1.888428124729726E+01   -1.831284379656094E+01   -1.736824279814868E+01   -1.731904127413701E+01   -1.728163417727727E+01
    3.539629503114756E+00   -5.530434390138446E+01   -5.529303360671608E+01   -5.529220755002899E+01   -5.528640035057771E+01   -5.379023599597673E+01   -5.375166113887436E+01   -5.191096367500577E+01   -5.186126842392157E+01   -5.186041692179784E+01   -5.183519547111472E+01   -4.874007646385627E+01   -4.869907510610689E+01   -4.868677697083374E+01   -4.866619904211156E+01   -4.845030401825355E+01   -4.834572610287421E+01   -4.481723209086854E+01   -4.468457717495380E+01   -4.467536595160286E+01   -4.462533241373401E+01   -4.418161764579136E+01   -4.407344156518423E+01   -4.316578666352660E+01   -4.305043805284654E+01   -4.302967311631949E+01   -4.297118030774125E+01   -4.100244821534642E+01   -4.070208529430728E+01   -3.916848546352702E+01   -3.894979388110301E+01   -3.882056924815770E+01   -3.874110068144935E+01   -3.793386279556277E+01   -3.767497379695259E+01   -3.711336095995922E+01   -3.674588428326462E+01   -3.671793429977860E+01   -3.663005149688563E+01   -3.531451607763509E+01   -3.504122513346863E+01   -3.503345737478223E+01   -3.489378965240280E+01   -3.358381003716687E+01   -3.307820902551608E+01   -3.237039932399800E+01   -3.228378530774025E+01   -3.189122708430051E+01   -3.172284225576505E+01   -3.168787145107002E+01   -3.149102800525426E+01   -2.968346854169594E+01   -2.907527647411137E+01   -2.873290885250508E+01   -2.798157503673868E+01   -2.785970812437259E+01   -2.784674984815707E+01   -2.768859601833410E+01   -2.723404472978987E+01   -2.706372630093964E+01   -2.658727123695834E+01   -2.621729040855209E+01   -2.581813281408222E+01   -2.568163587090071E+01   -2.555692957945997E+01   -2.525350632191858E+01   -2.496743246883413E+01   -2.374100509140654E+01   -2.372168080136393E+01   -2.287907460709609E+01   -2.274943827320946E+01   -2.230049429386696E+01   -2.223938886350296E+01   -2.138501256838061E+01   -2.019581151865989E+01   -2.009380138846604E+01   -1.968855930933186E+01   -1.946418533468585E+01   -1.871927369080358E+01   -1.842257216280338E+01   -1.838949874921264E+01
    3.729701588059499E+00   -5.244507448396149E+01   -5.242587920287853E+01   -5.242478908586236E+01   -5.241494863255696E+01   -5.171785199284260E+01   -5.167390148148690E+01   -4.993261177371078E+01   -4.988870762270885E+01   -4.988756882896971E+01   -4.986510803334415E+01   -4.688980596605219E+01   -4.679451840575653E+01   -4.667787666583942E+01   -4.663566559583707E+01   -4.663093479125979E+01   -4.661093837395205E+01   -4.342896574037212E+01   -4.331000213377636E+01   -4.330366462588978E+01   -4.325263542180370E+01   -4.263941402335143E+01   -4.254770391078202E+01   -4.185288043606225E+01   -4.176674033943824E+01   -4.174892405029776E+01   -4.170710986201087E+01   -4.008681744626316E+01   -3.983782338835181E+01   -3.814382279255813E+01   -3.797527193377825E+01   -3.787939287915376E+01   -3.781154265955357E+01   -3.730373889744841E+01   -3.709849331717236E+01   -3.651207536935891E+01   -3.618757703383061E+01   -3.616148248575469E+01   -3.607501453823983E+01   -3.452477514193347E+01   -3.434475363801825E+01   -3.434408479556181E+01   -3.424746197199524E+01   -3.324082278509280E+01   -3.280406050708702E+01   -3.224910839595606E+01   -3.197133668435821E+01   -3.184201961806558E+01   -3.170413080245310E+01   -3.154903537739157E+01   -3.151849975366236E+01   -2.962213790654019E+01   -2.917801276064041E+01   -2.874648272902247E+01   -2.806372493846379E+01   -2.797079279320084E+01   -2.780142018356644E+01   -2.775058879301707E+01   -2.732314249528363E+01   -2.717865510793214E+01   -2.689827457692133E+01   -2.630410861744749E+01   -2.626016786023527E+01   -2.582717230131561E+01   -2.571592904486131E+01   -2.562441417441318E+01   -2.548552277682973E+01   -2.424626956173713E+01   -2.412919325888499E+01   -2.359205164633708E+01   -2.349336218062307E+01   -2.311486744269850E+01   -2.294541053489665E+01   -2.211003678870973E+01   -2.112241761579577E+01   -2.096145012536872E+01   -2.021375130260131E+01   -2.011428922475218E+01   -1.978950638107998E+01   -1.936360899946620E+01   -1.920717613534964E+01
    3.921757093212936E+00   -5.018189762039743E+01   -5.014716825353116E+01   -5.014392389705885E+01   -5.012527149648085E+01   -4.995435041819189E+01   -4.990312496702795E+01   -4.776148021224084E+01   -4.772974314320128E+01   -4.772849957183038E+01   -4.771207903533254E+01   -4.530181166349351E+01   -4.521247238182342E+01   -4.478045010638317E+01   -4.473555673432078E+01   -4.473180164298240E+01   -4.470936887330438E+01   -4.201179872428066E+01   -4.190523023697581E+01   -4.190155462038823E+01   -4.185145602622536E+01   -4.114152612175526E+01   -4.105584746894391E+01   -4.046063800148960E+01   -4.039323645571427E+01   -4.037824597272489E+01   -4.034676622226633E+01   -3.908346651510095E+01   -3.887258948433573E+01   -3.713374029211509E+01   -3.700008688855200E+01   -3.692021894057946E+01   -3.686101123904461E+01   -3.657849910897522E+01   -3.641278014400012E+01   -3.591301565803237E+01   -3.562344221029842E+01   -3.559957031414770E+01   -3.551714801510941E+01   -3.353536951238114E+01   -3.341547079906798E+01   -3.341005538934500E+01   -3.334553347123020E+01   -3.283552039765751E+01   -3.244572447544331E+01   -3.200902627871614E+01   -3.172461174349857E+01   -3.156374536000564E+01   -3.156093818375412E+01   -3.143723087799546E+01   -3.123840146712266E+01   -2.928801469665793E+01   -2.896715688306166E+01   -2.874742600802809E+01   -2.813845613436574E+01   -2.807425814161970E+01   -2.789808545788845E+01   -2.749421231785718E+01   -2.719296933634845E+01   -2.706303471823640E+01   -2.689154534525946E+01   -2.660317706169022E+01   -2.618552701145873E+01   -2.606796927739924E+01   -2.581419111998876E+01   -2.574614223925829E+01   -2.555215762989478E+01   -2.446971645291994E+01   -2.442638246005927E+01   -2.397854277836365E+01   -2.389300241059498E+01   -2.361763337143999E+01   -2.341641233484366E+01   -2.258153562359365E+01   -2.181660652908493E+01   -2.165744420926026E+01   -2.080505081263953E+01   -2.079096922793877E+01   -2.035706282891812E+01   -2.004218792013030E+01   -2.003983778923234E+01
    4.115496146696281E+00   -4.858349041847601E+01   -4.855421301988225E+01   -4.852978519877399E+01   -4.850654658278215E+01   -4.850315568594397E+01   -4.846126081249250E+01   -4.539366537233970E+01   -4.536826899647367E+01   -4.536687387006106E+01   -4.535375901787337E+01   -4.374771247103888E+01   -4.365793539760308E+01   -4.310243981743990E+01   -4.304956708907107E+01   -4.304715551248550E+01   -4.302046664618190E+01   -4.056015498949837E+01   -4.046670743988299E+01   -4.046545558038486E+01   -4.041823169370744E+01   -3.971421697117361E+01   -3.962753335457774E+01   -3.902277180054244E+01   -3.896528371623727E+01   -3.895289910700624E+01   -3.892619738315106E+01   -3.800876631765077E+01   -3.782707315473338E+01   -3.616533244206516E+01   -3.605812203495282E+01   -3.598225255243060E+01   -3.592949411255321E+01   -3.578839682712055E+01   -3.565393377841190E+01   -3.527312578617457E+01   -3.501289613871191E+01   -3.499145684113151E+01   -3.491610013326228E+01   -3.241953947465120E+01   -3.238073458046226E+01   -3.233205291157870E+01   -3.232693233014852E+01   -3.228165427020511E+01   -3.202424709056397E+01   -3.167938051161019E+01   -3.143972183298063E+01   -3.130673053360178E+01   -3.121070791006562E+01   -3.119999864391823E+01   -3.093301938315442E+01   -2.872714552804763E+01   -2.869246417394217E+01   -2.849170030676693E+01   -2.815711084791339E+01   -2.810862192900127E+01   -2.794851772526231E+01   -2.718044756366157E+01   -2.698537569732103E+01   -2.680884614268321E+01   -2.671505576166393E+01   -2.668902697706261E+01   -2.631995692225198E+01   -2.607987778679654E+01   -2.576010621311774E+01   -2.572265619923873E+01   -2.554729272579891E+01   -2.466182906944577E+01   -2.439061846381608E+01   -2.403579048783043E+01   -2.395877070815236E+01   -2.377739240275728E+01   -2.376504892133800E+01   -2.283175339010880E+01   -2.224696202566279E+01   -2.219920727818350E+01   -2.146440671172292E+01   -2.139833814004243E+01   -2.087645129356899E+01   -2.073485883940010E+01   -2.044685733611931E+01
    4.310616247970375E+00   -4.741886691397024E+01   -4.741226049178884E+01   -4.735559446966287E+01   -4.735137411707097E+01   -4.732409281219453E+01   -4.731761816759298E+01   -4.314679804109511E+01   -4.311247187421865E+01   -4.311061413302490E+01   -4.309308073059387E+01   -4.232233575668049E+01   -4.222537240290642E+01   -4.162120222929148E+01   -4.156638742814616E+01   -4.156439055005175E+01   -4.153627383287603E+01   -3.909557606454241E+01   -3.901414791789008E+01   -3.901320885243073E+01   -3.896993385009608E+01   -3.834928594132637E+01   -3.825858062766059E+01   -3.758711994510376E+01   -3.753008753623360E+01   -3.752007925911385E+01   -3.749261630832257E+01   -3.691031485969673E+01   -3.674806209075058E+01   -3.524744601478820E+01   -3.515825773361884E+01   -3.508416000389906E+01   -3.503466622595472E+01   -3.495635488546482E+01   -3.484595505428210E+01   -3.455465303785262E+01   -3.432240186494957E+01   -3.430356940467318E+01   -3.423691225149381E+01   -3.187307323973199E+01   -3.154868689368114E+01   -3.131343757725391E+01   -3.120700804074905E+01   -3.119378885247349E+01   -3.117428949988318E+01   -3.114288010039260E+01   -3.105811934838350E+01   -3.094921785855174E+01   -3.085634954341612E+01   -3.083712389071448E+01   -3.060113918694329E+01   -2.856132522008210E+01   -2.809094746063100E+01   -2.806642416698411E+01   -2.800379527120410E+01   -2.791144378693952E+01   -2.783659624569789E+01   -2.689664540008798E+01   -2.689273948588018E+01   -2.658756229824233E+01   -2.653333626593309E+01   -2.643344644958168E+01   -2.642390143707449E+01   -2.588936989384909E+01   -2.562554056987799E+01   -2.561074549869982E+01   -2.546093801771962E+01   -2.483838640057139E+01   -2.408990183182473E+01   -2.405591077120879E+01   -2.383055787683676E+01   -2.376243198797896E+01   -2.362475473043661E+01   -2.291135762027051E+01   -2.260562050629508E+01   -2.245314865334151E+01   -2.196618907911915E+01   -2.190926996637529E+01   -2.150533815842058E+01   -2.113422648814925E+01   -2.076591497563056E+01
    4.506812740154251E+00   -4.652913920267183E+01   -4.652798082342407E+01   -4.645939956324544E+01   -4.645863808405191E+01   -4.642460849258141E+01   -4.642355025644826E+01   -4.136707075701921E+01   -4.130419683139407E+01   -4.129598819962001E+01   -4.126104680205700E+01   -4.110385022914880E+01   -4.099895441753985E+01   -4.016748242341153E+01   -4.013460582450501E+01   -4.013036179274987E+01   -4.011302119521299E+01   -3.764576508419190E+01   -3.757122326556967E+01   -3.756823463735945E+01   -3.752748166711667E+01   -3.703399388243460E+01   -3.693748201752091E+01   -3.624650266930183E+01   -3.617846300798456E+01   -3.616914722743890E+01   -3.613469751616354E+01   -3.586318390153765E+01   -3.570939240605793E+01   -3.437100365431247E+01   -3.428488981325120E+01   -3.422539451966951E+01   -3.417388402188210E+01   -3.409251177792302E+01   -3.399606317042603E+01   -3.370976844014032E+01   -3.351360057769637E+01   -3.349799645840874E+01   -3.344131738570243E+01   -3.132222096078113E+01   -3.102290060426149E+01   -3.084971556872067E+01   -3.067759913897510E+01   -3.057738117233592E+01   -3.050186208419762E+01   -3.043696846190976E+01   -3.022925229284938E+01   -3.001509528046880E+01   -2.995019013920924E+01   -2.994479869562910E+01   -2.990953952824117E+01   -2.834542528455655E+01   -2.793270173314826E+01   -2.790172255172390E+01   -2.777674466890027E+01   -2.724505877259827E+01   -2.709430779281832E+01   -2.680023320244392E+01   -2.668819907821925E+01   -2.645735249517853E+01   -2.636233765588199E+01   -2.633301919230847E+01   -2.623121633679917E+01   -2.554047547363633E+01   -2.533239979700408E+01   -2.532607236912268E+01   -2.521060118744261E+01   -2.494447241084267E+01   -2.424985886478175E+01   -2.368046785671382E+01   -2.348141668657963E+01   -2.341376275623719E+01   -2.330988181116967E+01   -2.288522688101015E+01   -2.288430056778549E+01   -2.250791040667519E+01   -2.230828529394907E+01   -2.229023433498181E+01   -2.196121375845498E+01   -2.148220216177626E+01   -2.106013384887189E+01
    4.703779285710590E+00   -4.583683575302929E+01   -4.583664346341146E+01   -4.576230002768516E+01   -4.576217290049296E+01   -4.572507114111165E+01   -4.572489678641181E+01   -4.020483012399896E+01   -4.016892458918536E+01   -4.010164078049371E+01   -4.007838535333014E+01   -4.004943266113116E+01   -4.000370162268511E+01   -3.865741312873148E+01   -3.864242174029707E+01   -3.863403335630268E+01   -3.862923911538157E+01   -3.624320543324581E+01   -3.616684041521560E+01   -3.616040313627268E+01   -3.611684934950244E+01   -3.579906000344533E+01   -3.569295351957413E+01   -3.512285197369140E+01   -3.504270189272155E+01   -3.502188790318115E+01   -3.497497408097740E+01   -3.493191472457529E+01   -3.478485537370332E+01   -3.350206015483215E+01   -3.341178308267121E+01   -3.337471782464526E+01   -3.332159713000026E+01   -3.317743269515456E+01   -3.309069607269554E+01   -3.269701300305645E+01   -3.254226220518638E+01   -3.253035854334809E+01   -3.248442210793834E+01   -3.073423528886888E+01   -3.045750188613155E+01   -3.037139131052542E+01   -3.021608579330459E+01   -3.012562693514288E+01   -3.005605473136714E+01   -2.999023622433319E+01   -2.980794023535563E+01   -2.883247071852058E+01   -2.875973203580437E+01   -2.875965316372965E+01   -2.872293851348176E+01   -2.802312193473102E+01   -2.767651722378217E+01   -2.765062671184099E+01   -2.754091079769386E+01   -2.673860767224166E+01   -2.650760502677485E+01   -2.647228304639041E+01   -2.636048147413071E+01   -2.623855877338584E+01   -2.618228866263805E+01   -2.616245678533841E+01   -2.607893508944934E+01   -2.507364385737856E+01   -2.497196249167848E+01   -2.490142140723192E+01   -2.489528154081205E+01   -2.480384765804557E+01   -2.435267807167197E+01   -2.332041045653320E+01   -2.313220650806457E+01   -2.301666967234524E+01   -2.297061690810440E+01   -2.292901368607932E+01   -2.279358531930331E+01   -2.252319192930185E+01   -2.252155760161002E+01   -2.244317761906759E+01   -2.225457367114037E+01   -2.169683129909809E+01   -2.131816239229862E+01
    4.901208344755342E+00   -4.529468325638879E+01   -4.529465218100301E+01   -4.521646895895732E+01   -4.521644838712169E+01   -4.517737057212577E+01   -4.517734231291223E+01   -3.940824279144174E+01   -3.940068040011509E+01   -3.928997307089853E+01   -3.928500079597552E+01   -3.922959559756457E+01   -3.922188652605745E+01   -3.732389713152455E+01   -3.731114945023002E+01   -3.729969469989581E+01   -3.729870056479039E+01   -3.497682406274394E+01   -3.489573636503556E+01   -3.487522151181128E+01   -3.482064648726437E+01   -3.470784814801832E+01   -3.459420650308085E+01   -3.427034357782663E+01   -3.422386391546367E+01   -3.414381756862621E+01   -3.412169864254754E+01   -3.408466324778760E+01   -3.401552906721405E+01   -3.257331917212876E+01   -3.249169833662138E+01   -3.246770581921251E+01   -3.242163659003890E+01   -3.218544677297045E+01   -3.211210004725281E+01   -3.155597847174801E+01   -3.142670371836330E+01   -3.141752471120423E+01   -3.137931777683398E+01   -3.012853132871185E+01   -2.987324129551644E+01   -2.986992066717313E+01   -2.972146534890212E+01   -2.964471572069930E+01   -2.958065292660627E+01   -2.951061950261134E+01   -2.934433612070760E+01   -2.789992214975635E+01   -2.768938353306238E+01   -2.767475493415857E+01   -2.762420482595648E+01   -2.740786080390091E+01   -2.724796111170861E+01   -2.723825427067187E+01   -2.715043303621441E+01   -2.651389129682989E+01   -2.628625187362101E+01   -2.624824267940921E+01   -2.604142025867131E+01   -2.600433992817606E+01   -2.590641668852335E+01   -2.558604218152385E+01   -2.545023979998344E+01   -2.491726413711081E+01   -2.455984045130095E+01   -2.440767635326010E+01   -2.439902082977810E+01   -2.436232121609221E+01   -2.432003174614331E+01   -2.329045075987111E+01   -2.303138438368430E+01   -2.285483757643985E+01   -2.268809230805450E+01   -2.264329436583393E+01   -2.262735120405381E+01   -2.243529097714899E+01   -2.240574552460874E+01   -2.239185743582557E+01   -2.226005646283993E+01   -2.172134206284703E+01   -2.150600646777016E+01
    5.098791655244658E+00   -4.486895949191859E+01   -4.486895454714696E+01   -4.478789135619182E+01   -4.478788807719022E+01   -4.474734259417899E+01   -4.474733807687669E+01   -3.881320689371818E+01   -3.881171434733838E+01   -3.868583652600636E+01   -3.868482565538373E+01   -3.862056394857184E+01   -3.861910059997931E+01   -3.624316503451752E+01   -3.622950802193090E+01   -3.621610087393054E+01   -3.621590864749319E+01   -3.396975154524684E+01   -3.391959223057033E+01   -3.384346442295576E+01   -3.378562084638572E+01   -3.376808021594577E+01   -3.369610275885409E+01   -3.363596881863860E+01   -3.361750146026926E+01   -3.349309628782188E+01   -3.348219414482497E+01   -3.342713059050195E+01   -3.339984063171397E+01   -3.153436005801363E+01   -3.147236416545768E+01   -3.145180955127746E+01   -3.141892264078771E+01   -3.113761287655870E+01   -3.107657267411957E+01   -3.041948901754028E+01   -3.028760014582531E+01   -3.027976261229193E+01   -3.024165714584187E+01   -2.953602127308102E+01   -2.935608330703854E+01   -2.930309977706318E+01   -2.920342502018219E+01   -2.914600577597734E+01   -2.908587664831173E+01   -2.900963081710000E+01   -2.885006229263571E+01   -2.734540128064760E+01   -2.705401126019260E+01   -2.703225693685956E+01   -2.695176506476317E+01   -2.650284540084561E+01   -2.643198416665353E+01   -2.636850878266581E+01   -2.633063266658385E+01   -2.621867075630663E+01   -2.601418585952063E+01   -2.590121506183764E+01   -2.573794822113560E+01   -2.571255950568143E+01   -2.563220382479062E+01   -2.490059166081316E+01   -2.474053494981174E+01   -2.470551218108720E+01   -2.428740144554956E+01   -2.404182926911161E+01   -2.389469708494188E+01   -2.388869946247743E+01   -2.381567425518637E+01   -2.330677134990973E+01   -2.304476032811757E+01   -2.289540083060951E+01   -2.271582740857251E+01   -2.264027978221266E+01   -2.243602529664398E+01   -2.222819983461185E+01   -2.201173004907322E+01   -2.199957701436172E+01   -2.191099439913975E+01   -2.156637444110016E+01   -2.155640819941338E+01
    5.296220714289410E+00   -4.453414105451790E+01   -4.453414027347451E+01   -4.445084802557400E+01   -4.445084749266552E+01   -4.440916845909894E+01   -4.440916773813088E+01   -3.835499563088037E+01   -3.835470131851051E+01   -3.822111900307244E+01   -3.822091743976409E+01   -3.815234420117404E+01   -3.815205541890359E+01   -3.537818157828799E+01   -3.536332870071770E+01   -3.534852591508106E+01   -3.534848805848970E+01   -3.326203704942262E+01   -3.325567423297683E+01   -3.316803807450440E+01   -3.314461651148859E+01   -3.307968033626371E+01   -3.307364678482591E+01   -3.301819929190279E+01   -3.301058634163854E+01   -3.297942846557076E+01   -3.297040294292872E+01   -3.291281418538884E+01   -3.289127034951174E+01   -3.044334840374654E+01   -3.039566709846011E+01   -3.037330062679003E+01   -3.035124270544767E+01   -3.010021713535605E+01   -3.004400652996084E+01   -2.943597703195073E+01   -2.927467820667324E+01   -2.927101302895590E+01   -2.921781689264344E+01   -2.898312203390413E+01   -2.883260601637889E+01   -2.876875626394778E+01   -2.868322835634600E+01   -2.863935938428916E+01   -2.858131604377889E+01   -2.850392690376897E+01   -2.834417612934680E+01   -2.676511655966718E+01   -2.651391317866623E+01   -2.649654911239133E+01   -2.641848639353622E+01   -2.597593519130575E+01   -2.594574476211181E+01   -2.575938035301731E+01   -2.572252894356586E+01   -2.570361568374504E+01   -2.564983400535593E+01   -2.506515880640209E+01   -2.500851408794493E+01   -2.499975805279858E+01   -2.496762303165596E+01   -2.463155878237741E+01   -2.419262046805981E+01   -2.413335634658369E+01   -2.399236412192878E+01   -2.353935141496282E+01   -2.339475222544108E+01   -2.338936133860209E+01   -2.331940535761105E+01   -2.327149069037294E+01   -2.302948169579793E+01   -2.289718279810965E+01   -2.273679355890252E+01   -2.263940697136656E+01   -2.244264323622232E+01   -2.200963287128634E+01   -2.167811799274154E+01   -2.165470326395752E+01   -2.157623580860473E+01   -2.138631419702896E+01   -2.128107587914536E+01
    5.493187259845749E+00   -4.427049851649319E+01   -4.427049838664873E+01   -4.418546537181940E+01   -4.418546521507512E+01   -4.414290130451185E+01   -4.414290116043596E+01   -3.799796995578271E+01   -3.799791166759551E+01   -3.785917045352923E+01   -3.785913023044729E+01   -3.778773900100386E+01   -3.778768131468230E+01   -3.468310132670306E+01   -3.466720929508772E+01   -3.465133144185667E+01   -3.465131844343198E+01   -3.284954649149103E+01   -3.284942153347656E+01   -3.271086715802804E+01   -3.270708993430060E+01   -3.262513672371065E+01   -3.262074885234586E+01   -3.259195597806684E+01   -3.259188517607324E+01   -3.248385816281437E+01   -3.247954380181599E+01   -3.240376634726422E+01   -3.239563693364742E+01   -2.941971252098859E+01   -2.937645122592953E+01   -2.934744120058760E+01   -2.933100016126879E+01   -2.915086245537577E+01   -2.908696446114407E+01   -2.871220057996292E+01   -2.856467759132242E+01   -2.852282074656994E+01   -2.844528533735248E+01   -2.843465523648024E+01   -2.827458501112089E+01   -2.826532148496142E+01   -2.816645605575171E+01   -2.811834663346766E+01   -2.805504515346953E+01   -2.801097564424030E+01   -2.785224543830619E+01   -2.610294747872724E+01   -2.590462493826378E+01   -2.589781393119296E+01   -2.581358163835880E+01   -2.559494740543134E+01   -2.551667747206555E+01   -2.540612245471226E+01   -2.532280473280166E+01   -2.532136726530661E+01   -2.524163698278343E+01   -2.438570307514152E+01   -2.410282868471711E+01   -2.404983434346926E+01   -2.404121876185965E+01   -2.401417583713701E+01   -2.396462756637499E+01   -2.357221359403131E+01   -2.342467065782136E+01   -2.318313916406136E+01   -2.303779855853874E+01   -2.296651938528857E+01   -2.290044124324174E+01   -2.289689643954278E+01   -2.283974027990757E+01   -2.283202621445768E+01   -2.270181903358603E+01   -2.260311767793899E+01   -2.241915915606597E+01   -2.193106704163744E+01   -2.155211140888698E+01   -2.152075105182127E+01   -2.143309815120667E+01   -2.100742772476499E+01   -2.093150564992591E+01
    5.689383752029625E+00   -4.406265510782767E+01   -4.406265505759200E+01   -4.397625693782928E+01   -4.397625679608754E+01   -4.393299900550684E+01   -4.393299890959413E+01   -3.771798731687814E+01   -3.771797569885362E+01   -3.757538007729991E+01   -3.757537200188017E+01   -3.750188857055459E+01   -3.750187695596878E+01   -3.412213658412063E+01   -3.410539301095848E+01   -3.408865853507059E+01   -3.408864572359231E+01   -3.256624050901653E+01   -3.256616585097449E+01   -3.240081948497997E+01   -3.240049502244669E+01   -3.230055735391798E+01   -3.230049957939018E+01   -3.224517219999743E+01   -3.224340681278639E+01   -3.207518807576799E+01   -3.207391450484720E+01   -3.198663748874444E+01   -3.198452575735592E+01   -2.855879332929291E+01   -2.851450366832434E+01   -2.846130546884258E+01   -2.844444735555767E+01   -2.837658913995348E+01   -2.827490945917980E+01   -2.820722987205731E+01   -2.806794394177673E+01   -2.802060141617926E+01   -2.797467036021570E+01   -2.791592445288775E+01   -2.782331879979696E+01   -2.774155290803013E+01   -2.764768096625009E+01   -2.759387536974842E+01   -2.753905158034725E+01   -2.751668160171098E+01   -2.739787056386981E+01   -2.545059129712858E+01   -2.532666788235026E+01   -2.528579274456337E+01   -2.519074532021958E+01   -2.514171312816582E+01   -2.501323300208464E+01   -2.500263979980844E+01   -2.485658952874158E+01   -2.485142977755050E+01   -2.477851500672335E+01   -2.410875845885439E+01   -2.371957572560014E+01   -2.332573241183047E+01   -2.325014114374111E+01   -2.322338986133605E+01   -2.317660082292516E+01   -2.309381636906188E+01   -2.303387422830335E+01   -2.294688120259489E+01   -2.284477426199348E+01   -2.273043725964075E+01   -2.261128878207065E+01   -2.252355906313217E+01   -2.245163973123720E+01   -2.235603499253337E+01   -2.235059659845210E+01   -2.234384487687285E+01   -2.229485083607459E+01   -2.184065681249561E+01   -2.147983478744606E+01   -2.144889135872481E+01   -2.136243838191402E+01   -2.057495515221537E+01   -2.051999638703587E+01
    5.884503853303719E+00   -4.389858465840398E+01   -4.389858460938594E+01   -4.381111226014360E+01   -4.381111211215202E+01   -4.376730829335752E+01   -4.376730819447816E+01   -3.749737823316794E+01   -3.749737589660378E+01   -3.735179088776889E+01   -3.735178923909695E+01   -3.727668358630890E+01   -3.727668122287270E+01   -3.366813312822643E+01   -3.365069767016991E+01   -3.363327103238139E+01   -3.363325529161847E+01   -3.234923728599617E+01   -3.234921195854954E+01   -3.217438712320429E+01   -3.217433348629731E+01   -3.207679931575203E+01   -3.207677732346070E+01   -3.193847722755548E+01   -3.193799041016335E+01   -3.175741545105643E+01   -3.175706844991566E+01   -3.166365787355182E+01   -3.166310209828690E+01   -2.799732873098426E+01   -2.798527378401317E+01   -2.780749387556182E+01   -2.779384822068141E+01   -2.774578422533835E+01   -2.770038554028191E+01   -2.768768073881493E+01   -2.759655261676448E+01   -2.756946620618479E+01   -2.751971376186966E+01   -2.750305411509416E+01   -2.737686467802320E+01   -2.730513841777586E+01   -2.721560039196864E+01   -2.714088443654352E+01   -2.710859454204826E+01   -2.705242153789276E+01   -2.699529145778481E+01   -2.490774308112620E+01   -2.484341755791914E+01   -2.472731982433587E+01   -2.466216680705699E+01   -2.464647825783917E+01   -2.458061497238858E+01   -2.442240438405753E+01   -2.427201191709839E+01   -2.426113408285253E+01   -2.420586720113845E+01   -2.381293495505862E+01   -2.345291146786015E+01   -2.289574138641188E+01   -2.282323541192177E+01   -2.279799021750585E+01   -2.269200536103036E+01   -2.268719085443012E+01   -2.263124624404717E+01   -2.263073226453454E+01   -2.257080705704227E+01   -2.255775873198192E+01   -2.245840325988879E+01   -2.239633770178980E+01   -2.223831847742746E+01   -2.177834169509628E+01   -2.168597599551528E+01   -2.167378865371579E+01   -2.162562023752677E+01   -2.161892740818577E+01   -2.136125721060695E+01   -2.133395969383569E+01   -2.125641398505070E+01   -2.046483518074195E+01   -2.019870303768296E+01
    6.078242906787064E+00   -4.376886805397654E+01   -4.376886800287044E+01   -4.368054720729494E+01   -4.368054705283575E+01   -4.363631202337324E+01   -4.363631192019396E+01   -3.732281986998516E+01   -3.732281939006349E+01   -3.717488022216727E+01   -3.717487981588037E+01   -3.709849513486766E+01   -3.709849462601417E+01   -3.329998999333739E+01   -3.328199296870545E+01   -3.326400476313911E+01   -3.326398522109984E+01   -3.218032190731979E+01   -3.218031456349557E+01   -3.199987798132140E+01   -3.199986648030748E+01   -3.190251412791578E+01   -3.190250737124744E+01   -3.169650872323660E+01   -3.169637933716391E+01   -3.150860153535425E+01   -3.150850833673129E+01   -3.141116662461624E+01   -3.141101893079562E+01   -2.769848934333056E+01   -2.769618789519430E+01   -2.746102679822483E+01   -2.745798175178429E+01   -2.734092240110865E+01   -2.733646633525675E+01   -2.715159170318255E+01   -2.710169165681234E+01   -2.709630283681719E+01   -2.706768841306295E+01   -2.703347438524644E+01   -2.694916174201705E+01   -2.689166429710724E+01   -2.682825141677052E+01   -2.677736872657840E+01   -2.674731972090457E+01   -2.667999495972264E+01   -2.665120782786599E+01   -2.443371570122112E+01   -2.439492381063790E+01   -2.423908568264793E+01   -2.420248964832304E+01   -2.416135967903515E+01   -2.413110962337420E+01   -2.386027701026541E+01   -2.369075811176392E+01   -2.368219540142715E+01   -2.362924907375561E+01   -2.350396405115885E+01   -2.317562254003361E+01   -2.265066185547719E+01   -2.257325884432243E+01   -2.249858546676739E+01   -2.244850328819604E+01   -2.240464226198153E+01   -2.234621428805984E+01   -2.234340190160791E+01   -2.230642389333737E+01   -2.230286764967565E+01   -2.221710899366223E+01   -2.221501654127752E+01   -2.207616054394490E+01   -2.152795817756511E+01   -2.122992421482502E+01   -2.120365740955762E+01   -2.112658766198395E+01   -2.097535724627455E+01   -2.093135690332157E+01   -2.090899602058171E+01   -2.089310308979421E+01   -2.045711195108635E+01   -2.010704946940374E+01
    6.270298411940501E+00   -4.366612467530688E+01   -4.366612462214586E+01   -4.357713093344037E+01   -4.357713077276954E+01   -4.353255384804995E+01   -4.353255374072163E+01   -3.718413043909026E+01   -3.718413031500070E+01   -3.703432023752666E+01   -3.703431998629975E+01   -3.695691728684211E+01   -3.695691709446456E+01   -3.300100816492940E+01   -3.298255623867580E+01   -3.296411150961037E+01   -3.296408705367385E+01   -3.204796888170649E+01   -3.204796686141664E+01   -3.186361888208345E+01   -3.186361615173577E+01   -3.176593486992201E+01   -3.176593293106837E+01   -3.150496177582390E+01   -3.150492737882785E+01   -3.131216428785637E+01   -3.131213919316221E+01   -3.121197279762539E+01   -3.121193313880615E+01   -2.748773604082812E+01   -2.748703400129325E+01   -2.723746039794567E+01   -2.723663598354781E+01   -2.710792375920068E+01   -2.710698410376596E+01   -2.674294368179373E+01   -2.671896424320106E+01   -2.667311584287275E+01   -2.666222381194068E+01   -2.663155642170880E+01   -2.662027955537288E+01   -2.651032440764713E+01   -2.648794048735449E+01   -2.646208999286218E+01   -2.642105687355178E+01   -2.638449055392264E+01   -2.636312043078525E+01   -2.402299372815198E+01   -2.399783388926038E+01   -2.381046325666233E+01   -2.378519341958480E+01   -2.372089365738168E+01   -2.370262701985339E+01   -2.337114434072407E+01   -2.321359488651095E+01   -2.319302994623188E+01   -2.315657615374108E+01   -2.312992945160720E+01   -2.289059018669729E+01   -2.240517629062824E+01   -2.235876438514112E+01   -2.225902825273284E+01   -2.222465235437373E+01   -2.218106193313795E+01   -2.213333206785463E+01   -2.212705908482674E+01   -2.210611055718756E+01   -2.206004751611232E+01   -2.200602335339542E+01   -2.197279870948369E+01   -2.188709722566340E+01   -2.127515147176114E+01   -2.100497471418345E+01   -2.098313300164098E+01   -2.091250347417098E+01   -2.041606107730397E+01   -2.037658140401236E+01   -2.032677586426885E+01   -2.029317935830989E+01   -2.028629088096523E+01   -2.009124214946182E+01
    6.460370496885244E+00   -4.358457118090249E+01   -4.358457112575838E+01   -4.349504130898185E+01   -4.349504114233082E+01   -4.345019190846413E+01   -4.345019179714326E+01   -3.707347208025352E+01   -3.707347199713818E+01   -3.692216388720837E+01   -3.692216363536802E+01   -3.684394428321601E+01   -3.684394411099534E+01   -3.275784370982591E+01   -3.273902542084883E+01   -3.272020883305251E+01   -3.272017720459959E+01   -3.194379438180384E+01   -3.194379383078710E+01   -3.175654716913920E+01   -3.175654643809004E+01   -3.165843683551907E+01   -3.165843626540799E+01   -3.135243528907553E+01   -3.135242605273814E+01   -3.115594246689523E+01   -3.115593563850307E+01   -3.105361817485485E+01   -3.105360738584668E+01   -2.732652534834734E+01   -2.732628870175186E+01   -2.706857530348476E+01   -2.706831207586424E+01   -2.693508519578215E+01   -2.693478903830077E+01   -2.648936086400048E+01   -2.648613717208945E+01   -2.633964654240155E+01   -2.631569801551831E+01   -2.629184142418411E+01   -2.627901969882863E+01   -2.626445598752521E+01   -2.624839115756450E+01   -2.616142405747937E+01   -2.615022900544490E+01   -2.612381596339245E+01   -2.609141531831196E+01   -2.369601669327751E+01   -2.368039755235027E+01   -2.345977582310793E+01   -2.344302906729434E+01   -2.335013057566259E+01   -2.333708688028619E+01   -2.295489428657588E+01   -2.287194420739715E+01   -2.277827330625020E+01   -2.275956447713784E+01   -2.271224580692753E+01   -2.259727902366902E+01   -2.218631085344203E+01   -2.216890226162166E+01   -2.204285741554957E+01   -2.201640175431076E+01   -2.197265091484685E+01   -2.193424692986614E+01   -2.193418808742686E+01   -2.192565883170186E+01   -2.183628039524707E+01   -2.180602066312018E+01   -2.175629022250789E+01   -2.170201449820925E+01   -2.098717966885869E+01   -2.075028180065793E+01   -2.073397350622330E+01   -2.066315221671872E+01   -2.034158664902083E+01   -2.005050889963279E+01   -2.003409406820020E+01   -1.987017327308089E+01   -1.985215976636366E+01   -1.982186753678631E+01
    6.648162386617102E+00   -4.351967656951167E+01   -4.351967651244513E+01   -4.342971739410414E+01   -4.342971722167887E+01   -4.338464997907194E+01   -4.338464986389755E+01   -3.698478415347306E+01   -3.698478406948598E+01   -3.683226798525938E+01   -3.683226772439778E+01   -3.675338824444417E+01   -3.675338806698416E+01   -3.255978149069619E+01   -3.254067195947813E+01   -3.252155195003205E+01   -3.252150830638608E+01   -3.186147736351102E+01   -3.186147718757265E+01   -3.167201747449315E+01   -3.167201712818640E+01   -3.157350041102526E+01   -3.157350015933322E+01   -3.123022389106786E+01   -3.123022137265546E+01   -3.103085599720317E+01   -3.103085408989827E+01   -3.092684796023217E+01   -3.092684497278323E+01   -2.720054613937510E+01   -2.720046480988649E+01   -2.693697694031366E+01   -2.693688881799897E+01   -2.680085697077087E+01   -2.680075486112445E+01   -2.630760199737399E+01   -2.630683865455740E+01   -2.608839683269398E+01   -2.608706673223669E+01   -2.605991320525648E+01   -2.602863423060333E+01   -2.599873211409714E+01   -2.599156764661585E+01   -2.596692093862848E+01   -2.596205475783644E+01   -2.586619092494327E+01   -2.583282001142948E+01   -2.345125333377683E+01   -2.344257563294220E+01   -2.319330668666133E+01   -2.318377423586563E+01   -2.306438437125943E+01   -2.305557071532882E+01   -2.261099917432468E+01   -2.257010672886307E+01   -2.243370729931887E+01   -2.241927584975349E+01   -2.236115523322875E+01   -2.230880862119159E+01   -2.201726145091556E+01   -2.201019217396009E+01   -2.184417502994474E+01   -2.183650141825623E+01   -2.176399809267394E+01   -2.176310800619470E+01   -2.175858419768530E+01   -2.171285340262079E+01   -2.161717944954997E+01   -2.160859495113317E+01   -2.155222903793803E+01   -2.152427728147414E+01   -2.069896806386965E+01   -2.048759232687526E+01   -2.048365168919207E+01   -2.039650692244031E+01   -2.024138843370562E+01   -1.998076545520533E+01   -1.990658433354707E+01   -1.972035409788960E+01   -1.965696381016171E+01   -1.958774323570394E+01
    6.833380866385254E+00   -4.346789156969152E+01   -4.346789151075696E+01   -4.337758681441715E+01   -4.337758663640437E+01   -4.333234382523273E+01   -4.333234370633095E+01   -3.691336564184267E+01   -3.691336555495061E+01   -3.675986838751409E+01   -3.675986811763538E+01   -3.668045088968668E+01   -3.668045070610422E+01   -3.239819512813019E+01   -3.237885997888750E+01   -3.235949278631585E+01   -3.235942729568946E+01   -3.179618481332240E+01   -3.179618470037249E+01   -3.160500487822194E+01   -3.160500456087962E+01   -3.150613592000581E+01   -3.150613570328348E+01   -3.113167942849598E+01   -3.113167872213249E+01   -3.093003057636215E+01   -3.093002995288793E+01   -3.082467358530035E+01   -3.082467271782424E+01   -2.710099058650210E+01   -2.710096242617151E+01   -2.683309733949967E+01   -2.683306719754527E+01   -2.669503643038528E+01   -2.669500037631086E+01   -2.616485378407119E+01   -2.616461811293194E+01   -2.593967506877594E+01   -2.593946122766847E+01   -2.583636142158211E+01   -2.581937445576408E+01   -2.581929478710410E+01   -2.580216958484256E+01   -2.576609071957392E+01   -2.576516792443672E+01   -2.565441732351809E+01   -2.562052959620928E+01   -2.326962505377267E+01   -2.326523848754119E+01   -2.299600313026167E+01   -2.299116202766520E+01   -2.285329047453810E+01   -2.284813304257498E+01   -2.234850382889173E+01   -2.232916867172613E+01   -2.216378885821414E+01   -2.215393469931881E+01   -2.208038700832146E+01   -2.205709692505012E+01   -2.188326663755445E+01   -2.187823563978087E+01   -2.169133083850957E+01   -2.168853987341090E+01   -2.160811698992469E+01   -2.160495843271378E+01   -2.152055086789143E+01   -2.146850637060798E+01   -2.140285877051714E+01   -2.139287743829699E+01   -2.134860509370128E+01   -2.133964992402207E+01   -2.044663789496132E+01   -2.027939192916069E+01   -2.024644009215672E+01   -2.014354001394071E+01   -2.010723109821110E+01   -1.989154331417063E+01   -1.974862008316977E+01   -1.959614568404517E+01   -1.954920482678748E+01   -1.947733498620445E+01
    7.015736739512096E+00   -4.342643608182433E+01   -4.342643602107228E+01   -4.333585161979258E+01   -4.333585143636407E+01   -4.329046628841689E+01   -4.329046616590399E+01   -3.685556128772370E+01   -3.685556119796813E+01   -3.670126096403705E+01   -3.670126068544775E+01   -3.662140200061650E+01   -3.662140181109565E+01   -3.226612946633414E+01   -3.224662797732315E+01   -3.222706200059257E+01   -3.222695637821093E+01   -3.174419513968226E+01   -3.174419502825381E+01   -3.155166069461728E+01   -3.155166036826099E+01   -3.145249979663183E+01   -3.145249957566159E+01   -3.105170134695722E+01   -3.105170111819528E+01   -3.084821318622642E+01   -3.084821280971581E+01   -3.074176293120411E+01   -3.074176259550301E+01   -2.702165428774855E+01   -2.702164445341726E+01   -2.675035870724777E+01   -2.675034822029882E+01   -2.661081522610753E+01   -2.661080233787841E+01   -2.605041527206589E+01   -2.605033440727190E+01   -2.582182298041909E+01   -2.582175682343666E+01   -2.569866161819913E+01   -2.569854789170231E+01   -2.565363546829298E+01   -2.562006451655319E+01   -2.558218834873448E+01   -2.558124859322343E+01   -2.548252241959813E+01   -2.544819070819586E+01   -2.313219706039505E+01   -2.313009439120118E+01   -2.284801065563470E+01   -2.284568681433883E+01   -2.269630727124897E+01   -2.269358480400999E+01   -2.216266519431771E+01   -2.215423504353696E+01   -2.197010856098898E+01   -2.196479074189431E+01   -2.187760130261059E+01   -2.186743593916868E+01   -2.177051739407323E+01   -2.176661341061630E+01   -2.156629857557400E+01   -2.156396317639850E+01   -2.146965720878250E+01   -2.146871329734252E+01   -2.127055285075306E+01   -2.121639115076084E+01   -2.119056417059398E+01   -2.116355157736201E+01   -2.113849737617885E+01   -2.113614008625803E+01   -2.024504915784128E+01   -2.013459055518791E+01   -2.004077024253019E+01   -1.995227931113073E+01   -1.992656808484939E+01   -1.978726309156359E+01   -1.956701209834202E+01   -1.944024719344900E+01   -1.941162118061563E+01   -1.933853430725724E+01
    7.194945278939290E+00   -4.339313222847444E+01   -4.339313216595280E+01   -4.330232008019899E+01   -4.330231989151476E+01   -4.325681849993654E+01   -4.325681837392097E+01   -3.680852305023960E+01   -3.680852295771903E+01   -3.665355925750405E+01   -3.665355897048709E+01   -3.657333526793557E+01   -3.657333507267261E+01   -3.215797125650838E+01   -3.213835875992822E+01   -3.211863921216407E+01   -3.211846250915831E+01   -3.170263014707655E+01   -3.170263003216374E+01   -3.150901689193607E+01   -3.150901655468508E+01   -3.140961914041210E+01   -3.140961891256977E+01   -3.098635840594281E+01   -3.098635827310103E+01   -3.078136316536792E+01   -3.078136280638358E+01   -3.067401883363273E+01   -3.067401858073020E+01   -2.695796165640926E+01   -2.695795818009679E+01   -2.668394387163183E+01   -2.668394014452312E+01   -2.654325052046804E+01   -2.654324585220078E+01   -2.595763293471787E+01   -2.595760372260518E+01   -2.572637549294729E+01   -2.572635206178350E+01   -2.560139085179996E+01   -2.560135017489011E+01   -2.550433095763569E+01   -2.547063150333713E+01   -2.543206105544985E+01   -2.543046144488083E+01   -2.534269339282110E+01   -2.530804701007531E+01   -2.302577011278641E+01   -2.302478574844140E+01   -2.273431064450387E+01   -2.273321918437977E+01   -2.257662940838285E+01   -2.257526631836419E+01   -2.203419192926401E+01   -2.203073413693279E+01   -2.183688676844378E+01   -2.183444091662279E+01   -2.174034877926810E+01   -2.173605535404754E+01   -2.167357978773761E+01   -2.167088622659859E+01   -2.146028951081865E+01   -2.145845923466974E+01   -2.135338158648409E+01   -2.135107022864584E+01   -2.103682300655916E+01   -2.098425276120114E+01   -2.097844516369102E+01   -2.094253184799577E+01   -2.092948062214244E+01   -2.092655702679192E+01   -2.008497705747812E+01   -2.001656154123447E+01   -1.986941092094832E+01   -1.981038371392152E+01   -1.974870391233489E+01   -1.967396053199836E+01   -1.938886946584913E+01   -1.927296538081570E+01   -1.925272620340212E+01   -1.917965875999499E+01
    7.370726671794978E+00   -4.336627332706149E+01   -4.336627326281647E+01   -4.327527466460640E+01   -4.327527447081716E+01   -4.322967742364945E+01   -4.322967729423333E+01   -3.677002753122524E+01   -3.677002743603053E+01   -3.661450917643443E+01   -3.661450888124989E+01   -3.653398160649692E+01   -3.653398140566832E+01   -3.206918699458178E+01   -3.204951662007394E+01   -3.202968992555681E+01   -3.202939430974151E+01   -3.166925697414186E+01   -3.166925685570340E+01   -3.147477436230545E+01   -3.147477401456101E+01   -3.137518744319432E+01   -3.137518720861779E+01   -3.093260788763365E+01   -3.093260776292072E+01   -3.072635707731982E+01   -3.072635671017471E+01   -3.061827641991559E+01   -3.061827616839066E+01   -2.690646658063198E+01   -2.690646532831528E+01   -2.663023433784277E+01   -2.663023293893012E+01   -2.648864349425131E+01   -2.648864176265259E+01   -2.588170915438218E+01   -2.588169824872100E+01   -2.564828566088261E+01   -2.564827688056081E+01   -2.552186632428751E+01   -2.552185105822780E+01   -2.538181526032385E+01   -2.534810899090214E+01   -2.530914456372094E+01   -2.530653239891915E+01   -2.522857811052086E+01   -2.519373855979649E+01   -2.294175251429570E+01   -2.294129473197658E+01   -2.264504614597645E+01   -2.264453552020777E+01   -2.248318108765054E+01   -2.248251387955447E+01   -2.194369864463544E+01   -2.194230633074910E+01   -2.174381517190974E+01   -2.174276064056543E+01   -2.164633429894728E+01   -2.164453875557048E+01   -2.159020297549484E+01   -2.158852796110038E+01   -2.137042107099408E+01   -2.136919511956650E+01   -2.125587660034775E+01   -2.125391600039250E+01   -2.083263170128130E+01   -2.079484072777408E+01   -2.077078688318774E+01   -2.074420981546807E+01   -2.073664261063166E+01   -2.073304506319900E+01   -1.995228810111741E+01   -1.990987944303263E+01   -1.972563624685219E+01   -1.968689080493855E+01   -1.960050753299956E+01   -1.955883535089690E+01   -1.922939456381025E+01   -1.912861637458688E+01   -1.909183405498141E+01   -1.905678587514031E+01
    7.542806456288018E+00   -4.334452117015086E+01   -4.334452110422770E+01   -4.325336854608050E+01   -4.325336834733007E+01   -4.320769203040721E+01   -4.320769189768753E+01   -3.673833559161942E+01   -3.673833549383763E+01   -3.658234678559376E+01   -3.658234648249039E+01   -3.650156582317210E+01   -3.650156561694171E+01   -3.199611348153692E+01   -3.197643740283029E+01   -3.195655443946353E+01   -3.195607198065061E+01   -3.164233903402451E+01   -3.164233891221421E+01   -3.144714621942602E+01   -3.144714586163528E+01   -3.134741069271758E+01   -3.134741045165459E+01   -3.088808532150824E+01   -3.088808519456635E+01   -3.068077119603348E+01   -3.068077081894825E+01   -3.057208057404116E+01   -3.057208031604770E+01   -2.686454252080905E+01   -2.686454204504711E+01   -2.658647611987036E+01   -2.658647546214814E+01   -2.644418478993769E+01   -2.644418409005459E+01   -2.581904072919276E+01   -2.581903654810955E+01   -2.558383893412537E+01   -2.558383551835479E+01   -2.545625253088641E+01   -2.545624659708323E+01   -2.528082627298316E+01   -2.524724414392499E+01   -2.520815979005280E+01   -2.520413642101324E+01   -2.513513793535795E+01   -2.510020922415025E+01   -2.287442102042056E+01   -2.287420744372966E+01   -2.257375680131301E+01   -2.257351656180103E+01   -2.240882002116076E+01   -2.240849539711284E+01   -2.187782193030818E+01   -2.187725414683344E+01   -2.167636952373835E+01   -2.167591906481307E+01   -2.157898972996201E+01   -2.157822722146839E+01   -2.151881998857960E+01   -2.151784263133423E+01   -2.129448293488810E+01   -2.129373562251526E+01   -2.117464887131502E+01   -2.117334922538236E+01   -2.066169870464574E+01   -2.063199104930937E+01   -2.059607946268111E+01   -2.057530796386654E+01   -2.056905627220385E+01   -2.056628286284872E+01   -1.983943801968014E+01   -1.981299984966382E+01   -1.960348775996752E+01   -1.957830384114238E+01   -1.947349716802709E+01   -1.944854735912477E+01   -1.909065985767466E+01   -1.901907501398096E+01   -1.894455027040692E+01   -1.892305588081810E+01
    7.710915950247019E+00   -4.332682559643911E+01   -4.332682552888298E+01   -4.323554458981862E+01   -4.323554438624632E+01   -4.318980202625882E+01   -4.318980189032865E+01   -3.671208405324770E+01   -3.671208395296421E+01   -3.655568893473728E+01   -3.655568862396465E+01   -3.647469626605992E+01   -3.647469605458612E+01   -3.193579033309754E+01   -3.191616068137913E+01   -3.189627797539937E+01   -3.189551942912804E+01   -3.162052271779865E+01   -3.162052259273895E+01   -3.142473991600040E+01   -3.142473954856458E+01   -3.132489040581748E+01   -3.132489015848575E+01   -3.085094565708264E+01   -3.085094552712571E+01   -3.064271896197337E+01   -3.064271857520158E+01   -3.053351957467617E+01   -3.053351930982270E+01   -2.683017210774113E+01   -2.683017188107340E+01   -2.655055702998177E+01   -2.655055653926050E+01   -2.640772187802737E+01   -2.640772149058101E+01   -2.576687249256840E+01   -2.576687084785953E+01   -2.553021862538355E+01   -2.553021722386196E+01   -2.540165848505003E+01   -2.540165610939197E+01   -2.519721253296071E+01   -2.516387455730048E+01   -2.512490179811497E+01   -2.511904620082615E+01   -2.505837248207180E+01   -2.502344315476310E+01   -2.281980263851134E+01   -2.281970206180797E+01   -2.251604626342020E+01   -2.251593196070139E+01   -2.234876839468313E+01   -2.234860988772749E+01   -2.182833312817485E+01   -2.182809492321586E+01   -2.162580323467471E+01   -2.162560752023673E+01   -2.152873537538077E+01   -2.152840266141393E+01   -2.145789110929126E+01   -2.145733997891040E+01   -2.123035862011920E+01   -2.122992457051335E+01   -2.110679304651576E+01   -2.110600827584008E+01   -2.052178988886927E+01   -2.049634212729608E+01   -2.045285668030546E+01   -2.043549662903826E+01   -2.042848736427865E+01   -2.042753182152572E+01   -1.974366146100655E+01   -1.972718579759876E+01   -1.949977299849051E+01   -1.948346320918256E+01   -1.936407064952261E+01   -1.934810316945589E+01   -1.897131856399665E+01   -1.892447999221796E+01   -1.881675964066179E+01   -1.879962665556840E+01
    7.874792670635087E+00   -4.331236158881556E+01   -4.331236151967234E+01   -4.322097203969384E+01   -4.322097183143729E+01   -4.317517432253737E+01   -4.317517418348707E+01   -3.669020194980225E+01   -3.669020184710123E+01   -3.653344899123308E+01   -3.653344867305105E+01   -3.645227967403451E+01   -3.645227945747587E+01   -3.188582588434180E+01   -3.186629543541827E+01   -3.184647380542442E+01   -3.184533006466388E+01   -3.160275077539422E+01   -3.160275064719629E+01   -3.140646779786002E+01   -3.140646742115727E+01   -3.130653426861246E+01   -3.130653401521187E+01   -3.081974282147699E+01   -3.081974268851544E+01   -3.061072811152086E+01   -3.061072771548758E+01   -3.050109943549540E+01   -3.050109916400652E+01   -2.680179735415650E+01   -2.680179718299963E+01   -2.652084957131006E+01   -2.652084909662358E+01   -2.637759610966864E+01   -2.637759578177523E+01   -2.572307581740695E+01   -2.572307514796782E+01   -2.548526337265924E+01   -2.548526269408288E+01   -2.535586352966796E+01   -2.535586253325764E+01   -2.512770064230741E+01   -2.509472280023279E+01   -2.505601698235306E+01   -2.504793061580330E+01   -2.499509468920961E+01   -2.496024052742874E+01   -2.277503916771394E+01   -2.277499116485994E+01   -2.246880618659817E+01   -2.246875099756479E+01   -2.229969071066029E+01   -2.229961256922681E+01   -2.179018821129015E+01   -2.179008479053628E+01   -2.158687159064749E+01   -2.158678414333978E+01   -2.149008875902752E+01   -2.148993894296602E+01   -2.140589626751097E+01   -2.140559013068608E+01   -2.117612042989960E+01   -2.117587374881034E+01   -2.104979615149805E+01   -2.104933990249903E+01   -2.040826003501252E+01   -2.038505844119323E+01   -2.033657957605707E+01   -2.032106870765888E+01   -2.031381132193984E+01   -2.031264941930766E+01   -1.966345031199520E+01   -1.965320902397409E+01   -1.941270870139846E+01   -1.940217975447566E+01   -1.927100821914961E+01   -1.926034110373887E+01   -1.887002481196274E+01   -1.883990675659518E+01   -1.870863095567173E+01   -1.869452207468725E+01
    8.034180743385157E+00   -4.330048012932441E+01   -4.330048005864140E+01   -4.320899710927169E+01   -4.320899689646977E+01   -4.316315343552161E+01   -4.316315329344050E+01   -3.667184566977097E+01   -3.667184556473536E+01   -3.651477176647223E+01   -3.651477144115608E+01   -3.643345533370588E+01   -3.643345511222509E+01   -3.184428948132974E+01   -3.182491214688239E+01   -3.180521293271178E+01   -3.180355929489108E+01   -3.158819584139949E+01   -3.158819571017669E+01   -3.139147885677157E+01   -3.139147847117540E+01   -3.129148761600797E+01   -3.129148735673252E+01   -3.079333852272446E+01   -3.079333838681378E+01   -3.058364680579389E+01   -3.058364640093488E+01   -3.047364836805044E+01   -3.047364809018734E+01   -2.677820995807801E+01   -2.677820979166897E+01   -2.649609616199766E+01   -2.649609567879768E+01   -2.635252437332612E+01   -2.635252404698389E+01   -2.568599756622208E+01   -2.568599726908023E+01   -2.544730095809949E+01   -2.544730048209748E+01   -2.531714609285866E+01   -2.531714560781547E+01   -2.506970671086402E+01   -2.503720938219128E+01   -2.499882251763176E+01   -2.498817641367437E+01   -2.494275787495001E+01   -2.490804328780431E+01   -2.273801952258952E+01   -2.273799623605037E+01   -2.242977263442234E+01   -2.242974553419311E+01   -2.225917763039088E+01   -2.225913858011518E+01   -2.176018893239582E+01   -2.176014240791560E+01   -2.155628232021760E+01   -2.155624198770506E+01   -2.145971328489803E+01   -2.145964360218029E+01   -2.136143832303793E+01   -2.136126874158392E+01   -2.113009602450908E+01   -2.112995670917219E+01   -2.100162566463228E+01   -2.100136381806342E+01   -2.031619110970138E+01   -2.029417099091505E+01   -2.024224892418504E+01   -2.022762955393898E+01   -2.022094619968246E+01   -2.021775862741178E+01   -1.959705215429852E+01   -1.959069005389177E+01   -1.934053034543371E+01   -1.933375011530023E+01   -1.919318266125775E+01   -1.918591641659695E+01   -1.878554833468564E+01   -1.876619051651791E+01   -1.861847558715883E+01   -1.860729071247254E+01
    8.188831302915982E+00   -4.329066983291580E+01   -4.329066976074240E+01   -4.319910446777512E+01   -4.319910425057104E+01   -4.315322279786894E+01   -4.315322265284692E+01   -3.665634872859654E+01   -3.665634862130816E+01   -3.649898310368761E+01   -3.649898277152876E+01   -3.641754407079743E+01   -3.641754384456381E+01   -3.180962443933904E+01   -3.179045553022997E+01   -3.177093518964784E+01   -3.176863802363582E+01   -3.157620926811473E+01   -3.157620913398777E+01   -3.137910640002706E+01   -3.137910600591525E+01   -3.127908071259849E+01   -3.127908044764226E+01   -3.077083357586324E+01   -3.077083343704728E+01   -3.056057129436716E+01   -3.056057088111248E+01   -3.045024396704872E+01   -3.045024368306418E+01   -2.675846944097571E+01   -2.675846927134331E+01   -2.647532298241615E+01   -2.647532248795835E+01   -2.633151101825409E+01   -2.633151068480696E+01   -2.565435393683168E+01   -2.565435376447294E+01   -2.541502767581211E+01   -2.541502723254308E+01   -2.528416397873929E+01   -2.528416364218576E+01   -2.502118385549659E+01   -2.498929492637417E+01   -2.495116595140142E+01   -2.493773685095229E+01   -2.489932231008333E+01   -2.486480058136146E+01   -2.270715443876926E+01   -2.270714293415627E+01   -2.239725938082010E+01   -2.239724583167639E+01   -2.222544455321584E+01   -2.222542471840921E+01   -2.173622174425322E+01   -2.173620007515609E+01   -2.153186092191077E+01   -2.153184170773131E+01   -2.143544219330868E+01   -2.143540872757043E+01   -2.132331331640872E+01   -2.132321890174146E+01   -2.109087543398999E+01   -2.109079650607977E+01   -2.096066214667296E+01   -2.096051187452604E+01   -2.024128151108227E+01   -2.021985725892319E+01   -2.016543077668433E+01   -2.015113677794217E+01   -2.014494727752804E+01   -2.014003076132320E+01   -1.954238136097512E+01   -1.953841695319203E+01   -1.928115274708843E+01   -1.927678595849911E+01   -1.912888187507663E+01   -1.912390440473697E+01   -1.871630347280616E+01   -1.870380113390264E+01   -1.854415938926548E+01   -1.853570790179324E+01
    8.338502880704858E+00   -4.328252701420266E+01   -4.328252694059069E+01   -4.319088723686507E+01   -4.319088701540872E+01   -4.314497459832953E+01   -4.314497445045864E+01   -3.664318292932356E+01   -3.664318281986347E+01   -3.648555066640776E+01   -3.648555032771061E+01   -3.640400867817296E+01   -3.640400844736342E+01   -3.178057715666495E+01   -3.176167334102780E+01   -3.174237762559543E+01   -3.173930255423024E+01   -3.156628162873399E+01   -3.156628149183111E+01   -3.136882770360305E+01   -3.136882730135846E+01   -3.126878804410395E+01   -3.126878777366336E+01   -3.075151643730317E+01   -3.075151629559106E+01   -3.054078985848215E+01   -3.054078943725704E+01   -3.043015771751600E+01   -3.043015742764404E+01   -2.674184119502372E+01   -2.674184102144967E+01   -2.645777411767529E+01   -2.645777361214667E+01   -2.631378112249060E+01   -2.631378078117828E+01   -2.562715268362017E+01   -2.562715253583824E+01   -2.538741909223862E+01   -2.538741864603675E+01   -2.525586784390074E+01   -2.525586753029773E+01   -2.498050022507162E+01   -2.494934849097137E+01   -2.491131586016307E+01   -2.489500049695239E+01   -2.486315089161954E+01   -2.482886410457271E+01   -2.268123000080397E+01   -2.268122420490680E+01   -2.236998729165551E+01   -2.236998039158379E+01   -2.219714387706639E+01   -2.219713362179403E+01   -2.171683573229920E+01   -2.171682530147714E+01   -2.151210742106764E+01   -2.151209797090080E+01   -2.141579433369789E+01   -2.141577775364684E+01   -2.129052871123272E+01   -2.129047562334457E+01   -2.105729011110878E+01   -2.105724497696525E+01   -2.092562395080990E+01   -2.092553708636730E+01   -2.018002559257356E+01   -2.015885169262173E+01   -2.010250915274820E+01   -2.008822090189603E+01   -2.008246152639175E+01   -2.007619001353893E+01   -1.949733895143978E+01   -1.949485138565521E+01   -1.923239212392932E+01   -1.922956915396820E+01   -1.907602497751715E+01   -1.907261249233896E+01   -1.866022022368842E+01   -1.865208320219836E+01   -1.848340174152047E+01   -1.847723996523609E+01
    8.482961782310266E+00   -4.327573234464329E+01   -4.327573226964738E+01   -4.318402361537352E+01   -4.318402338982348E+01   -4.313808627334227E+01   -4.313808612271830E+01   -3.663192840154377E+01   -3.663192828999200E+01   -3.647405330836079E+01   -3.647405296343756E+01   -3.639242318782992E+01   -3.639242295262798E+01   -3.175613900810814E+01   -3.173755784637349E+01   -3.171851685074089E+01   -3.171453727397200E+01   -3.155801213866677E+01   -3.155801199912152E+01   -3.136023270900917E+01   -3.136023229901535E+01   -3.126019675985431E+01   -3.126019648412710E+01   -3.073482446542033E+01   -3.073482432070937E+01   -3.052373929240670E+01   -3.052373886363683E+01   -3.041281266810845E+01   -3.041281237254070E+01   -2.672774919187451E+01   -2.672774901454400E+01   -2.644286062083121E+01   -2.644286010468073E+01   -2.629872936592832E+01   -2.629872901698808E+01   -2.560363205569346E+01   -2.560363190016625E+01   -2.536366358257470E+01   -2.536366312833001E+01   -2.523143688333373E+01   -2.523143656427979E+01   -2.494634311623594E+01   -2.491604126503544E+01   -2.487787617474767E+01   -2.485867888731682E+01   -2.483292649551764E+01   -2.479890612531921E+01   -2.265930782590301E+01   -2.265930484597579E+01   -2.234696973686331E+01   -2.234696615358817E+01   -2.217324120308193E+01   -2.217323580292347E+01   -2.170100111838079E+01   -2.170099594331201E+01   -2.149595100328184E+01   -2.149594620578805E+01   -2.139971793898406E+01   -2.139970947582956E+01   -2.126228243695309E+01   -2.126225220834677E+01   -2.102838230444691E+01   -2.102835614258200E+01   -2.089550171851691E+01   -2.089545093045175E+01   -2.012961532481403E+01   -2.010847748764957E+01   -2.005061539179017E+01   -2.003619323401790E+01   -2.003080924418270E+01   -2.002352365717886E+01   -1.946005694657950E+01   -1.945847977756922E+01   -1.919223074961504E+01   -1.919039232240688E+01   -1.903253643104199E+01   -1.903019386353671E+01   -1.861501120177570E+01   -1.860965964506833E+01   -1.843390423873320E+01   -1.842949929091645E+01
    8.621982452255537E+00   -4.327003265550341E+01   -4.327003257918096E+01   -4.317825865214532E+01   -4.317825842266954E+01   -4.313230217860941E+01   -4.313230202533287E+01   -3.662225052636919E+01   -3.662225041280347E+01   -3.646415705994939E+01   -3.646415670911571E+01   -3.638244898937813E+01   -3.638244874997242E+01   -3.173549860528196E+01   -3.171729751618085E+01   -3.169852263854015E+01   -3.169352735765848E+01   -3.155108491021512E+01   -3.155108476816226E+01   -3.135299957918225E+01   -3.135299916181563E+01   -3.125298211246486E+01   -3.125298183164830E+01   -3.072031412147777E+01   -3.072031397338089E+01   -3.050897119150810E+01   -3.050897075562124E+01   -3.039775096837145E+01   -3.039775066721967E+01   -2.671573969948241E+01   -2.671573951862852E+01   -2.643012095516135E+01   -2.643012042879720E+01   -2.628588059277087E+01   -2.628588023649443E+01   -2.558320908848875E+01   -2.558320891313930E+01   -2.534311285740385E+01   -2.534311239501135E+01   -2.521022907398200E+01   -2.521022874410374E+01   -2.491764411968483E+01   -2.488826565436348E+01   -2.484971868945747E+01   -2.482771610336898E+01   -2.480758598313108E+01   -2.477385489524367E+01   -2.264065479256847E+01   -2.264065322675954E+01   -2.232743345485739E+01   -2.232743154276698E+01   -2.215293051818646E+01   -2.215292762124804E+01   -2.168796450212405E+01   -2.168796186641062E+01   -2.148260666855636E+01   -2.148260414807984E+01   -2.138644425663670E+01   -2.138643981309171E+01   -2.123792081886175E+01   -2.123790337022169E+01   -2.100337298657390E+01   -2.100335756804760E+01   -2.086950002341164E+01   -2.086946991683145E+01   -2.008778697038787E+01   -2.006656270200623E+01   -2.000748184607599E+01   -1.999294090791109E+01   -1.998788478410492E+01   -1.997980871121865E+01   -1.942898782104863E+01   -1.942797458432133E+01   -1.915895051424060E+01   -1.915774060088066E+01   -1.899657959364745E+01   -1.899496532405051E+01   -1.857849954264451E+01   -1.857493319885104E+01   -1.839351705352728E+01   -1.839038881986746E+01
    8.755347826203549E+00   -4.326522675453516E+01   -4.326522667694623E+01   -4.317339001092769E+01   -4.317338977770312E+01   -4.312741928981353E+01   -4.312741913399040E+01   -3.661388213810601E+01   -3.661388202259648E+01   -3.645559626283720E+01   -3.645559590640990E+01   -3.637381623985067E+01   -3.637381599643047E+01   -3.171800270188497E+01   -3.170023723587132E+01   -3.168172060320837E+01   -3.167561948780067E+01   -3.154525046265194E+01   -3.154525031822398E+01   -3.134687550424294E+01   -3.134687507986640E+01   -3.124688827550752E+01   -3.124688798979647E+01   -3.070763713953129E+01   -3.070763698713845E+01   -3.049612597577594E+01   -3.049612553319638E+01   -3.038460866654536E+01   -3.038460835980103E+01   -2.670545339281560E+01   -2.670545320864338E+01   -2.641919041067172E+01   -2.641918987448981E+01   -2.627485935513676E+01   -2.627485899179802E+01   -2.556543400746193E+01   -2.556543380474264E+01   -2.532524523711438E+01   -2.532524476698753E+01   -2.519174102117421E+01   -2.519174067856615E+01   -2.489352022381227E+01   -2.486507849904730E+01   -2.482592967672350E+01   -2.480122365072353E+01   -2.478626759666930E+01   -2.475284355120947E+01   -2.262469254705868E+01   -2.262469170119522E+01   -2.231076334974880E+01   -2.231076226683169E+01   -2.213557496282612E+01   -2.213557337402847E+01   -2.167715856554506E+01   -2.167715719365298E+01   -2.147148706678648E+01   -2.147148567862392E+01   -2.137539813708700E+01   -2.137539574104473E+01   -2.121689205610729E+01   -2.121688184860074E+01   -2.098163179442034E+01   -2.098162253485105E+01   -2.084698496884739E+01   -2.084696685379339E+01   -2.005269556240167E+01   -2.003134787757307E+01   -1.997131067989148E+01   -1.995680607479043E+01   -1.995203665521100E+01   -1.994322905863125E+01   -1.940289634351305E+01   -1.940223527405757E+01   -1.913115485545137E+01   -1.913034805692743E+01   -1.896663500733469E+01   -1.896551502616110E+01   -1.854880247352250E+01   -1.854638864557291E+01   -1.836037499577914E+01   -1.835814783706581E+01
    8.882849669872092E+00   -4.326115436892973E+01   -4.326115429013676E+01   -4.316925683001124E+01   -4.316925659322275E+01   -4.312327603502183E+01   -4.312327587676373E+01   -3.660660970506271E+01   -3.660660958766076E+01   -3.644815874951313E+01   -3.644815838780951E+01   -3.636630934900170E+01   -3.636630910175204E+01   -3.170312442031684E+01   -3.168584582684027E+01   -3.166756218574699E+01   -3.166028922941437E+01   -3.154031129375604E+01   -3.154031114708084E+01   -3.134166157798444E+01   -3.134166114694458E+01   -3.124171332223379E+01   -3.124171303182113E+01   -3.069652064840297E+01   -3.069652049013121E+01   -3.048491301639917E+01   -3.048491256753541E+01   -3.037309581060063E+01   -3.037309549811271E+01   -2.669660394149701E+01   -2.669660375419849E+01   -2.640977773618737E+01   -2.640977719062208E+01   -2.626536650950136E+01   -2.626536613939011E+01   -2.554995072738597E+01   -2.554995049335081E+01   -2.530963840317030E+01   -2.530963792560556E+01   -2.517557470267099E+01   -2.517557434573962E+01   -2.487322734183406E+01   -2.484566512425761E+01   -2.480576752736480E+01   -2.477844061555052E+01   -2.476826954827239E+01   -2.473516956326549E+01   -2.261096078717592E+01   -2.261096030683309E+01   -2.229646401601122E+01   -2.229646330968836E+01   -2.212066523850846E+01   -2.212066433137199E+01   -2.166814450071746E+01   -2.166814377073232E+01   -2.146214581749240E+01   -2.146214498403030E+01   -2.136614062256574E+01   -2.136613929438826E+01   -2.119870795797344E+01   -2.119870191237630E+01   -2.096265023788298E+01   -2.096264456173411E+01   -2.082743956363327E+01   -2.082742849610327E+01   -2.002283451459468E+01   -2.000141636268739E+01   -1.994067364536533E+01   -1.992648228449812E+01   -1.992196397812875E+01   -1.991230927074728E+01   -1.938081287155865E+01   -1.938037407913731E+01   -1.910773610088324E+01   -1.910718983626768E+01   -1.894148960226468E+01   -1.894070512708609E+01   -1.852437383451946E+01   -1.852271161343598E+01   -1.833295249420576E+01   -1.833135307697681E+01
    9.004288904160036E+00   -4.325768751877847E+01   -4.325768743884578E+01   -4.316573098419352E+01   -4.316573074403247E+01   -4.311974356036916E+01   -4.311974339979297E+01   -3.660026247070233E+01   -3.660026235142377E+01   -3.644167422658060E+01   -3.644167385991897E+01   -3.635975559614450E+01   -3.635975534524116E+01   -3.169043765643931E+01   -3.167368992223759E+01   -3.165560052099534E+01   -3.164711417488348E+01   -3.153611060737218E+01   -3.153611045857222E+01   -3.133720087723827E+01   -3.133720043986706E+01   -3.123729744821952E+01   -3.123729715329809E+01   -3.068675017075934E+01   -3.068675000449832E+01   -3.047509554463658E+01   -3.047509508986600E+01   -3.036298048751430E+01   -3.036298016900752E+01   -2.668896162495986E+01   -2.668896143472873E+01   -2.640164758397353E+01   -2.640164702951773E+01   -2.625716142231187E+01   -2.625716104575546E+01   -2.553646497057020E+01   -2.553646470602095E+01   -2.529594910086580E+01   -2.529594861603816E+01   -2.516141007898602E+01   -2.516140970660630E+01   -2.485612499491453E+01   -2.482931935733176E+01   -2.478862905745575E+01   -2.475871434291453E+01   -2.475301799747771E+01   -2.472026247588107E+01   -2.259909038366020E+01   -2.259909007976098E+01   -2.228413300937709E+01   -2.228413243972066E+01   -2.210779038328825E+01   -2.210778981270505E+01   -2.166057522649660E+01   -2.166057481944069E+01   -2.145423968916223E+01   -2.145423910530908E+01   -2.135833089159866E+01   -2.135833012549192E+01   -2.118292100384117E+01   -2.118291738280914E+01   -2.094601847687789E+01   -2.094601491907729E+01   -2.081042956828383E+01   -2.081042270281991E+01   -1.999699182069644E+01   -1.997564704784346E+01   -1.991443628286404E+01   -1.990093362595321E+01   -1.989663563486293E+01   -1.988586157355687E+01   -1.936198049076950E+01   -1.936168376107635E+01   -1.908782703337551E+01   -1.908745083473493E+01   -1.892019185042844E+01   -1.891963584036420E+01   -1.850397794092524E+01   -1.850281196499355E+01   -1.831004979621045E+01   -1.830888648568709E+01
    9.119475915975512E+00   -4.325472377637216E+01   -4.325472369536549E+01   -4.316271021684707E+01   -4.316270997350953E+01   -4.311671888661003E+01   -4.311671872383746E+01   -3.659470379283039E+01   -3.659470367163718E+01   -3.643600520618682E+01   -3.643600483488661E+01   -3.635401615808455E+01   -3.635401590369101E+01   -3.167959660445596E+01   -3.166341334805907E+01   -3.164547103370308E+01   -3.163575225062218E+01   -3.153252350632260E+01   -3.153252335551571E+01   -3.133336909383129E+01   -3.133336865045136E+01   -3.123351374218096E+01   -3.123351344294729E+01   -3.067815515604522E+01   -3.067815497965961E+01   -3.046647926378247E+01   -3.046647880344021E+01   -3.035407592844755E+01   -3.035407560359129E+01   -2.668234085091111E+01   -2.668234065794516E+01   -2.639460757069519E+01   -2.639460700788889E+01   -2.625004863457935E+01   -2.625004825193901E+01   -2.552472141966897E+01   -2.552472113003383E+01   -2.528389784719631E+01   -2.528389735523288E+01   -2.514898350787850E+01   -2.514898311998207E+01   -2.484165237268900E+01   -2.481543411199823E+01   -2.477402265564040E+01   -2.474149353192470E+01   -2.474004259703040E+01   -2.470765819762294E+01   -2.258878360624117E+01   -2.258878337598118E+01   -2.227344222476594E+01   -2.227344168753365E+01   -2.209661711695788E+01   -2.209661668640974E+01   -2.165417216918047E+01   -2.165417190960525E+01   -2.144750253761652E+01   -2.144750204723429E+01   -2.135170061523547E+01   -2.135170013557271E+01   -2.116911772185733E+01   -2.116911552949483E+01   -2.093140561245679E+01   -2.093140332565838E+01   -2.079558113024643E+01   -2.079557680632728E+01   -1.997422590384326E+01   -1.995317904458539E+01   -1.989169908239373E+01   -1.987933354844785E+01   -1.987522914167654E+01   -1.986293943151164E+01   -1.934580864229828E+01   -1.934560397753862E+01   -1.907075418400729E+01   -1.907049030088404E+01   -1.890200156187857E+01   -1.890160203416427E+01   -1.848664712510856E+01   -1.848581337163260E+01   -1.829074451236356E+01   -1.828988529343286E+01
    9.228230854278909E+00   -4.325218098664140E+01   -4.325218090462693E+01   -4.316011273350927E+01   -4.316011248719450E+01   -4.311411953628783E+01   -4.311411937144452E+01   -3.658982414432997E+01   -3.658982402112094E+01   -3.643103996341273E+01   -3.643103958779406E+01   -3.634897900950283E+01   -3.634897875177114E+01   -3.167031943533374E+01   -3.165472117886748E+01   -3.163687583530075E+01   -3.162592465633403E+01   -3.152945011893391E+01   -3.152944996623499E+01   -3.133006721697044E+01   -3.133006676790197E+01   -3.123026097130013E+01   -3.123026066795849E+01   -3.067059710143068E+01   -3.067059691341071E+01   -3.045890378485176E+01   -3.045890331922750E+01   -3.034623015943405E+01   -3.034622982795018E+01   -2.667659068942767E+01   -2.667659049392483E+01   -2.638849890761915E+01   -2.638849833701668E+01   -2.624386801687573E+01   -2.624386762852567E+01   -2.551449013901869E+01   -2.551448983291093E+01   -2.527325717370253E+01   -2.527325667474195E+01   -2.513807207155385E+01   -2.513807166936519E+01   -2.482931572935656E+01   -2.480349755874485E+01   -2.476154684639368E+01   -2.472895777255428E+01   -2.472632532741491E+01   -2.469697847748386E+01   -2.257979948331546E+01   -2.257979927664865E+01   -2.226412465406074E+01   -2.226412411543108E+01   -2.208687495974668E+01   -2.208687456916809E+01   -2.164871076423467E+01   -2.164871055537580E+01   -2.144172682297220E+01   -2.144172635826525E+01   -2.134603656335764E+01   -2.134603621224180E+01   -2.115692449185178E+01   -2.115692314933468E+01   -2.091854332541143E+01   -2.091854180867831E+01   -2.078256908184957E+01   -2.078256631563653E+01   -1.995384487783886E+01   -1.993337797590990E+01   -1.987175179655449E+01   -1.986101880549504E+01   -1.985708467436804E+01   -1.984279574719884E+01   -1.933183609432025E+01   -1.933169198319815E+01   -1.905599809529368E+01   -1.905580935343562E+01   -1.888634532276566E+01   -1.888605381280214E+01   -1.847164292942213E+01   -1.847103489442231E+01   -1.827433499408832E+01   -1.827368946917083E+01
    9.330383910875248E+00   -4.324999311967356E+01   -4.324999303671729E+01   -4.315787294268635E+01   -4.315787269359558E+01   -4.311187930681175E+01   -4.311187914002662E+01   -3.658553541986462E+01   -3.658553529448333E+01   -3.642668709704597E+01   -3.642668671742739E+01   -3.634455329870136E+01   -3.634455303777631E+01   -3.166237530068040E+01   -3.164736763789423E+01   -3.162957117436668E+01   -3.161740284833322E+01   -3.152681024525117E+01   -3.152681009077482E+01   -3.132721586449722E+01   -3.132721541006458E+01   -3.122745796535570E+01   -3.122745765812178E+01   -3.066396037967172E+01   -3.066396017960503E+01   -3.045223617692000E+01   -3.045223570626380E+01   -3.033931787703109E+01   -3.033931753880552E+01   -2.667158771519603E+01   -2.667158751734588E+01   -2.638318969232414E+01   -2.638318911445991E+01   -2.623848757779230E+01   -2.623848718409379E+01   -2.550556103980651E+01   -2.550556072694797E+01   -2.526384233972473E+01   -2.526384183394929E+01   -2.512848349449571E+01   -2.512848308026280E+01   -2.481868532117751E+01   -2.479309090988351E+01   -2.475087315206131E+01   -2.471944812298050E+01   -2.471285052895241E+01   -2.468791449921005E+01   -2.257194283836863E+01   -2.257194263585500E+01   -2.225596449766501E+01   -2.225596394919285E+01   -2.207834513052959E+01   -2.207834474096924E+01   -2.164401122269232E+01   -2.164401102246435E+01   -2.143675013860254E+01   -2.143674967530136E+01   -2.134116873040027E+01   -2.134116842260735E+01   -2.114601929565374E+01   -2.114601846364618E+01   -2.090721263657958E+01   -2.090721158522844E+01   -2.077111275081364E+01   -2.077111095005692E+01   -1.993537878932924E+01   -1.991579811206150E+01   -1.985403926696271E+01   -1.984545459286011E+01   -1.984167029632927E+01   -1.982484704823302E+01   -1.931970236878001E+01   -1.931959870260167E+01   -1.904316074956154E+01   -1.904302297619730E+01   -1.887278014348521E+01   -1.887256388615150E+01   -1.845842266364758E+01   -1.845797031459180E+01   -1.826028889958919E+01   -1.825979509485564E+01
    9.425775585511943E+00   -4.324810700222940E+01   -4.324810691839652E+01   -4.315593810084603E+01   -4.315593784918166E+01   -4.310994493917019E+01   -4.310994477057471E+01   -3.658176631999707E+01   -3.658176619226068E+01   -3.642287134937304E+01   -3.642287096606971E+01   -3.634066490502418E+01   -3.634066464105104E+01   -3.165557400440801E+01   -3.164114703436598E+01   -3.162335734050890E+01   -3.160999887080852E+01   -3.152453919725832E+01   -3.152453904112017E+01   -3.132475093236915E+01   -3.132475047290564E+01   -3.122503926992538E+01   -3.122503895902839E+01   -3.065814572975884E+01   -3.065814551843676E+01   -3.044636606989931E+01   -3.044636559443529E+01   -3.033323429759246E+01   -3.033323395274997E+01   -2.666723059356276E+01   -2.666723039354080E+01   -2.637857010068060E+01   -2.637856951604408E+01   -2.623379821130729E+01   -2.623379781258850E+01   -2.549774407540230E+01   -2.549774376457956E+01   -2.525550379028510E+01   -2.525550327792953E+01   -2.512005068341263E+01   -2.512005025981084E+01   -2.480939816482473E+01   -2.478388511416726E+01   -2.474173237420911E+01   -2.471125674204575E+01   -2.470079474610739E+01   -2.468021375183507E+01   -2.256505591027748E+01   -2.256505570572625E+01   -2.224878927266324E+01   -2.224878871303313E+01   -2.207085185807673E+01   -2.207085145796071E+01   -2.163993208662419E+01   -2.163993188253811E+01   -2.143244514276121E+01   -2.143244467334728E+01   -2.133696205098242E+01   -2.133696174964786E+01   -2.113614289198652E+01   -2.113614237073881E+01   -2.089723348839243E+01   -2.089723271131646E+01   -2.076097545967638E+01   -2.076097426170538E+01   -1.991854161259299E+01   -1.990013983257547E+01   -1.983813716946640E+01   -1.983220792398879E+01   -1.982855541971894E+01   -1.980864544031745E+01   -1.930912580017182E+01   -1.930904957302811E+01   -1.903193900998772E+01   -1.903183630449579E+01   -1.886096474660272E+01   -1.886080144863871E+01   -1.844660780141925E+01   -1.844626445058206E+01   -1.824820136383960E+01   -1.824781653802820E+01
    9.514256934857707E+00   -4.324647973488042E+01   -4.324647965023492E+01   -4.315426567231896E+01   -4.315426541828396E+01   -4.310827348958399E+01   -4.310827331931158E+01   -3.657845865887705E+01   -3.657845852861917E+01   -3.641953040480754E+01   -3.641953001812880E+01   -3.633725295476641E+01   -3.633725268789984E+01   -3.164975784707606E+01   -3.163588699382878E+01   -3.161807053989727E+01   -3.160355826687323E+01   -3.152258457477759E+01   -3.152258441709598E+01   -3.132262028576158E+01   -3.132261982161187E+01   -3.122295180259583E+01   -3.122295148827881E+01   -3.065306612004515E+01   -3.065306589923571E+01   -3.044120187479389E+01   -3.044120139473761E+01   -3.032789071249841E+01   -3.032789036141684E+01   -2.666343596377236E+01   -2.666343576173644E+01   -2.637454887034898E+01   -2.637454827937682E+01   -2.622970979899697E+01   -2.622970939554546E+01   -2.549087243855423E+01   -2.549087213609698E+01   -2.524812089692995E+01   -2.524812037827883E+01   -2.511262944242206E+01   -2.511262901192605E+01   -2.480116213614881E+01   -2.477563503198699E+01   -2.473390360009986E+01   -2.470417568916834E+01   -2.468995628025844E+01   -2.467366951159454E+01   -2.255901176678016E+01   -2.255901155851107E+01   -2.224246308788182E+01   -2.224246251740721E+01   -2.206425525639213E+01   -2.206425484317798E+01   -2.163636491735150E+01   -2.163636470685443E+01   -2.142871189224649E+01   -2.142871141481652E+01   -2.133331029058843E+01   -2.133330998337058E+01   -2.112710477205753E+01   -2.112710444167637E+01   -2.088845676319643E+01   -2.088845613890204E+01   -2.075196454622709E+01   -2.075196372426412E+01   -1.990318549451707E+01   -1.988620584765717E+01   -1.982373496875713E+01   -1.982092710991722E+01   -1.981739036119095E+01   -1.979385864320643E+01   -1.929988653705342E+01   -1.929982921650012E+01   -1.902210297083149E+01   -1.902202474081788E+01   -1.885063711265303E+01   -1.885051148179892E+01   -1.843595190105297E+01   -1.843568597028105E+01   -1.823776286294312E+01   -1.823745726486712E+01
    9.595689804954404E+00   -4.324507664747049E+01   -4.324507656207528E+01   -4.315282125550232E+01   -4.315282099929978E+01   -4.310683025549728E+01   -4.310683008368314E+01   -3.657556447507387E+01   -3.657556434218844E+01   -3.641661244121708E+01   -3.641661205146507E+01   -3.633426711787865E+01   -3.633426684829016E+01   -3.164479526901221E+01   -3.163144333783919E+01   -3.161357635626753E+01   -3.159795481360786E+01   -3.152090377136317E+01   -3.152090361225950E+01   -3.132078126029687E+01   -3.132078079181784E+01   -3.122115229502893E+01   -3.122115197754812E+01   -3.064864448686398E+01   -3.064864425890352E+01   -3.043666779628650E+01   -3.043666731186242E+01   -3.032321143329034E+01   -3.032321107655511E+01   -2.666013527174374E+01   -2.666013506783531E+01   -2.637105061677476E+01   -2.637105001985847E+01   -2.622614821957793E+01   -2.622614781164533E+01   -2.548480627686716E+01   -2.548480598591952E+01   -2.524159670547525E+01   -2.524159618085612E+01   -2.510609781660034E+01   -2.510609738105291E+01   -2.479375772523742E+01   -2.476817076044116E+01   -2.472720538536632E+01   -2.469803814956824E+01   -2.468019277385592E+01   -2.466811240923372E+01   -2.255370896766612E+01   -2.255370875535338E+01   -2.223688064413974E+01   -2.223688006336215E+01   -2.205844529477617E+01   -2.205844486835026E+01   -2.163322923742485E+01   -2.163322902022689E+01   -2.142547193360618E+01   -2.142547144803258E+01   -2.133013113710649E+01   -2.133013082081454E+01   -2.111878196951997E+01   -2.111878174822552E+01   -2.088075829400189E+01   -2.088075774776627E+01   -2.074393005582227E+01   -2.074392946384429E+01   -1.988925290783990E+01   -1.987386153558649E+01   -1.981132581621371E+01   -1.981062225606173E+01   -1.980789046322786E+01   -1.978025646552515E+01   -1.929181321376926E+01   -1.929176911832018E+01   -1.901347844934106E+01   -1.901341754193311E+01   -1.884159692308038E+01   -1.884149836872573E+01   -1.842630843302039E+01   -1.842609824241411E+01   -1.822873528330836E+01   -1.822848796217531E+01
    9.669947046739402E+00   -4.324386968046281E+01   -4.324386959438016E+01   -4.315157695784644E+01   -4.315157669967960E+01   -4.310558714074702E+01   -4.310558696752794E+01   -3.657304383308653E+01   -3.657304369755931E+01   -3.641407425374494E+01   -3.641407386121437E+01   -3.633166553694505E+01   -3.633166526482784E+01   -3.164057598689041E+01   -3.162769609405806E+01   -3.160976448820766E+01   -3.159308642776850E+01   -3.151946204658250E+01   -3.151946188618103E+01   -3.131919878212949E+01   -3.131919830968900E+01   -3.121960534329872E+01   -3.121960502292176E+01   -3.064481275206901E+01   -3.064481251942721E+01   -3.043270140519025E+01   -3.043270091664581E+01   -3.031913177566018E+01   -3.031913141398334E+01   -2.665727228863349E+01   -2.665727208298352E+01   -2.636801365960743E+01   -2.636801305711231E+01   -2.622305294876560E+01   -2.622305253658264E+01   -2.547943513601951E+01   -2.547943485664896E+01   -2.523585352880834E+01   -2.523585299858784E+01   -2.510035578098945E+01   -2.510035534145114E+01   -2.478703550453312E+01   -2.476138657288896E+01   -2.472148867828193E+01   -2.469271199030358E+01   -2.467140850004458E+01   -2.466340366609239E+01   -2.254906712044303E+01   -2.254906690413185E+01   -2.223196179138288E+01   -2.223196120080920E+01   -2.205333660610004E+01   -2.205333616684846E+01   -2.163046746310538E+01   -2.163046723915243E+01   -2.142266371647823E+01   -2.142266322317595E+01   -2.132736194145428E+01   -2.132736161570788E+01   -2.111111128009332E+01   -2.111111109138724E+01   -2.087403441145735E+01   -2.087403390093683E+01   -2.073676152253495E+01   -2.073676106299442E+01   -1.987673318200895E+01   -1.986300438233225E+01   -1.980317059499369E+01   -1.979982367960205E+01   -1.979867462872057E+01   -1.976770053239046E+01   -1.928477241378587E+01   -1.928473770127978E+01   -1.900593308370614E+01   -1.900588459823069E+01   -1.883369178532329E+01   -1.883361289327416E+01   -1.841760062350637E+01   -1.841743105886478E+01   -1.822093438646112E+01   -1.822073039074079E+01
    9.736912714217834E+00   -4.324283610563392E+01   -4.324283601892611E+01   -4.315051012621480E+01   -4.315050986628668E+01   -4.310452136996749E+01   -4.310452119548182E+01   -3.657086320085285E+01   -3.657086306277316E+01   -3.641187980986945E+01   -3.641187941484851E+01   -3.632941326035181E+01   -3.632941298592195E+01   -3.163700734572614E+01   -3.162454624923463E+01   -3.160654451549247E+01   -3.158887175316786E+01   -3.151823103531268E+01   -3.151823087374094E+01   -3.131784395235885E+01   -3.131784347633492E+01   -3.121828192255425E+01   -3.121828159955780E+01   -3.064151154126865E+01   -3.064151130619399E+01   -3.042925161325299E+01   -3.042925112086897E+01   -3.031559673554418E+01   -3.031559636967648E+01   -2.665480112190093E+01   -2.665480091463610E+01   -2.636538815356263E+01   -2.636538754585274E+01   -2.622037504406461E+01   -2.622037462786172E+01   -2.547467820580424E+01   -2.547467793577175E+01   -2.523082928166859E+01   -2.523082874625195E+01   -2.509532445738860E+01   -2.509532401423041E+01   -2.478090913459375E+01   -2.475522839092948E+01   -2.471663114135258E+01   -2.468809447611008E+01   -2.466354336566886E+01   -2.465942966880817E+01   -2.254502311091811E+01   -2.254502289074824E+01   -2.222764662966188E+01   -2.222764602978223E+01   -2.204886399148986E+01   -2.204886353985780E+01   -2.162803995041575E+01   -2.162803971952815E+01   -2.142023902178401E+01   -2.142023852133408E+01   -2.132495588452554E+01   -2.132495554968227E+01   -2.110407701471693E+01   -2.110407679088089E+01   -2.086819860921170E+01   -2.086819811263372E+01   -2.073038308689264E+01   -2.073038269333705E+01   -1.986562883135781E+01   -1.985354503367201E+01   -1.979627108690048E+01   -1.979300082110527E+01   -1.978783691636028E+01   -1.975613362719600E+01   -1.927866032995811E+01   -1.927863235963649E+01   -1.899936558122798E+01   -1.899932610792397E+01   -1.882680638813917E+01   -1.882674190492128E+01   -1.840979563505153E+01   -1.840965599158552E+01   -1.821421702469615E+01   -1.821404552640165E+01
    9.796482244781398E+00   -4.324195751863725E+01   -4.324195743136742E+01   -4.314960235820787E+01   -4.314960209672128E+01   -4.310361448133088E+01   -4.310361430571862E+01   -3.656899428732152E+01   -3.656899414687452E+01   -3.640999912717582E+01   -3.640999872994769E+01   -3.632748106865031E+01   -3.632748079214451E+01   -3.163401161798649E+01   -3.162191298042140E+01   -3.160384249707802E+01   -3.158524712315991E+01   -3.151718759278061E+01   -3.151718743016778E+01   -3.131669297450656E+01   -3.131669249528548E+01   -3.121715825152922E+01   -3.121715792619731E+01   -3.063869013259683E+01   -3.063868989689040E+01   -3.042627694988381E+01   -3.042627645397875E+01   -3.031256005770329E+01   -3.031255968836443E+01   -2.665268458323917E+01   -2.665268437448970E+01   -2.636313440834432E+01   -2.636313379580664E+01   -2.621807539440993E+01   -2.621807497443863E+01   -2.547048223919600E+01   -2.547048197504998E+01   -2.522647447673219E+01   -2.522647393656576E+01   -2.509094451989476E+01   -2.509094407302963E+01   -2.477534493301722E+01   -2.474968086030692E+01   -2.471253259748813E+01   -2.468410790421335E+01   -2.465656391864468E+01   -2.465609762100592E+01   -2.254152788631903E+01   -2.254152766246421E+01   -2.222389120002266E+01   -2.222389059137760E+01   -2.204497853635912E+01   -2.204497807283933E+01   -2.162592043852410E+01   -2.162592020045312E+01   -2.141816017700640E+01   -2.141815967005314E+01   -2.132287855356399E+01   -2.132287821015484E+01   -2.109769697427538E+01   -2.109769668069963E+01   -2.086317898745903E+01   -2.086317849456687E+01   -2.072474756467538E+01   -2.072474719353634E+01   -1.985593459826718E+01   -1.984539905912494E+01   -1.979047229701565E+01   -1.978726786698767E+01   -1.977810416991600E+01   -1.974556603134670E+01   -1.927339620366962E+01   -1.927337312900984E+01   -1.899369765598219E+01   -1.899366478282437E+01   -1.882085395701652E+01   -1.882080010946435E+01   -1.840288457349237E+01   -1.840276714285646E+01   -1.820847177854639E+01   -1.820832481002966E+01
    9.848562620903978E+00   -4.324121905003829E+01   -4.324121896227134E+01   -4.314883873523804E+01   -4.314883847239537E+01   -4.310285154127271E+01   -4.310285136467540E+01   -3.656741322954572E+01   -3.656741308699083E+01   -3.640840739245404E+01   -3.640840699329907E+01   -3.632584459981614E+01   -3.632584432148739E+01   -3.163152399686113E+01   -3.161973120354564E+01   -3.160159824347780E+01   -3.158216375190194E+01   -3.151631289715051E+01   -3.151631273362793E+01   -3.131572633304894E+01   -3.131572585102487E+01   -3.121621491830711E+01   -3.121621459092918E+01   -3.063630631942777E+01   -3.063630608434991E+01   -3.042374408072762E+01   -3.042374358165933E+01   -3.030998347404508E+01   -3.030998310188237E+01   -2.665089282301570E+01   -2.665089261292163E+01   -2.636122134648402E+01   -2.636122072954903E+01   -2.621612317279505E+01   -2.621612274934737E+01   -2.546681758366865E+01   -2.546681732178400E+01   -2.522274980484611E+01   -2.522274926041969E+01   -2.508717381607877E+01   -2.508717336522999E+01   -2.477034954080804E+01   -2.474475504195410E+01   -2.470911138487164E+01   -2.468069588968650E+01   -2.465333206482885E+01   -2.465045615981517E+01   -2.253854372418355E+01   -2.253854349685601E+01   -2.222066380846502E+01   -2.222066319170339E+01   -2.204164427760987E+01   -2.204164380283455E+01   -2.162409215248134E+01   -2.162409190706201E+01   -2.141639788373271E+01   -2.141639737096434E+01   -2.132110499324651E+01   -2.132110464188363E+01   -2.109200902634030E+01   -2.109200865133443E+01   -2.085891622854112E+01   -2.085891573492642E+01   -2.071983013162054E+01   -2.071982975701338E+01   -1.984762890014601E+01   -1.983848600324508E+01   -1.978564849833955E+01   -1.978249989706561E+01   -1.976950279795247E+01   -1.973605839552224E+01   -1.926891722529274E+01   -1.926889773073874E+01   -1.898886817699421E+01   -1.898884016650359E+01   -1.881576954800396E+01   -1.881572358393053E+01   -1.839686865282415E+01   -1.839676778459714E+01   -1.820361202125351E+01   -1.820348361665302E+01
    9.893072511584581E+00   -4.324060875204977E+01   -4.324060866385284E+01   -4.314820723044596E+01   -4.314820696644924E+01   -4.310222053620160E+01   -4.310222035876227E+01   -3.656610003176430E+01   -3.656609988740841E+01   -3.640708426283395E+01   -3.640708386203169E+01   -3.632448369632993E+01   -3.632448341644242E+01   -3.162949106443301E+01   -3.161794935827619E+01   -3.159976313859210E+01   -3.157958512199603E+01   -3.151559175029215E+01   -3.151559158599228E+01   -3.131492815578645E+01   -3.131492767136005E+01   -3.121543620104481E+01   -3.121543587191510E+01   -3.063432602761394E+01   -3.063432579389703E+01   -3.042162653418066E+01   -3.042162603234475E+01   -3.030783597565301E+01   -3.030783560122829E+01   -2.664940217455062E+01   -2.664940196326673E+01   -2.635962508837290E+01   -2.635962446752881E+01   -2.621449446539577E+01   -2.621449403881938E+01   -2.546367305356742E+01   -2.546367279088122E+01   -2.521962421999664E+01   -2.521962367184458E+01   -2.508398444183614E+01   -2.508398398677416E+01   -2.476595719944398E+01   -2.474047754087189E+01   -2.470630144998671E+01   -2.467782001454357E+01   -2.465107210863969E+01   -2.464521976371548E+01   -2.253604194633283E+01   -2.253604171580519E+01   -2.221794199349326E+01   -2.221794136941196E+01   -2.203883537330681E+01   -2.203883488814052E+01   -2.162254470784541E+01   -2.162254445515179E+01   -2.141492952196592E+01   -2.141492900411701E+01   -2.131961728699106E+01   -2.131961692840031E+01   -2.108705984236055E+01   -2.108705938501092E+01   -2.085536194423552E+01   -2.085536144829350E+01   -2.071562218356750E+01   -2.071562179207669E+01   -1.984067463373077E+01   -1.983273176444816E+01   -1.978169842568886E+01   -1.977859630857074E+01   -1.976207449436036E+01   -1.972770280948825E+01   -1.926517463499159E+01   -1.926515776331900E+01   -1.898482905539225E+01   -1.898480463006814E+01   -1.881150483615648E+01   -1.881146471128362E+01   -1.839175088798201E+01   -1.839166235702519E+01   -1.819957071075207E+01   -1.819945631515911E+01
    9.929942388816766E+00   -4.324011712651649E+01   -4.324011703795939E+01   -4.314769825460323E+01   -4.314769798965403E+01   -4.310171190529581E+01   -4.310171172715894E+01   -3.656503817749279E+01   -3.656503803166460E+01   -3.640601330726459E+01   -3.640601290509579E+01   -3.632338191435250E+01   -3.632338163317650E+01   -3.162786956728659E+01   -3.161652740382523E+01   -3.159829841228159E+01   -3.157748459906026E+01   -3.151501203253174E+01   -3.151501186758820E+01   -3.131428571297705E+01   -3.131428522655532E+01   -3.121480953593997E+01   -3.121480920535660E+01   -3.063272265926918E+01   -3.063272242719817E+01   -3.041990361730272E+01   -3.041990311312876E+01   -3.030609306123790E+01   -3.030609268503481E+01   -2.664819417509578E+01   -2.664819396279420E+01   -2.635832767515239E+01   -2.635832705095228E+01   -2.621317106961762E+01   -2.621317064032448E+01   -2.546105041391979E+01   -2.546105014832432E+01   -2.521707344958577E+01   -2.521707289828511E+01   -2.508135958347313E+01   -2.508135912419001E+01   -2.476221783691447E+01   -2.473688163762683E+01   -2.470405004471003E+01   -2.467545657535091E+01   -2.464926923214868E+01   -2.464086331630601E+01   -2.253400104494174E+01   -2.253400081156815E+01   -2.221571010935594E+01   -2.221570947891660E+01   -2.203653373323776E+01   -2.203653323884064E+01   -2.162127182397384E+01   -2.162127156443481E+01   -2.141373782749846E+01   -2.141373730535388E+01   -2.131840267293662E+01   -2.131840230800222E+01   -2.108289654905492E+01   -2.108289601499448E+01   -2.085247730060023E+01   -2.085247680202456E+01   -2.071212577893380E+01   -2.071212536520584E+01   -1.983502511324071E+01   -1.982807141452081E+01   -1.977854150419612E+01   -1.977547706288705E+01   -1.975586448155209E+01   -1.972060470930166E+01   -1.926213079912768E+01   -1.926211583642769E+01   -1.898154244066119E+01   -1.898152063833817E+01   -1.880802413137157E+01   -1.880798829335616E+01   -1.838753213401345E+01   -1.838745270683062E+01   -1.819629644111755E+01   -1.819619249743755E+01
    9.959114600906080E+00   -4.323973676660598E+01   -4.323973667776105E+01   -4.314730431151263E+01   -4.314730404581210E+01   -4.310131818609214E+01   -4.310131800740324E+01   -3.656421435663328E+01   -3.656421420966367E+01   -3.640518156050195E+01   -3.640518115724962E+01   -3.632252615191973E+01   -3.632252586972804E+01   -3.162662539281293E+01   -3.161543503518348E+01   -3.159717378665028E+01   -3.157584332588107E+01   -3.151456427935537E+01   -3.151456411390255E+01   -3.131378902198108E+01   -3.131378853397667E+01   -3.121432509970312E+01   -3.121432476796763E+01   -3.063147622690572E+01   -3.063147599642758E+01   -3.041855951094862E+01   -3.041855900489520E+01   -3.030473596488887E+01   -3.030473558733119E+01   -2.664725474590637E+01   -2.664725453277687E+01   -2.635731594842910E+01   -2.635731532149114E+01   -2.621213946241822E+01   -2.621213903088670E+01   -2.545895912030834E+01   -2.545895885078499E+01   -2.521507885644917E+01   -2.521507830261589E+01   -2.507929042621119E+01   -2.507928996302194E+01   -2.475918674569817E+01   -2.473400069219006E+01   -2.470231592333455E+01   -2.467359325107730E+01   -2.464788556884760E+01   -2.463740028479192E+01   -2.253240518705594E+01   -2.253240495128551E+01   -2.221395746709207E+01   -2.221395683141912E+01   -2.203472707494799E+01   -2.203472657280020E+01   -2.162026975116195E+01   -2.162026948561493E+01   -2.141280986534181E+01   -2.141280933973692E+01   -2.131745214808971E+01   -2.131745177787736E+01   -2.107956131773113E+01   -2.107956071755254E+01   -2.085023187242416E+01   -2.085023137149280E+01   -2.070934891901271E+01   -2.070934848290428E+01   -1.983063142527010E+01   -1.982445110272959E+01   -1.977611491903516E+01   -1.977307976957861E+01   -1.975091416873832E+01   -1.971486781843754E+01   -1.925975706773206E+01   -1.925974346529824E+01   -1.897897886366207E+01   -1.897895893813705E+01   -1.880530140295475E+01   -1.880526863999789E+01   -1.838421013255512E+01   -1.838413726400661E+01   -1.819375044911741E+01   -1.819365410323130E+01
    9.980543305399525E+00   -4.323946209132757E+01   -4.323946200226955E+01   -4.314701974215160E+01   -4.314701947590046E+01   -4.310103375179969E+01   -4.310103357270528E+01   -3.656361827132700E+01   -3.656361812353717E+01   -3.640457917394099E+01   -3.640457876989091E+01   -3.632190636950977E+01   -3.632190608657483E+01   -3.162573269924848E+01   -3.161465014980716E+01   -3.159636643922496E+01   -3.157464844894366E+01   -3.151424135846623E+01   -3.151424119263937E+01   -3.131343053898646E+01   -3.131343004981703E+01   -3.121397548627379E+01   -3.121397515369080E+01   -3.063057239469993E+01   -3.063057216553236E+01   -3.041758254082613E+01   -3.041758203337534E+01   -3.030375090661582E+01   -3.030375052808734E+01   -2.664657352515134E+01   -2.664657331140002E+01   -2.635658060822826E+01   -2.635657997922969E+01   -2.621138994581065E+01   -2.621138951258076E+01   -2.545741176171599E+01   -2.545741148830245E+01   -2.521362659420070E+01   -2.521362603848323E+01   -2.507777337329110E+01   -2.507777290686777E+01   -2.475691624854935E+01   -2.473186378721461E+01   -2.470106796358282E+01   -2.467222567286677E+01   -2.464689259193382E+01   -2.463484558288751E+01   -2.253124306476473E+01   -2.253124282714219E+01   -2.221267696277300E+01   -2.221267632313564E+01   -2.203340737908452E+01   -2.203340687096991E+01   -2.161953626731812E+01   -2.161953599699734E+01   -2.141213624615891E+01   -2.141213571797520E+01   -2.131675948532174E+01   -2.131675911107397E+01   -2.107708842824949E+01   -2.107708777644883E+01   -2.084860271259208E+01   -2.084860220983678E+01   -2.070730179094377E+01   -2.070730133583466E+01   -1.982744891391723E+01   -1.982182883557923E+01   -1.977437138659211E+01   -1.977135746845752E+01   -1.974725738322345E+01   -1.971058312076642E+01   -1.925803225330999E+01   -1.925801957322632E+01   -1.897711604787493E+01   -1.897709739887648E+01   -1.880331813275778E+01   -1.880328746505939E+01   -1.838178034513506E+01   -1.838171196067510E+01   -1.819190438232461E+01   -1.819181326693016E+01
    9.994193382654625E+00   -4.323928916672749E+01   -4.323928907753294E+01   -4.314684055247940E+01   -4.314684028587810E+01   -4.310085463468571E+01   -4.310085445533299E+01   -3.656324252184028E+01   -3.656324237353769E+01   -3.640419917632278E+01   -3.640419877176360E+01   -3.632151540990537E+01   -3.632151512649865E+01   -3.162517322777705E+01   -3.161415762851351E+01   -3.159586026916287E+01   -3.157389175835094E+01   -3.151403824416149E+01   -3.151403807809638E+01   -3.131320494027831E+01   -3.131320445036563E+01   -3.121375547811007E+01   -3.121375514498663E+01   -3.063000159100415E+01   -3.063000136272477E+01   -3.041696465759259E+01   -3.041696414924422E+01   -3.030312846120716E+01   -3.030312808206900E+01   -2.664614337659819E+01   -2.664614316244430E+01   -2.635611549307378E+01   -2.635611486273976E+01   -2.621091600367724E+01   -2.621091556934040E+01   -2.545642050577768E+01   -2.545642022940942E+01   -2.521270706261320E+01   -2.521270650568488E+01   -2.507680780285658E+01   -2.507680733419589E+01   -2.475544952341394E+01   -2.473049337084302E+01   -2.470028419955061E+01   -2.467135412027467E+01   -2.464627018381825E+01   -2.463321281692824E+01   -2.253050709888205E+01   -2.253050686003602E+01   -2.221186416480924E+01   -2.221186352259189E+01   -2.203256976956565E+01   -2.203256925752245E+01   -2.161907011774412E+01   -2.161906984421493E+01   -2.141171057386889E+01   -2.141171004402542E+01   -2.131632060445822E+01   -2.131632022756586E+01   -2.107550320095677E+01   -2.107550251492412E+01   -2.084757369463442E+01   -2.084757319069064E+01   -2.070599406048807E+01   -2.070599359216675E+01   -1.982544203764448E+01   -1.982017456006354E+01   -1.977327758647393E+01   -1.977027706870421E+01   -1.974491913608822E+01   -1.970782187051358E+01   -1.925694166294683E+01   -1.925692953875381E+01   -1.897593825248256E+01   -1.897592037444324E+01   -1.880206191406426E+01   -1.880203251326600E+01   -1.838023768288243E+01   -1.838017201622447E+01   -1.819073876450496E+01   -1.819065083450903E+01
