    2.570152794961089E-03    4.553153842018661E+05    1.515008536489917E+06    3.180240397925975E+06    3.180240724823376E+06    5.451011590763721E+06    5.451011874743587E+06    8.327321520081167E+06    8.327321609674658E+06    8.327321776584380E+06    1.180917045493326E+07    1.180917052783080E+07    1.180917071210455E+07    1.589655831444987E+07    1.589655834052685E+07    1.589655842409857E+07    1.589655852536156E+07    2.058948505656197E+07    2.058948511409935E+07    2.058948525171281E+07    2.058948528065442E+07    2.588795072806752E+07    2.588795084903248E+07    2.588795088086434E+07    2.588795097079596E+07    2.588795103242399E+07    3.179195536953415E+07    3.179195540147160E+07    3.179195554169890E+07    3.179195558310443E+07    3.179195575722056E+07    3.830149888844296E+07    3.830149898513623E+07    3.830149912602098E+07    3.830149917478040E+07    3.830149921412215E+07    3.830149942629021E+07    4.541658135735001E+07    4.541658147100633E+07    4.541658152272892E+07    4.541658162002592E+07    4.541658176312155E+07    4.541658204434814E+07    5.313720278038187E+07    5.313720284971315E+07    5.313720300480225E+07    5.313720303578546E+07    5.313720329295746E+07    5.313720331355790E+07    5.313720360708012E+07    6.146336310167255E+07    6.146336322865897E+07    6.146336330986472E+07    6.146336338972829E+07    6.146336344937864E+07    6.146336377599370E+07    6.146336411867131E+07    7.039506237373397E+07    7.039506248810710E+07    7.039506257528341E+07    7.039506266436033E+07    7.039506283506252E+07    7.039506319518092E+07    7.039506320393607E+07    7.039506357558487E+07    7.993230058599442E+07    7.993230068039043E+07    7.993230083535966E+07    7.993230088862306E+07    7.993230095497432E+07    7.993230116836852E+07    7.993230157793874E+07    7.993230198114441E+07    9.007507771098371E+07    9.007507785184783E+07    9.007507792274541E+07    9.007507802324538E+07    9.007507811742388E+07    9.007507845301379E+07    9.007507886384118E+07    9.007507889890203E+07    9.007507933251758E+07    1.008233937847947E+08    1.008233938998586E+08    1.008233940149373E+08    1.008233941002263E+08    1.008233943033992E+08    1.008233943317069E+08    1.008233946840421E+08    1.008233951683144E+08    1.008233956323346E+08    1.121772487907158E+08    1.121772489028363E+08    1.121772490460827E+08    1.121772491289149E+08    1.121772491651759E+08    1.121772494415224E+08    1.121772498644749E+08    1.121772503136668E+08    1.121772503835227E+08    1.121772508783161E+08
    8.614201942069855E-03    4.156600264645681E+04    1.358999767543028E+05    2.841382459173196E+05    2.841393417348288E+05    4.862829060055317E+05    4.862840504570323E+05    7.423319957069302E+05    7.423323145510700E+05    7.423331138502352E+05    1.052286516301343E+06    1.052286806344948E+06    1.052287669760432E+06    1.416145856274201E+06    1.416146018384662E+06    1.416146412578942E+06    1.416147149501917E+06    1.833910474348024E+06    1.833910891533350E+06    1.833910990895076E+06    1.833911693614054E+06    2.305580042101646E+06    2.305580144180854E+06    2.305580590522069E+06    2.305580614980317E+06    2.305581414250583E+06    2.831154829998394E+06    2.831155279670079E+06    2.831155330484444E+06    2.831155435752179E+06    2.831156163173447E+06    3.410634620684195E+06    3.410634687807933E+06    3.410635118272117E+06    3.410635268511598E+06    3.410635294246337E+06    3.410636038237588E+06    4.044019595800514E+06    4.044019963690027E+06    4.044020058439376E+06    4.044020192462777E+06    4.044020288320444E+06    4.044021005273200E+06    4.731309600714725E+06    4.731309647471216E+06    4.731310030426409E+06    4.731310206241755E+06    4.731310294405205E+06    4.731310355860905E+06    4.731311063058381E+06    5.472504770733017E+06    5.472505105171042E+06    5.472505165178993E+06    5.472505326040283E+06    5.472505471438592E+06    5.472505528983070E+06    5.472506226114105E+06    6.267604985105723E+06    6.267605019880474E+06    6.267605367481522E+06    6.267605485685224E+06    6.267605612754760E+06    6.267605723670923E+06    6.267605811957994E+06    6.267606482747904E+06    7.116610354255586E+06    7.116610647685537E+06    7.116610693936914E+06    7.116610864005947E+06    7.116610960956709E+06    7.116611105989091E+06    7.116611187074855E+06    7.116611839343198E+06    8.019520775061798E+06    8.019520803046855E+06    8.019521111736782E+06    8.019521269290169E+06    8.019521310071075E+06    8.019521401244472E+06    8.019521566284476E+06    8.019521666240070E+06    8.019522294790598E+06    8.976336345812429E+06    8.976336593878997E+06    8.976336639274932E+06    8.976336815905914E+06    8.976336861790530E+06    8.976336982940795E+06    8.976337132215891E+06    8.976337244321808E+06    8.976337848488450E+06    9.987056970942771E+06    9.987056995727189E+06    9.987057267256206E+06    9.987057428723769E+06    9.987057458054675E+06    9.987057524980903E+06    9.987057626697471E+06    9.987057797281042E+06    9.987057922565101E+06    9.987058501802681E+06
    1.810871102947953E-02    1.024858525672409E+04    3.159500149856837E+04    6.513761703856973E+04    6.513992054899993E+04    1.108808376134858E+05    1.108832528272340E+05    1.688205416861089E+05    1.688212134193710E+05    1.688229058447698E+05    2.389588306982908E+05    2.389594618897997E+05    2.389612798057327E+05    3.212944257371647E+05    3.212947689650190E+05    3.212956170832810E+05    3.212971788917267E+05    4.158282820207112E+05    4.158291928940915E+05    4.158294057881903E+05    4.158308925407721E+05    5.225597206703644E+05    5.225599381552793E+05    5.225609297588413E+05    5.225609482301465E+05    5.225626649652604E+05    6.414892950340587E+05    6.414902899766290E+05    6.414904132394771E+05    6.414906201182222E+05    6.414921781761453E+05    7.726165669913510E+05    7.726167118042764E+05    7.726176647623796E+05    7.726180169029901E+05    7.726180315742780E+05    7.726196400170971E+05    9.159418958684318E+05    9.159427476214878E+05    9.159429514766632E+05    9.159432534805484E+05    9.159434153591921E+05    9.159449799861395E+05    1.071464983647999E+06    1.071465085855266E+06    1.071465947782208E+06    1.071466385469273E+06    1.071466551708191E+06    1.071466632164058E+06    1.071468192814694E+06    1.239186082812645E+06    1.239186883902948E+06    1.239187012458104E+06    1.239187400623214E+06    1.239187717372925E+06    1.239187734779050E+06    1.239189311345278E+06    1.419104977188520E+06    1.419105052946637E+06    1.419105850860809E+06    1.419106185616073E+06    1.419106457148815E+06    1.419106684411821E+06    1.419106783073784E+06    1.419108309850707E+06    1.611221854749371E+06    1.611222597085222E+06    1.611222687676685E+06    1.611223092951511E+06    1.611223337547612E+06    1.611223647766785E+06    1.611223676165866E+06    1.611225201828673E+06    1.815536550417026E+06    1.815536608575962E+06    1.815537340765137E+06    1.815537787150915E+06    1.815537843114145E+06    1.815538078486178E+06    1.815538435728766E+06    1.815538486647609E+06    1.815539985421967E+06    2.032049210643282E+06    2.032049891624740E+06    2.032049961668090E+06    2.032050446826437E+06    2.032050474878937E+06    2.032050819466328E+06    2.032051132835934E+06    2.032051182383180E+06    2.032052658828577E+06    2.260759704230033E+06    2.260759750102300E+06    2.260760421805880E+06    2.260760903446708E+06    2.260760950235865E+06    2.260761069067684E+06    2.260761359154088E+06    2.260761728679348E+06    2.260761766908194E+06    2.260763225261041E+06
    3.104638349955113E-02    4.163494798454771E+03    1.142599568415054E+04    2.283549441150866E+04    2.283944304805556E+04    3.839954125648403E+04    3.840368116155084E+04    5.811107126011251E+04    5.811222310761167E+04    5.811512458784926E+04    8.197368674577452E+04    8.197477043257211E+04    8.197788731594033E+04    1.099851960627863E+05    1.099857849672241E+05    1.099872402425466E+05    1.099899193708275E+05    1.421472354291343E+05    1.421488007525331E+05    1.421491664094838E+05    1.421517163961540E+05    1.784586427883616E+05    1.784590162217255E+05    1.784607222002004E+05    1.784607499357219E+05    1.784636978828535E+05    2.189203643906381E+05    2.189220764586051E+05    2.189222907349210E+05    2.189226427023495E+05    2.189253180476446E+05    2.635316521016839E+05    2.635319011800012E+05    2.635335408983703E+05    2.635341476866814E+05    2.635341717216993E+05    2.635369334068561E+05    3.122931184078535E+05    3.122945897948901E+05    3.122949406444688E+05    3.122954601319309E+05    3.122957327083836E+05    3.122984232906261E+05    3.652042565671764E+05    3.652044328856683E+05    3.652059182063200E+05    3.652066791276117E+05    3.652069587894837E+05    3.652070934498797E+05    3.652097783028958E+05    4.222654946069640E+05    4.222668820790119E+05    4.222671047611481E+05    4.222677765471315E+05    4.222683198779086E+05    4.222683362029191E+05    4.222710550581805E+05    4.834764674382329E+05    4.834765986870556E+05    4.834779758540032E+05    4.834785632084241E+05    4.834790297933000E+05    4.834794149107087E+05    4.834795766486153E+05    4.834822093013787E+05    5.488374910636976E+05    5.488387814141465E+05    5.488389398317217E+05    5.488396392759081E+05    5.488400658607287E+05    5.488405946553033E+05    5.488406275842150E+05    5.488432641721704E+05    6.183482895184684E+05    6.183483908475697E+05    6.183496576467711E+05    6.183504374464579E+05    6.183505365130747E+05    6.183509433946909E+05    6.183515522555246E+05    6.183516236130700E+05    6.183542165633008E+05    6.920091059975141E+05    6.920102954369113E+05    6.920104188634411E+05    6.920112525945932E+05    6.920113139561039E+05    6.920119072407898E+05    6.920124384084076E+05    6.920125047960371E+05    6.920150633034015E+05    7.698197243529211E+05    7.698198048191105E+05    7.698209703976457E+05    7.698218126823049E+05    7.698218994956799E+05    7.698221013233894E+05    7.698226071222384E+05    7.698232378985975E+05    7.698232752588737E+05    7.698258099496138E+05
    4.741814838325720E-02    2.325321975884654E+03    5.438792388762277E+03    1.032681219883625E+04    1.033284082861637E+04    1.700090233429486E+04    1.700721792987551E+04    2.545027507878849E+04    2.545203470245663E+04    2.545645977062759E+04    3.568043354985226E+04    3.568208332549471E+04    3.568684281101611E+04    4.768802957306181E+04    4.768892944383151E+04    4.769114672409946E+04    4.769523713468860E+04    6.147556233427466E+04    6.147794861733071E+04    6.147850704911288E+04    6.148240040842314E+04    7.704125708332199E+04    7.704182773651589E+04    7.704442788793176E+04    7.704447095893767E+04    7.704897204581865E+04    9.438655870994195E+04    9.438917035224824E+04    9.438949835289018E+04    9.439003344395751E+04    9.439411953854312E+04    1.135103251978186E+05    1.135107059058147E+05    1.135132071084818E+05    1.135141324092345E+05    1.135141691656864E+05    1.135183869161820E+05    1.344134911777969E+05    1.344157367958484E+05    1.344162734162586E+05    1.344170644474591E+05    1.344174798052640E+05    1.344215899111706E+05    1.570952837441450E+05    1.570955533786062E+05    1.570978197060710E+05    1.570989821821973E+05    1.570994079708726E+05    1.570996125098651E+05    1.571037143093548E+05    1.815563553919073E+05    1.815584743304984E+05    1.815588150831062E+05    1.815598399920291E+05    1.815606687282662E+05    1.815606916306759E+05    1.815648464356572E+05    2.077961499543359E+05    2.077963508295617E+05    2.077984529446137E+05    2.077993505295517E+05    2.078000640968207E+05    2.078006500694276E+05    2.078008951503064E+05    2.078049187874245E+05    2.358151484314811E+05    2.358171204301879E+05    2.358173633284408E+05    2.358184296692519E+05    2.358190829054540E+05    2.358198884755897E+05    2.358199361147829E+05    2.358239666692140E+05    2.656129311823107E+05    2.656130864482285E+05    2.656150209858177E+05    2.656162131576953E+05    2.656163648435854E+05    2.656169872183246E+05    2.656179145918047E+05    2.656180205883552E+05    2.656219853400315E+05    2.971898675870979E+05    2.971916868905664E+05    2.971918765536358E+05    2.971931475978355E+05    2.971932434906909E+05    2.971941506979291E+05    2.971949589519232E+05    2.971950569170015E+05    2.971989699639958E+05    3.305456297969704E+05    3.305457532923446E+05    3.305475341835044E+05    3.305488225258536E+05    3.305489568544459E+05    3.305492630488713E+05    3.305500380525233E+05    3.305509986751401E+05    3.305510509627749E+05    3.305549290176857E+05
    6.721265419159206E-02    1.585731548066354E+03    3.135602269399678E+03    5.564652831415068E+03    5.573191303716387E+03    8.889183187530594E+03    8.898115099972567E+03    1.309390851265004E+04    1.309640489137979E+04    1.310265890149225E+04    1.818663572435918E+04    1.818895902800153E+04    1.819570184785465E+04    2.416261413062906E+04    2.416389100640172E+04    2.416701882308580E+04    2.417281120583895E+04    3.102538851495671E+04    3.102875651156689E+04    3.102954830436706E+04    3.103506186748259E+04    3.877244168000531E+04    3.877325116192983E+04    3.877691883140274E+04    3.877698373108827E+04    3.878335689604930E+04    4.740582268862763E+04    4.740951180918501E+04    4.740997742368564E+04    4.741073075856719E+04    4.741651943836694E+04    5.692391237510875E+04    5.692445232693494E+04    5.692798559106177E+04    5.692929188656896E+04    5.692934366308286E+04    5.693531902459843E+04    6.732803567905081E+04    6.733120745187355E+04    6.733196928633022E+04    6.733308313483943E+04    6.733367219113203E+04    6.733949463172974E+04    7.861709714603639E+04    7.861747956808461E+04    7.862068134955002E+04    7.862232363559210E+04    7.862292661531847E+04    7.862321530202121E+04    7.862902660812583E+04    9.079202142042780E+04    9.079501572186162E+04    9.079549896602069E+04    9.079694509510396E+04    9.079811759105223E+04    9.079815048634505E+04    9.080403673755816E+04    1.038520205406559E+05    1.038523054816353E+05    1.038552760837543E+05    1.038565415414164E+05    1.038575547120630E+05    1.038583823164078E+05    1.038587284549291E+05    1.038644297134037E+05    1.177977758269502E+05    1.178005633634276E+05    1.178009080126265E+05    1.178024117768603E+05    1.178033376846339E+05    1.178044774152987E+05    1.178045441672359E+05    1.178102554370180E+05    1.326286930397503E+05    1.326289133410041E+05    1.326316476268996E+05    1.326333318227594E+05    1.326335454984035E+05    1.326344282583697E+05    1.326357393450708E+05    1.326358888745947E+05    1.326415071749136E+05    1.483452950887521E+05    1.483478674318902E+05    1.483481367481875E+05    1.483499316399605E+05    1.483500644929891E+05    1.483513519207886E+05    1.483524950382771E+05    1.483526325698110E+05    1.483581781430236E+05    1.649471180287561E+05    1.649472933201962E+05    1.649498108456270E+05    1.649516321871291E+05    1.649518224158441E+05    1.649522523360516E+05    1.649533522620279E+05    1.649547110588301E+05    1.649547839665840E+05    1.649602802876959E+05
    9.041620727250166E-02    1.211333108662672E+03    2.068048261253559E+03    3.405687622906260E+03    3.417156240354913E+03    5.246104504263317E+03    5.258074491991478E+03    7.568748749845765E+03    7.572115350139020E+03    7.580486034135572E+03    1.038414509152443E+04    1.038723797647171E+04    1.039629933712462E+04    1.368588646922821E+04    1.368760845995118E+04    1.369178388193837E+04    1.369956214590882E+04    1.747874952928808E+04    1.748324819857752E+04    1.748431593085743E+04    1.749171940523489E+04    2.175934247292087E+04    2.176043312973886E+04    2.176532821052918E+04    2.176542348857153E+04    2.177398056674507E+04    2.653042546991628E+04    2.653535941906903E+04    2.653598844545508E+04    2.653699071507481E+04    2.654476920903979E+04    3.178981833468517E+04    3.179054546414626E+04    3.179527205153762E+04    3.179701806564638E+04    3.179708611183104E+04    3.180511654091446E+04    3.753930478617433E+04    3.754354592140792E+04    3.754457329457210E+04    3.754605557981579E+04    3.754684908203918E+04    3.755467229252508E+04    4.377741039870782E+04    4.377792526019410E+04    4.378220868262769E+04    4.378440542684442E+04    4.378521494339877E+04    4.378560148071032E+04    4.379341089396124E+04    5.050537955214661E+04    5.050938579380963E+04    5.051003618460037E+04    5.051196706594286E+04    5.051353917351651E+04    5.051358553159841E+04    5.052149487998799E+04    5.772215199380984E+04    5.772253557267654E+04    5.772651105616435E+04    5.772819725280631E+04    5.772956347041519E+04    5.773067066469599E+04    5.773113469519202E+04    5.773879699188504E+04    6.542864438774764E+04    6.543237511528756E+04    6.543283903659118E+04    6.543484525205387E+04    6.543608961244008E+04    6.543761855660226E+04    6.543770817326066E+04    6.544538393961127E+04    7.362405735307961E+04    7.362435390912206E+04    7.362801370524416E+04    7.363026520294628E+04    7.363054948358834E+04    7.363173761745595E+04    7.363349449916329E+04    7.363369581062555E+04    7.364124668441640E+04    8.230909423217538E+04    8.231253746142419E+04    8.231290012694604E+04    8.231530031989171E+04    8.231547058929544E+04    8.231720506974829E+04    8.231873842723221E+04    8.231892245938016E+04    8.232637626022351E+04    9.148313109415380E+04    9.148336707276246E+04    9.148673706174540E+04    9.148917441799694E+04    9.148942882799460E+04    9.148999912254284E+04    9.149148017834338E+04    9.149330301329095E+04    9.149340094179384E+04    9.150078855865663E+04
    1.170127656896938E-01    9.800358865625496E+02    1.491826977417340E+03    2.285043204248512E+03    2.299845017766243E+03    3.387804245471813E+03    3.403202514528645E+03    4.773532773066185E+03    4.777914296475406E+03    4.788658882172338E+03    6.455912299324309E+03    6.459853422254359E+03    6.471558598506355E+03    8.426606642495293E+03    8.428846772220071E+03    8.434189493008284E+03    8.444225527335022E+03    1.069181979962193E+04    1.069757924657272E+04    1.069897095888320E+04    1.070852063816000E+04    1.324714705994960E+04    1.324856297332311E+04    1.325482489620065E+04    1.325496170214489E+04    1.326600279627271E+04    1.609617041609287E+04    1.610249959205412E+04    1.610332245265235E+04    1.610459701880611E+04    1.611464431216849E+04    1.923606279136096E+04    1.923700576684049E+04    1.924307275505208E+04    1.924531169545137E+04    1.924539478932714E+04    1.925577089639422E+04    2.266913650584552E+04    2.267457656489547E+04    2.267591135261669E+04    2.267779885653874E+04    2.267882732227657E+04    2.268893212811962E+04    2.639348094999268E+04    2.639414826156859E+04    2.639964675588156E+04    2.640246738647691E+04    2.640350907681706E+04    2.640400697749147E+04    2.641409601089092E+04    3.041070834729515E+04    3.041585124195593E+04    3.041669389298057E+04    3.041916641106060E+04    3.042118922115827E+04    3.042125343915881E+04    3.043147038663803E+04    3.471944536067556E+04    3.471994234619203E+04    3.472504786047044E+04    3.472720013744456E+04    3.472897388708813E+04    3.473039401174468E+04    3.473099200615101E+04    3.474089267285520E+04    3.932087919524507E+04    3.932567027349053E+04    3.932627130864372E+04    3.932883686428364E+04    3.933044470799603E+04    3.933241378354486E+04    3.933253013265712E+04    3.934244813345399E+04    4.421397472178798E+04    4.421435887363785E+04    4.421905988330694E+04    4.422194660149021E+04    4.422230908206740E+04    4.422384744202598E+04    4.422610719169175E+04    4.422636850197823E+04    4.423612524286930E+04    4.939964261709629E+04    4.940406516731004E+04    4.940453513443422E+04    4.940761450489320E+04    4.940781917022730E+04    4.941006798384541E+04    4.941204320325602E+04    4.941228027351601E+04    4.942191269782028E+04    5.487707513800687E+04    5.487738078111579E+04    5.488170996613322E+04    5.488483943025588E+04    5.488516586248667E+04    5.488588955250474E+04    5.488780795525717E+04    5.489015663728154E+04    5.489028389395225E+04    5.489983066564154E+04
    1.469839456590210E-01    8.119594571463654E+02    1.136562341256637E+03    1.633077909838647E+03    1.651586615035542E+03    2.336501420506299E+03    2.355667349220150E+03    3.213471219975504E+03    3.219035996266990E+03    3.232361464957622E+03    4.281325779831573E+03    4.286169038544421E+03    4.300826172769403E+03    5.529488567820337E+03    5.532329956942491E+03    5.538935229144712E+03    5.551480628610407E+03    6.965805714264045E+03    6.972928114523324E+03    6.974703905093798E+03    6.986632304272318E+03    8.584708430335208E+03    8.586497276140677E+03    8.594237003217126E+03    8.594428915003218E+03    8.608235956865406E+03    1.039071917378906E+04    1.039856904257120E+04    1.039962605931340E+04    1.040118447200730E+04    1.041376584587736E+04    1.238027373706142E+04    1.238146277687594E+04    1.238899774168574E+04    1.239177557948577E+04    1.239186741759939E+04    1.240486909524694E+04    1.455628590505300E+04    1.456303562109610E+04    1.456472239325084E+04    1.456703906433612E+04    1.456833222677732E+04    1.458098753974704E+04    1.691634975480886E+04    1.691719028777008E+04    1.692401967970941E+04    1.692752776061917E+04    1.692881949505538E+04    1.692944284812863E+04    1.694208176589296E+04    1.946249481868267E+04    1.946888247238443E+04    1.946994356538299E+04    1.947300634036333E+04    1.947552251158651E+04    1.947561033353824E+04    1.948840837208956E+04    2.219299297100413E+04    2.219361853818882E+04    2.219996360531984E+04    2.220261760189624E+04    2.220485455924020E+04    2.220661328307942E+04    2.220736050533050E+04    2.221976745468023E+04    2.510933781092344E+04    2.511529162467839E+04    2.511604830084711E+04    2.511921942150743E+04    2.512123476300250E+04    2.512368757305958E+04    2.512383508299222E+04    2.513626367762603E+04    2.821022740725283E+04    2.821071072912645E+04    2.821655463904051E+04    2.822013433463125E+04    2.822058176710805E+04    2.822251479843705E+04    2.822532642746617E+04    2.822565604071955E+04    2.823788314951806E+04    3.149680699239142E+04    3.150230397696882E+04    3.150289565080774E+04    3.150671773525443E+04    3.150694950859921E+04    3.150978011283002E+04    3.151224252152255E+04    3.151253896418210E+04    3.152461218425833E+04    3.496806097239897E+04    3.496844540060515E+04    3.497382778909432E+04    3.497771567719694E+04    3.497812162074945E+04    3.497900723078813E+04    3.498141876818603E+04    3.498434845409727E+04    3.498450956548089E+04    3.499647529812253E+04
    1.803090325774841E-01    6.748711928364107E+02    8.907470915816075E+02    1.213844515278687E+03    1.236386793672357E+03    1.686479094626337E+03    1.709671597668861E+03    2.267747307464749E+03    2.274707958351446E+03    2.290741341455840E+03    2.979238851775711E+03    2.985004180036783E+03    3.002892961789491E+03    3.807755659261606E+03    3.811300190510678E+03    3.819230521173871E+03    3.834503703608434E+03    4.763036886373749E+03    4.771584928867128E+03    4.773828158718132E+03    4.788327623192386E+03    5.838174461218079E+03    5.840390691618787E+03    5.849681528664877E+03    5.849943581129641E+03    5.866771073078022E+03    7.038764745796774E+03    7.048225926138276E+03    7.049576276196369E+03    7.051411597265938E+03    7.066770445408882E+03    8.360407815723845E+03    8.361876095095271E+03    8.370981446163394E+03    8.374335331175613E+03    8.374420199372191E+03    8.390311068514626E+03    9.806697638486463E+03    9.814843498084125E+03    9.816931356302081E+03    9.819683180637543E+03    9.821268946622828E+03    9.836725699964565E+03    1.137467007419132E+04    1.137570606458313E+04    1.138395944458168E+04    1.138821326566134E+04    1.138975830564849E+04    1.139052324574603E+04    1.140596518385056E+04    1.306682413282430E+04    1.307454299189874E+04    1.307585090299066E+04    1.307954334338163E+04    1.308258138228392E+04    1.308270020699649E+04    1.309833667655231E+04    1.488103332018831E+04    1.488180343104590E+04    1.488947727706248E+04    1.489265735569355E+04    1.489541443101940E+04    1.489752507580737E+04    1.489843598292552E+04    1.491360328922981E+04    1.681913486484205E+04    1.682633451184686E+04    1.682726674307117E+04    1.683107674051232E+04    1.683354244772409E+04    1.683651025333699E+04    1.683669449034216E+04    1.685188832058896E+04    1.887952798488503E+04    1.888012250336251E+04    1.888719281259923E+04    1.889151029717942E+04    1.889204935912619E+04    1.889442065230446E+04    1.889782059840179E+04    1.889822687915607E+04    1.891317623181110E+04    2.106362043945181E+04    2.107026960866200E+04    2.107099824796943E+04    2.107561329753113E+04    2.107586048927488E+04    2.107933992471765E+04    2.108232455358609E+04    2.108268669768152E+04    2.109745105770641E+04    2.337016419233424E+04    2.337063680127671E+04    2.337714989124342E+04    2.338184977374614E+04    2.338234288810869E+04    2.338339377283002E+04    2.338635317683978E+04    2.338990839701395E+04    2.339010830158587E+04    2.340474130266788E+04
    2.169649946471690E-01    5.547915773329084E+02    7.039030784562042E+02    9.197069292404199E+02    9.465384468014461E+02    1.252042799444788E+03    1.279394100365306E+03    1.651697057098000E+03    1.660342418977210E+03    1.679086962733366E+03    2.145271039403525E+03    2.151932319479780E+03    2.173286597005035E+03    2.716447562656935E+03    2.720829514121423E+03    2.730105021209479E+03    2.748271388455702E+03    3.377172265200961E+03    3.387154693796001E+03    3.389989715010126E+03    3.407187300512459E+03    4.118980881672932E+03    4.121690943741774E+03    4.132557798254819E+03    4.132904863016241E+03    4.152966242148866E+03    4.948702734941731E+03    4.959818959133437E+03    4.961554723561734E+03    4.963631828338782E+03    4.981977568611513E+03    5.860988808354603E+03    5.862774762281075E+03    5.873521916848319E+03    5.877479081461442E+03    5.877525002373957E+03    5.896544477648364E+03    6.860202346168345E+03    6.869801182265269E+03    6.872346739881944E+03    6.875514977070403E+03    6.877417884142453E+03    6.895900398541021E+03    7.942751329674922E+03    7.944007625544940E+03    7.953750224609286E+03    7.958805131746960E+03    7.960581578476216E+03    7.961508758765600E+03    7.979981412002337E+03    9.111661264852697E+03    9.120770958234245E+03    9.122358154511778E+03    9.126710484717918E+03    9.130276279772830E+03    9.130435415371448E+03    9.149144519798139E+03    1.036436030411543E+04    1.036529232868109E+04    1.037435917272476E+04    1.037807767753618E+04    1.038141306091438E+04    1.038386973305338E+04    1.038495810951455E+04    1.040312004176350E+04    1.170306906061135E+04    1.171157378452460E+04    1.171270404536618E+04    1.171717157506574E+04    1.172012943526440E+04    1.172362370721238E+04    1.172385221321800E+04    1.174204641475010E+04    1.312585400802780E+04    1.312657256314167E+04    1.313493041539487E+04    1.314001488310346E+04    1.314065377012639E+04    1.314350537204398E+04    1.314751111215907E+04    1.314800236909187E+04    1.316590823238236E+04    1.463441480796185E+04    1.464227252175708E+04    1.464315490571075E+04    1.464859689397194E+04    1.464884407584007E+04    1.465303803009891E+04    1.465656372438778E+04    1.465699820369706E+04    1.467468756665719E+04    1.622724532808260E+04    1.622781601055591E+04    1.623551703308521E+04    1.624106670277421E+04    1.624165594212241E+04    1.624286984827181E+04    1.624642997271520E+04    1.625063888952684E+04    1.625088313288272E+04    1.626841584151105E+04
    2.569264984759032E-01    4.454410453572923E+02    5.515353739114762E+02    6.978066071867502E+02    7.290819599218441E+02    9.415008195848336E+02    9.729446231077015E+02    1.224298731229278E+03    1.235039686163427E+03    1.256311973401480E+03    1.578818148738029E+03    1.586286259068914E+03    1.611267448869809E+03    1.984946080351049E+03    1.990352557348621E+03    2.000939944732801E+03    2.022081325990033E+03    2.457250497121619E+03    2.468604350006208E+03    2.472223285265766E+03    2.492142892305262E+03    2.985425508675920E+03    2.988716225657789E+03    3.001122330390089E+03    3.001567630340748E+03    3.025014514073386E+03    3.577734498269932E+03    3.590488348864639E+03    3.592755229617947E+03    3.594997319702254E+03    3.616487437893696E+03    4.227740993120921E+03    4.229891993589471E+03    4.242315319894352E+03    4.246841462862169E+03    4.246893438265700E+03    4.269193355338748E+03    4.940684076973202E+03    4.951757858833994E+03    4.954830221563420E+03    4.958362186456092E+03    4.960601446659697E+03    4.982294936070167E+03    5.712262756811893E+03    5.713768625407492E+03    5.725033023052129E+03    5.730946093358533E+03    5.732891570527607E+03    5.734010011855455E+03    5.755703824795794E+03    6.546094241324124E+03    6.556622606956096E+03    6.558528716374910E+03    6.563563235627596E+03    6.567628020067368E+03    6.567838973656793E+03    6.589822139540324E+03    7.439108573150277E+03    7.440222258572792E+03    7.450716894211637E+03    7.454974377180560E+03    7.458947962055742E+03    7.461715724762414E+03    7.462995004117158E+03    7.484357887174704E+03    8.393953771719718E+03    8.403794634691523E+03    8.405149823006852E+03    8.410277768523891E+03    8.413768974028899E+03    8.417770811893668E+03    8.418054303094483E+03    8.439456704170916E+03    9.408326528415466E+03    9.409183334379813E+03    9.418863670852659E+03    9.424726235840411E+03    9.425477335470696E+03    9.428848875489677E+03    9.433450102048504E+03    9.434034406235322E+03    9.455106840915878E+03    1.048425017982494E+04    1.049334767484361E+04    1.049440314797921E+04    1.050068684081410E+04    1.050091640274118E+04    1.050588808892897E+04    1.050994917867670E+04    1.051046340257206E+04    1.053128905552085E+04    1.161993301332200E+04    1.162061250424662E+04    1.162953498074491E+04    1.163595346147745E+04    1.163665105006596E+04    1.163801980047316E+04    1.164223078183102E+04    1.164709718267467E+04    1.164739215668465E+04    1.166803549642049E+04
    3.001659264280585E-01    3.439997498641977E+02    4.211169852530136E+02    5.206606425109863E+02    5.564003342092519E+02    7.067871052819696E+02    7.419534048305809E+02    9.112308971097314E+02    9.246596435422200E+02    9.480049632273065E+02    1.173955720222423E+03    1.182053697558730E+03    1.210709851505218E+03    1.470121123534170E+03    1.476821221561933E+03    1.488621911190352E+03    1.512689172396683E+03    1.817493648626397E+03    1.830062965274161E+03    1.834764985578325E+03    1.857270515274269E+03    2.203532301304621E+03    2.207524226816448E+03    2.221353332251594E+03    2.221909032310093E+03    2.248798458189132E+03    2.638202023794569E+03    2.652498480692188E+03    2.655524368431976E+03    2.657796314128480E+03    2.682508575607172E+03    3.113799549962303E+03    3.116377742418625E+03    3.130467476745827E+03    3.135426182269861E+03    3.135678979774783E+03    3.161261999227507E+03    3.636574836817706E+03    3.649105529610538E+03    3.652794863532295E+03    3.656591050113386E+03    3.659178496320423E+03    3.684210410492432E+03    4.201418146216432E+03    4.203210084735059E+03    4.215991990159644E+03    4.222829787872213E+03    4.224820190931935E+03    4.226173094969579E+03    4.251224111302997E+03    4.812616916973981E+03    4.824555478768056E+03    4.826832179937521E+03    4.832565926428099E+03    4.837049669542347E+03    4.837326698095437E+03    4.862738862347672E+03    5.466540947341847E+03    5.467859899863155E+03    5.479783931396654E+03    5.484570218597023E+03    5.489245275507095E+03    5.492246340415443E+03    5.493730140282199E+03    5.518461003395736E+03    6.166316592024618E+03    6.177492718024613E+03    6.179107045006372E+03    6.184881901285024E+03    6.188948494003379E+03    6.193393988654704E+03    6.193748049877693E+03    6.218528427209221E+03    6.909228626123988E+03    6.910240118052000E+03    6.921248513231232E+03    6.927879961022610E+03    6.928763864860006E+03    6.932691829066795E+03    6.937838392164924E+03    6.938523363491360E+03    6.962939259070844E+03    7.697659709626112E+03    7.707999988304575E+03    7.709252063303058E+03    7.716370176281818E+03    7.716564729511090E+03    7.722374047989942E+03    7.726928862866202E+03    7.727531676374108E+03    7.751674169963375E+03    8.529502095890579E+03    8.530302488846237E+03    8.540453436451580E+03    8.547738116373306E+03    8.548562681363184E+03    8.550071684763097E+03    8.554980543877262E+03    8.560472909045195E+03    8.560826172827921E+03    8.584762075290242E+03
    3.466533956278584E-01    2.492442726575536E+02    3.059806395351758E+02    3.733203481538320E+02    4.133834313588640E+02    5.214521517256014E+02    5.595407533183120E+02    6.712872673719066E+02    6.882360280321211E+02    7.128335039784029E+02    8.718248556237577E+02    8.802519444097848E+02    9.124552459244278E+02    1.092234590709645E+03    1.100617920190238E+03    1.113457918039593E+03    1.140197601516372E+03    1.354299702678121E+03    1.367811048830664E+03    1.374058588013113E+03    1.398768730670269E+03    1.642685903281606E+03    1.647554463537198E+03    1.662585101881909E+03    1.663268869801616E+03    1.693510111475122E+03    1.969429202263590E+03    1.985077296582503E+03    1.989206043422872E+03    1.991303721067928E+03    2.019188199255334E+03    2.325314267662732E+03    2.328405897420876E+03    2.344097706605427E+03    2.349335437822542E+03    2.349963844251123E+03    2.378729153423008E+03    2.717782487355545E+03    2.731706205188550E+03    2.736138558345498E+03    2.740034624409393E+03    2.742973455914344E+03    2.771384332313385E+03    3.140785695718807E+03    3.142911817921156E+03    3.157166408915652E+03    3.165016673481442E+03    3.166837880340833E+03    3.168491637655197E+03    3.196955468403330E+03    3.599381312522060E+03    3.612681331980712E+03    3.615400124884389E+03    3.621849096656489E+03    3.626598048939460E+03    3.626959475934493E+03    3.655888739115531E+03    4.089301891546427E+03    4.090855835118919E+03    4.104174893121227E+03    4.109470452101902E+03    4.114918263508197E+03    4.118012817325403E+03    4.119715687586116E+03    4.147925837361920E+03    4.614213940437229E+03    4.626689630870634E+03    4.628609087977313E+03    4.635000312722473E+03    4.639688708023440E+03    4.644448969000195E+03    4.644896476384476E+03    4.673171202916299E+03    5.170940174965751E+03    5.172126274016716E+03    5.184436816958899E+03    5.191805404570974E+03    5.192856524384025E+03    5.197374546157556E+03    5.202959959028257E+03    5.203752580985276E+03    5.231642980021254E+03    5.762264290302814E+03    5.773819955361567E+03    5.775298769113958E+03    5.783219092674231E+03    5.783364466079971E+03    5.790068438592871E+03    5.795023688630396E+03    5.795726236398597E+03    5.823324055504994E+03    6.385727410795563E+03    6.386662918255093E+03    6.398021045337674E+03    6.406144957165865E+03    6.407126170123352E+03    6.408753292039737E+03    6.414404865280139E+03    6.420441571327756E+03    6.420862310062189E+03    6.448233435969790E+03
    3.963567785648463E-01    1.606739904986240E+02    2.024753721506421E+02    2.473442645180102E+02    2.914218053513043E+02    3.702981338841465E+02    4.100137878295857E+02    4.806226084112184E+02    5.021619813392447E+02    5.267818022346680E+02    6.382983818964074E+02    6.465826121696637E+02    6.819416455866897E+02    8.048697705041784E+02    8.154883908419931E+02    8.291171989154886E+02    8.579633828750991E+02    1.007303614563415E+03    1.021340138541570E+03    1.029835518462368E+03    1.055998905362230E+03    1.226671816855202E+03    1.232679999549702E+03    1.248547090114350E+03    1.249401594239857E+03    1.282669400020579E+03    1.477604374586279E+03    1.494297744901668E+03    1.499996950082287E+03    1.501709258490168E+03    1.532478394547613E+03    1.749024005590022E+03    1.752754496338019E+03    1.769910693735190E+03    1.775199437436703E+03    1.776496987585842E+03    1.808108240821058E+03    2.049816056158566E+03    2.065014644868158E+03    2.070376560526021E+03    2.074119254815585E+03    2.077406249963579E+03    2.109101650015494E+03    2.372816742125802E+03    2.375343732402504E+03    2.390982001126613E+03    2.399969303244101E+03    2.401282066404608E+03    2.403341892248884E+03    2.435151228911603E+03    2.723986748069563E+03    2.738555640969180E+03    2.741820230154452E+03    2.749005447952657E+03    2.753762185531005E+03    2.754233581575038E+03    2.786669551446493E+03    3.098321081307937E+03    3.100149336022747E+03    3.114791442071451E+03    3.120567938920773E+03    3.126878421774161E+03    3.129838235965727E+03    3.131776634228545E+03    3.163496768500450E+03    3.500105171601019E+03    3.513808064001158E+03    3.516097395256909E+03    3.523055640537593E+03    3.528424267732030E+03    3.533278317055532E+03    3.533853049017457E+03    3.565662093868160E+03    3.925637150246266E+03    3.927023160342054E+03    3.940577680988800E+03    3.948626572265339E+03    3.949900716286840E+03    3.955042632661187E+03    3.960881279426287E+03    3.961787853389324E+03    3.993219168613562E+03    4.378152771936720E+03    4.390865059594266E+03    4.392611187102782E+03    4.401273336919786E+03    4.401361663819913E+03    4.409017959700152E+03    4.414207570630523E+03    4.415024367780258E+03    4.446157452104793E+03    4.854799842253531E+03    4.855887910677965E+03    4.868403109934255E+03    4.877312279654438E+03    4.878497414491947E+03    4.880210630480624E+03    4.886651381038583E+03    4.893080619126307E+03    4.893580330820399E+03    4.924475248468018E+03
    4.492417252699186E-01    7.809478162435778E+01    1.085756077175000E+02    1.377974095055106E+02    1.854423604576951E+02    2.441496962497030E+02    2.839200514274302E+02    3.249089030638355E+02    3.521245893538685E+02    3.753138701975838E+02    4.528520965122387E+02    4.603020088051632E+02    4.980758445407015E+02    5.799483323486870E+02    5.935353952912301E+02    6.076453219149446E+02    6.375910179964624E+02    7.399775726123078E+02    7.539558289239501E+02    7.657297600972158E+02    7.920605847918116E+02    9.092800958052517E+02    9.168250499188164E+02    9.329652299853124E+02    9.341015940729801E+02    9.697006284149190E+02    1.105828481013961E+03    1.123126525062364E+03    1.130759512839539E+03    1.132422484704987E+03    1.165160722024196E+03    1.316170570993309E+03    1.320729007486328E+03    1.339103528627278E+03    1.344138148347952E+03    1.346594722531861E+03    1.380340917057731E+03    1.551000795608904E+03    1.567287469978160E+03    1.573861220001972E+03    1.577082013185940E+03    1.580721883079696E+03    1.615388087814848E+03    1.801787281818564E+03    1.804811665368319E+03    1.821695204238754E+03    1.831992565750393E+03    1.832299978481630E+03    1.834945482540176E+03    1.869830827772827E+03    2.075580241125401E+03    2.091277503588255E+03    2.095243409529136E+03    2.103199306520426E+03    2.107563532397643E+03    2.108185425099162E+03    2.143967660520367E+03    2.366500323203678E+03    2.368657277688822E+03    2.384512148837396E+03    2.390730292165793E+03    2.398033360344741E+03    2.400506107389690E+03    2.402699837292101E+03    2.437840590805855E+03    2.679557014062454E+03    2.694377145633109E+03    2.697130905237422E+03    2.704583375220931E+03    2.710717521928717E+03    2.715315824341153E+03    2.716068335176201E+03    2.751339032338451E+03    3.010442277600945E+03    3.012061772915426E+03    3.026770539409860E+03    3.035414112904275E+03    3.036998680906976E+03    3.042807366836322E+03    3.048602608768876E+03    3.049629066568946E+03    3.084574009272832E+03    3.362909167617970E+03    3.376688260881657E+03    3.378758767895463E+03    3.388069889565730E+03    3.388101982368819E+03    3.396778611475742E+03    3.401934971419385E+03    3.402885172963043E+03    3.437549793049521E+03    3.733659244133903E+03    3.734922203490480E+03    3.748516552967675E+03    3.758127178049480E+03    3.759590136369515E+03    3.761343319785055E+03    3.768630589300743E+03    3.775202816320430E+03    3.775796373176181E+03    3.810227142112401E+03
    5.052716870379399E-01    1.439651163296844E+00    2.317480127093222E+01    4.168355406679871E+01    9.237833626612974E+01    1.370628959177982E+02    1.757566844455506E+02    1.952298431228961E+02    2.285980179980248E+02    2.493054008626782E+02    3.027042135296830E+02    3.083995192825606E+02    3.475388483328160E+02    3.998763555623809E+02    4.172789375662016E+02    4.315254620907170E+02    4.610933354912103E+02    5.294610772089015E+02    5.426185478743148E+02    5.590691119824580E+02    5.836119935368727E+02    6.615112442859474E+02    6.711745644796811E+02    6.867643612001643E+02    6.884422343515701E+02    7.251266048147802E+02    8.184113605210914E+02    8.357242122955638E+02    8.452243668821204E+02    8.484641944907721E+02    8.811154279295336E+02    9.835754201936777E+02    9.892532757074762E+02    1.008435843196758E+03    1.012844642946915E+03    1.017260999738858E+03    1.051850481002718E+03    1.170044924320558E+03    1.187139223178171E+03    1.195327302928005E+03    1.197541070436412E+03    1.201604073332385E+03    1.238547205082096E+03    1.367548669047546E+03    1.371215426414317E+03    1.389146235292355E+03    1.399603871014440E+03    1.400912422371801E+03    1.403220281132147E+03    1.440507878385185E+03    1.584496519816684E+03    1.601127208528886E+03    1.606031498957557E+03    1.614815385295276E+03    1.618197119341246E+03    1.619045745503698E+03    1.657775233893179E+03    1.813940410672190E+03    1.816504371582703E+03    1.833422632045274E+03    1.840024230450344E+03    1.848527199019090E+03    1.849991592457822E+03    1.852467352970567E+03    1.890754103880975E+03    2.061760328449799E+03    2.077549350042752E+03    2.080909579251618E+03    2.088750275592315E+03    2.095786689691440E+03    2.099604457502717E+03    2.100613555710945E+03    2.139100453352440E+03    2.322930996808834E+03    2.324830328092871E+03    2.340573961294957E+03    2.349691736146774E+03    2.351719898843275E+03    2.358266285280828E+03    2.363565717909571E+03    2.364718750266263E+03    2.403010043589155E+03    2.601809800910910E+03    2.616536164250135E+03    2.619014431350100E+03    2.628828521707620E+03    2.628842722674594E+03    2.638624430184358E+03    2.643339377195473E+03    2.644448227768997E+03    2.682517310845740E+03    2.894582869621210E+03    2.896050419900586E+03    2.910620704269007E+03    2.920815654604285E+03    2.922669360861483E+03    2.924395498017600E+03    2.932616162854029E+03    2.938945906036504E+03    2.939653243561565E+03    2.977520246596368E+03
    5.644079416760377E-01   -6.928542100407736E+01   -5.429120038593737E+01   -4.290574239895494E+01    1.032574406420133E+01    4.490074824795568E+01    8.259121287463176E+01    8.583825608956852E+01    1.245422228476762E+02    1.428300448355750E+02    1.795194796041541E+02    1.824312430772458E+02    2.219792979375017E+02    2.532477491817577E+02    2.752339552487291E+02    2.890964479512315E+02    3.167521923828325E+02    3.609906958509237E+02    3.723958543329886E+02    3.950705288067606E+02    4.153911107951262E+02    4.645672055391198E+02    4.771131588263669E+02    4.910560691976824E+02    4.937934886166494E+02    5.296417502813649E+02    5.922700438760546E+02    6.088530767917730E+02    6.204003452459683E+02    6.267480623164392E+02    6.567181667747325E+02    7.232708900756895E+02    7.305166287263253E+02    7.498772631147251E+02    7.532312050102717E+02    7.608360177627867E+02    7.941708367480246E+02    8.737514722171754E+02    8.912398458116527E+02    9.014556886391433E+02    9.022105380396495E+02    9.070474384048955E+02    9.448465566778696E+02    1.031145894852983E+03    1.035679173123651E+03    1.054378093225130E+03    1.064099708660598E+03    1.067277608214527E+03    1.069841822084203E+03    1.107783158622927E+03    1.205625819151313E+03    1.222928091715026E+03    1.229127861376924E+03    1.238800333488444E+03    1.240403320633421E+03    1.241671055574804E+03    1.282530609137003E+03    1.388888919250541E+03    1.391976800863900E+03    1.409766421953398E+03    1.416655672159960E+03    1.426419052632327E+03    1.426686856470485E+03    1.429231050906178E+03    1.470085264269720E+03    1.587897527486952E+03    1.604466227189503E+03    1.608649926659512E+03    1.616723615809823E+03    1.624873496876793E+03    1.627167516407461E+03    1.628573742615091E+03    1.669748199306047E+03    1.796751886857763E+03    1.798997431587887E+03    1.815629002424274E+03    1.825055278682074E+03    1.827726788214118E+03    1.835143458584107E+03    1.839278317947144E+03    1.840568326383288E+03    1.881825045438883E+03    2.020534565407603E+03    2.036060428207245E+03    2.039072285512964E+03    2.049191842865631E+03    2.049236681786424E+03    2.060274354322738E+03    2.063947815384253E+03    2.065248271525293E+03    2.106408122198412E+03    2.254822219268892E+03    2.256535281516689E+03    2.271956672577512E+03    2.282580356581844E+03    2.284993868159351E+03    2.286595424382975E+03    2.295898904892407E+03    2.301412238409351E+03    2.302261202251125E+03    2.343297125580216E+03
    6.266096202576552E-01   -1.340110087855963E+02   -1.240799813035429E+02   -1.172660487315630E+02   -6.197992730618483E+01   -3.518288434938927E+01   -7.114815249268474E+00    2.476436843761121E+00    3.509513983296802E+01    5.174599356550550E+01    7.674171742514295E+01    7.742636523639237E+01    1.165344096032288E+02    1.324104883266633E+02    1.594788835332979E+02    1.718152844528228E+02    1.970097914701895E+02    2.247245330879539E+02    2.333243458220118E+02    2.630602347845537E+02    2.774757553418037E+02    3.058675176482976E+02    3.220699399321113E+02    3.331560828384903E+02    3.377569363339919E+02    3.704447038271429E+02    4.120334032252555E+02    4.269999695610848E+02    4.410886874209178E+02    4.514054655648108E+02    4.760765562226346E+02    5.165980227466172E+02    5.260655159996422E+02    5.447752077902701E+02    5.465527770663580E+02    5.589836681447321E+02    5.881492248099660E+02    6.400272338309410E+02    6.573141583866809E+02    6.689056630873163E+02    6.694970324381388E+02    6.756750179842456E+02    7.115604531197673E+02    7.666320977944322E+02    7.723829784520358E+02    7.914481991095211E+02    7.997211457993121E+02    8.045731998317870E+02    8.096326958217398E+02    8.451634163213480E+02    9.089505367127349E+02    9.265725119462568E+02    9.345682682883162E+02    9.440136313071464E+02    9.446604325047861E+02    9.466689932425827E+02    9.876454568052382E+02    1.056896913018930E+03    1.060688900155996E+03    1.079103365834322E+03    1.086108959250114E+03    1.095239155406440E+03    1.097736680723937E+03    1.098922685968669E+03    1.140867244802741E+03    1.218831708296686E+03    1.235942390926231E+03    1.241278723844067E+03    1.249365568279966E+03    1.258706149325020E+03    1.258762325221928E+03    1.260931812403046E+03    1.303651250536961E+03    1.387750331003290E+03    1.390440510229329E+03    1.407785230349435E+03    1.417291957152611E+03    1.420904724465880E+03    1.429430628331442E+03    1.431445841159583E+03    1.432894250631200E+03    1.476410644954771E+03    1.569634680348130E+03    1.585783768375949E+03    1.589523472298055E+03    1.599713179733812E+03    1.599778115803603E+03    1.612374508864647E+03    1.614155467173427E+03    1.615690175957681E+03    1.659343191999478E+03    1.759319307107391E+03    1.761336180678496E+03    1.777466011608468E+03    1.788315990876333E+03    1.791535673467614E+03    1.792877867046665E+03    1.803522802840022E+03    1.807390742420770E+03    1.808422840700265E+03    1.852104960807965E+03
    6.918337353624580E-01   -1.926243628128892E+02   -1.863275614588334E+02   -1.823490960297999E+02   -1.255009120664503E+02   -1.049770214959393E+02   -8.632202853790437E+01   -6.667207216913408E+01   -4.217272729415555E+01   -2.717940410494680E+01   -1.256926873816644E+01   -8.014639250101254E+00    2.830830446234813E+01    3.205155761001424E+01    6.431438347163726E+01    7.340310760155683E+01    9.703900438559697E+01    1.138389997874178E+02    1.185732821359809E+02    1.538786742815894E+02    1.643229171457098E+02    1.767181127909063E+02    1.970739012068856E+02    2.042651498302462E+02    2.114373362381290E+02    2.393826396323641E+02    2.671603177827709E+02    2.795208781435691E+02    2.968360774446461E+02    3.104761197173420E+02    3.286139482231138E+02    3.507347019901379E+02    3.632294712793184E+02    3.799676208797224E+02    3.804780064184265E+02    3.988551265081164E+02    4.208483533870484E+02    4.537694804933550E+02    4.700436964463511E+02    4.824102743315204E+02    4.836635340427207E+02    4.928245394158265E+02    5.230807308897023E+02    5.562510571082464E+02    5.637560211965522E+02    5.826051595978231E+02    5.886419713748819E+02    5.954728986439991E+02    6.044738567695579E+02    6.343869857477507E+02    6.739795865634949E+02    6.914424111207977E+02    7.017827500631918E+02    7.084018010796672E+02    7.105062159358438E+02    7.152612821594996E+02    7.520256345765124E+02    7.944385592288022E+02    7.992182029403050E+02    8.179282182817601E+02    8.247312699949846E+02    8.328890958009010E+02    8.360484827015441E+02    8.401728163306932E+02    8.789739177559118E+02    9.278650074616178E+02    9.452136647591985E+02    9.521698690779556E+02    9.600114278056910E+02    9.673732913580454E+02    9.692503696125168E+02    9.725950004252336E+02    1.013515166009398E+03    1.065803319453400E+03    1.069088872088158E+03    1.086935960831227E+03    1.096206748429016E+03    1.101201711986655E+03    1.109821292305283E+03    1.111179240582390E+03    1.111500671489125E+03    1.156083746969064E+03    1.215393719046273E+03    1.231955814064128E+03    1.236723687216658E+03    1.246635388316866E+03    1.246741185261158E+03    1.260099780243332E+03    1.261338511545076E+03    1.261932308167728E+03    1.307059526468143E+03    1.370535167026594E+03    1.372941685028576E+03    1.389620893646528E+03    1.400434063993026E+03    1.404778073706361E+03    1.405752763095195E+03    1.418106077437037E+03    1.419196221692378E+03    1.420490927602382E+03    1.465905072615950E+03
    7.600352107817727E-01   -2.450149534329997E+02   -2.411846063900451E+02   -2.389151303372960E+02   -1.810657210263798E+02   -1.656614748830513E+02   -1.537609364732007E+02   -1.268746069313640E+02   -1.082949624249194E+02   -9.621537256804157E+01   -8.827471339780044E+01   -8.004083845224886E+01   -5.164177371690243E+01   -4.528410834019121E+01   -1.488066483752880E+01   -9.644080168110747E+00    1.339523351721414E+01    2.324585477727646E+01    2.332614157828164E+01    6.076596895069611E+01    7.091972935589763E+01    7.216103750711045E+01    9.567782465306743E+01    9.810372606989313E+01    1.076542683892985E+02    1.315384375881522E+02    1.501953050527201E+02    1.589218478271273E+02    1.802245614639824E+02    1.941424633357095E+02    2.078591807136885E+02    2.165998816116835E+02    2.327745584919569E+02    2.444645627455204E+02    2.481793326587452E+02    2.704027878498329E+02    2.841145778156576E+02    3.043717993290829E+02    3.186269770411229E+02    3.319510489503592E+02    3.336463601553662E+02    3.466394400876626E+02    3.688932286292020E+02    3.875170352040677E+02    3.975090537963075E+02    4.153738496887287E+02    4.183908423084696E+02    4.278961726824648E+02    4.409818085097609E+02    4.629407102691920E+02    4.863764008709471E+02    5.030298215073476E+02    5.158086325054700E+02    5.191364748918076E+02    5.235320402061798E+02    5.320992524620499E+02    5.610125672538122E+02    5.850439040775004E+02    5.912537974031125E+02    6.098009842403496E+02    6.158070647535735E+02    6.229949182820847E+02    6.263939910116062E+02    6.350768434959123E+02    6.674778864124744E+02    6.963528490502326E+02    7.135365840830839E+02    7.226381844804362E+02    7.301469629253502E+02    7.344122149517830E+02    7.374583924133435E+02    7.451463644759028E+02    7.801501522303715E+02    8.098715356383741E+02    8.139890940876933E+02    8.320669787940487E+02    8.406632829361311E+02    8.476599160846242E+02    8.532822826453619E+02    8.552771227064111E+02    8.595167463291675E+02    8.992385020120848E+02    9.342913659002652E+02    9.510066433410666E+02    9.572442399631793E+02    9.663677295184818E+02    9.666294995752494E+02    9.781472567466094E+02    9.803170128731954E+02    9.837543781074010E+02    1.025428175734563E+03    1.062285787645624E+03    1.065212411312862E+03    1.082259711012320E+03    1.092691579418580E+03    1.098284441645853E+03    1.099413673479692E+03    1.110523754087628E+03    1.111985717337644E+03    1.113852602406802E+03    1.157939418049346E+03
    8.311669126684924E-01   -2.911304378616595E+02   -2.888819891399189E+02   -2.876180025783020E+02   -2.294128166092902E+02   -2.181794844371775E+02   -2.109578171876028E+02   -1.794011707179317E+02   -1.643460298648179E+02   -1.564873723794749E+02   -1.524196668973711E+02   -1.408680929190339E+02   -1.214911143070546E+02   -1.071109166333321E+02   -8.253803863346826E+01   -7.848618022334409E+01   -5.624944652102505E+01   -5.592839595864700E+01   -5.125933831861443E+01   -1.786673266320213E+01   -1.607481501394864E+01   -4.894799518655759E+00    1.010110637283998E+01    1.317410046215275E+01    2.093986267893399E+01    4.338159748714986E+01    5.565313189369215E+01    5.979306537305138E+01    8.570291848472596E+01    9.596347512375314E+01    1.075701967139454E+02    1.091357412577715E+02    1.275917376874361E+02    1.335689450991478E+02    1.410321404234754E+02    1.644757124281153E+02    1.739028678510841E+02    1.841782298941872E+02    1.952994912535003E+02    2.096388802423240E+02    2.122617892703510E+02    2.274599751269030E+02    2.423532894798607E+02    2.514018950285415E+02    2.646189862068342E+02    2.800601702152090E+02    2.807693527745964E+02    2.931273815570381E+02    3.085054928185122E+02    3.227668229495082E+02    3.358594199427067E+02    3.508543818690555E+02    3.651681511593038E+02    3.659053759323621E+02    3.748931369785156E+02    3.856405641620134E+02    4.047745012090246E+02    4.168917909547908E+02    4.251709197980749E+02    4.429405909486441E+02    4.471348159855856E+02    4.540020278831531E+02    4.574395214671030E+02    4.706315993233430E+02    4.946973528194526E+02    5.109765527997228E+02    5.274488529557784E+02    5.389033171195417E+02    5.464594878151925E+02    5.467500759531194E+02    5.511399962004757E+02    5.637916700742471E+02    5.901419954746316E+02    6.049207877310714E+02    6.102421754446009E+02    6.281717714792169E+02    6.354982133243461E+02    6.450632671235544E+02    6.467871120042005E+02    6.496933846280886E+02    6.589575788991949E+02    6.905870237944187E+02    7.095617309949353E+02    7.260898823352738E+02    7.343334130305475E+02    7.420107946205915E+02    7.428016186503271E+02    7.514906852049746E+02    7.540949937584783E+02    7.625096837251390E+02    7.972622910391208E+02    8.159076832593980E+02    8.195579241586850E+02    8.367484232925326E+02    8.463480930787027E+02    8.530674793889455E+02    8.556797076541779E+02    8.626417754798001E+02    8.646091298668464E+02    8.716501312321386E+02    9.090823761958800E+02
    9.051796821096438E-01   -3.310205522932981E+02   -3.297377732150902E+02   -3.290517775224438E+02   -2.711847996957818E+02   -2.633066345016395E+02   -2.591450874064370E+02   -2.248471528039665E+02   -2.117542560251714E+02   -2.083991523563881E+02   -2.065777030632471E+02   -1.921928897630373E+02   -1.796497111210911E+02   -1.596018936467298E+02   -1.402917244832006E+02   -1.357698794066891E+02   -1.218503608161478E+02   -1.137101113978391E+02   -1.129114539212816E+02   -8.768277367666980E+01   -8.323092737976464E+01   -7.091844262847843E+01   -6.310977939228803E+01   -5.433844188325151E+01   -5.174765250192667E+01   -2.851051766633020E+01   -2.187341106390579E+01   -2.085814211048921E+01    8.876015671110736E+00    1.360502111310154E+01    1.869119144033300E+01    2.768097127492126E+01    4.250308503009865E+01    4.259097061047078E+01    5.286440853473300E+01    7.487258169171128E+01    8.622361622607150E+01    8.749351379283701E+01    9.438832892029473E+01    1.095460821939038E+02    1.140621408838542E+02    1.282104107955759E+02    1.393127068180512E+02    1.411956312795147E+02    1.579572648811965E+02    1.671495754177422E+02    1.720417081735059E+02    1.845270763757376E+02    1.987301852297321E+02    2.088418674787431E+02    2.148697525866952E+02    2.271812923499808E+02    2.411802629644816E+02    2.424568057236443E+02    2.559187061488233E+02    2.668568074131424E+02    2.773514484344354E+02    2.812780179760364E+02    2.923567549615482E+02    3.086668703692011E+02    3.097683554847682E+02    3.174016827668194E+02    3.208630917572801E+02    3.369323285053690E+02    3.528778549901424E+02    3.620044645018055E+02    3.770366627007662E+02    3.903099325801016E+02    3.938306225333793E+02    3.996113094078136E+02    4.017723766318827E+02    4.172805796365278E+02    4.344993162092147E+02    4.399598888266131E+02    4.470365102624628E+02    4.642894016414497E+02    4.695714671082102E+02    4.794458677769414E+02    4.804572976411228E+02    4.860283961219673E+02    4.975427670636038E+02    5.195991883340610E+02    5.290022352990968E+02    5.448773284791594E+02    5.554164004209736E+02    5.611010512234718E+02    5.634411524104401E+02    5.680308607252787E+02    5.711516750463106E+02    5.844524079701048E+02    6.105383451733626E+02    6.178153266858828E+02    6.225083495187919E+02    6.395303705818978E+02    6.477208739391090E+02    6.556807854452395E+02    6.608931979582981E+02    6.619827082231329E+02    6.646563126102303E+02    6.774606590417081E+02    7.057834984609694E+02
    9.820223690988863E-01   -3.648536056534407E+02   -3.641379607121473E+02   -3.637758242023771E+02   -3.069192576500519E+02   -3.016442249316118E+02   -2.993553176040807E+02   -2.637936159058490E+02   -2.534989012520129E+02   -2.520108812571540E+02   -2.505381124549179E+02   -2.354511765291644E+02   -2.278162281880624E+02   -2.041055784121260E+02   -1.883140383294510E+02   -1.843905780697438E+02   -1.765279197251779E+02   -1.638694308649695E+02   -1.614260937245270E+02   -1.465294930518709E+02   -1.370586060142763E+02   -1.277880769771380E+02   -1.240433257199051E+02   -1.120342826204380E+02   -1.102829529471076E+02   -8.912874452606076E+01   -8.706602681225542E+01   -8.309170705520205E+01   -5.465775435616149E+01   -5.388212901988658E+01   -5.381566997089448E+01   -3.980696253163489E+01   -3.236584692573808E+01   -2.592686759242565E+01   -2.061958257670574E+01    5.971397620338621E-01    9.774080731762240E+00    1.166570656940388E+01    1.376819493132189E+01    2.718432136135425E+01    3.456609244227548E+01    4.497751849360930E+01    5.179283005014383E+01    5.616343918773566E+01    7.202909541293911E+01    7.478865503324266E+01    8.346161622058582E+01    9.685294320199864E+01    1.068551669928490E+02    1.165887975877829E+02    1.176997091009724E+02    1.262335476239423E+02    1.393233892699199E+02    1.429057401531079E+02    1.577941638366327E+02    1.678908881814084E+02    1.716291952252310E+02    1.763300862782484E+02    1.859515639955455E+02    1.973721368828388E+02    2.002555502626942E+02    2.064317675526713E+02    2.105050570622824E+02    2.269439074450473E+02    2.367709223691088E+02    2.421646799994867E+02    2.548422806506592E+02    2.691412679412948E+02    2.693846586549975E+02    2.795495270002880E+02    2.831998280159497E+02    2.968708867320764E+02    3.067641472998750E+02    3.073997770894994E+02    3.162750492758412E+02    3.322241187210624E+02    3.345418990267840E+02    3.432437586446677E+02    3.453836354816267E+02    3.562626020908913E+02    3.661832337429922E+02    3.792155551544819E+02    3.835464837546458E+02    3.981331689509245E+02    4.105068218050488E+02    4.140390654131419E+02    4.191068799971325E+02    4.197723505045019E+02    4.228524825921671E+02    4.392605777561892E+02    4.570544712017423E+02    4.579107211055145E+02    4.641242357586409E+02    4.805330782701781E+02    4.866096527455176E+02    4.958884993766367E+02    4.985797840551747E+02    5.024502935864774E+02    5.047262784285855E+02    5.198735271238297E+02    5.387156190955779E+02
    1.061641867885337E+00   -3.929056942540638E+02   -3.925138242189766E+02   -3.923279716477796E+02   -3.370563796663184E+02   -3.336887392112274E+02   -3.324782093654642E+02   -2.969461676823189E+02   -2.904687162610250E+02   -2.897676384761969E+02   -2.834929858545429E+02   -2.717473121535784E+02   -2.673755127201071E+02   -2.412806247501227E+02   -2.282708745195312E+02   -2.249722490409661E+02   -2.216417310567752E+02   -2.058204136086919E+02   -2.016303820111511E+02   -1.946779243817611E+02   -1.811050507792237E+02   -1.762010482466196E+02   -1.746253734997579E+02   -1.613870785298562E+02   -1.571716117618477E+02   -1.443559757141719E+02   -1.352963411586475E+02   -1.335982252346968E+02   -1.128800037469326E+02   -1.104233402217209E+02   -1.062097651442421E+02   -9.508187049330115E+01   -9.387825877061124E+01   -8.243086099590442E+01   -8.069610444482299E+01   -6.002752418780972E+01   -5.610117555489273E+01   -5.271365582677925E+01   -4.779772572036967E+01   -4.082349976519458E+01   -3.004586786772904E+01   -2.386879253818245E+01   -2.075519104452974E+01   -1.121745148656868E+01   -7.848196015286817E-01    3.087260655499108E+00    1.026363448293267E+01    2.604270485174914E+01    3.072881276534383E+01    3.981573798782563E+01    4.104295158541254E+01    4.367058999180665E+01    5.599177677224395E+01    6.253205327557009E+01    7.516480038353484E+01    8.287228280250133E+01    8.490385801923458E+01    9.655941403737847E+01    1.004140226165334E+02    1.053321772841689E+02    1.121786928356927E+02    1.157080853612323E+02    1.213490216428740E+02    1.358750621081110E+02    1.426461526470857E+02    1.458998936262745E+02    1.551874297476771E+02    1.677320471861591E+02    1.703404582521027E+02    1.826884054523994E+02    1.858391446693845E+02    1.966080762106212E+02    1.990358294039916E+02    2.046774808148492E+02    2.114853495816328E+02    2.241233203170997E+02    2.255766263178070E+02    2.321277484199916E+02    2.355121439575172E+02    2.508147783578758E+02    2.586467010028329E+02    2.650998873173966E+02    2.663220275227383E+02    2.787994625454558E+02    2.922554183381463E+02    2.932496586517000E+02    2.984544055779209E+02    3.016996986253082E+02    3.050133889845390E+02    3.196008070052320E+02    3.285279803694347E+02    3.310008085435820E+02    3.368749277089461E+02    3.521104501344595E+02    3.552776189380946E+02    3.650145061660231E+02    3.654713720494972E+02    3.714505477745028E+02    3.783524242029400E+02    3.903014187410777E+02    4.013076968038650E+02
    1.143983153674207E+00   -4.155345264728351E+02   -4.153236380757548E+02   -4.152307876632100E+02   -3.619719963539985E+02   -3.599158153760193E+02   -3.592961973133067E+02   -3.248873860635958E+02   -3.211093957012778E+02   -3.207443160139458E+02   -3.103519841457500E+02   -3.018578958291258E+02   -2.994864030582919E+02   -2.718724101627608E+02   -2.621198292659510E+02   -2.585662540719212E+02   -2.574215529258984E+02   -2.404244422866326E+02   -2.354300496453399E+02   -2.337866072340025E+02   -2.180281468316756E+02   -2.163835538530001E+02   -2.156842727686765E+02   -2.014186823087443E+02   -1.961831200232897E+02   -1.894581138557269E+02   -1.759535220203263E+02   -1.742125974664103E+02   -1.608129613721327E+02   -1.555226474292630E+02   -1.505770907079067E+02   -1.442995054655012E+02   -1.396359146361125E+02   -1.317341141527646E+02   -1.271385564344702E+02   -1.114496325584729E+02   -1.092338796191409E+02   -1.028565410226875E+02   -1.003310720393372E+02   -9.701136653662024E+01   -8.339948026738392E+01   -7.953942723284587E+01   -7.938522237434398E+01   -6.596681676796555E+01   -6.255192824535823E+01   -5.270396210344308E+01   -4.983014692276572E+01   -3.186728387155347E+01   -3.134361587990179E+01   -2.381385693144790E+01   -2.244809319735549E+01   -2.138804593934327E+01   -1.223171041090757E+01   -2.430281185390641E+00    6.510611912933200E+00    1.103485763964886E+01    1.710799347237116E+01    3.003920695069110E+01    3.012860778067318E+01    3.183200914715235E+01    3.994694310389275E+01    4.111757916722172E+01    4.920380511793610E+01    5.999914791743220E+01    6.720368817058682E+01    6.884809163005571E+01    7.374166157835066E+01    8.467261019980504E+01    9.030301062630019E+01    1.033974374791758E+02    1.055077335975964E+02    1.118563861723192E+02    1.134298989065074E+02    1.215825499400652E+02    1.272960377580845E+02    1.336044962531679E+02    1.389489604818322E+02    1.413440063614632E+02    1.465964593553473E+02    1.625955190053734E+02    1.679758693663579E+02    1.720152452262871E+02    1.763474179014981E+02    1.814246461106615E+02    1.937168993116406E+02    1.955817354181734E+02    2.004095771380205E+02    2.046189321683553E+02    2.098622397448526E+02    2.209434255543686E+02    2.237258292918521E+02    2.279406394328987E+02    2.347192302092429E+02    2.477874160957916E+02    2.482388313202656E+02    2.556697202299307E+02    2.583906574828218E+02    2.663217535792110E+02    2.744245970731840E+02    2.826560297547150E+02    2.877358730146686E+02
    1.228989320653839E+00   -4.331504059355234E+02   -4.330388909697733E+02   -4.329935938174959E+02   -3.820222457005407E+02   -3.808160907307219E+02   -3.805075957362080E+02   -3.480091050176133E+02   -3.459185653138305E+02   -3.457243604887231E+02   -3.321021509400628E+02   -3.263663737980212E+02   -3.251354638719669E+02   -2.968820790734535E+02   -2.903949831550992E+02   -2.884425825299747E+02   -2.828225005388060E+02   -2.689156955758391E+02   -2.652158793923331E+02   -2.635161181180049E+02   -2.511518041375124E+02   -2.505688247112814E+02   -2.450010851247149E+02   -2.338213955271933E+02   -2.279019281320665E+02   -2.259874584568751E+02   -2.093325558770750E+02   -2.077504796149470E+02   -1.994685498818429E+02   -1.918117332301188E+02   -1.877393925809598E+02   -1.854566531403089E+02   -1.757221024310684E+02   -1.717986808357094E+02   -1.652252136838891E+02   -1.564117753752610E+02   -1.493313375880635E+02   -1.447042757290749E+02   -1.433135990173334E+02   -1.430106902263446E+02   -1.281266245159359E+02   -1.270117927675279E+02   -1.234299272775388E+02   -1.129049546037480E+02   -1.101729683395569E+02   -1.008430341964589E+02   -9.629494921693072E+01   -8.236035263178042E+01   -7.892946134057144E+01   -7.880706241239312E+01   -7.289586431583507E+01   -7.200010132025272E+01   -6.806028383829954E+01   -5.564714534426520E+01   -4.915003506399353E+01   -4.702226899432861E+01   -3.793655949158506E+01   -3.142937655606647E+01   -2.627673161624836E+01   -2.322782124647017E+01   -2.042166848258063E+01   -1.930064191079248E+01   -9.172489117477426E+00   -2.468395058934448E+00    6.069057578168383E+00    7.195172472667537E+00    7.323612169068099E+00    1.683240432484843E+01    2.567393003603581E+01    3.588582527451092E+01    4.133393281190104E+01    4.187806527682221E+01    4.517843218326550E+01    5.340934093895044E+01    5.942115387473086E+01    5.972666114375068E+01    6.705915794211455E+01    6.808414364894588E+01    7.468792438219100E+01    8.798175338484486E+01    9.336683925772900E+01    9.642273728423072E+01    1.017992119911416E+02    1.052286058298605E+02    1.120166589024431E+02    1.168357352726639E+02    1.200326974696035E+02    1.263135153203584E+02    1.302149223777116E+02    1.388170768510699E+02    1.397090784385941E+02    1.445590967821036E+02    1.525752586226904E+02    1.595629548114219E+02    1.637994427087689E+02    1.661680745419451E+02    1.710444708490419E+02    1.817789932189615E+02    1.875969514456502E+02    1.926908423927175E+02    1.961452576897419E+02
    1.316601621322798E+00   -4.461913172472860E+02   -4.461334111255960E+02   -4.461117344925247E+02   -3.975749318249726E+02   -3.968922609778602E+02   -3.967422500141772E+02   -3.666177791073102E+02   -3.655061745193901E+02   -3.654023481068061E+02   -3.494276742490119E+02   -3.457898722729872E+02   -3.451725926233136E+02   -3.172389565875593E+02   -3.133149657223353E+02   -3.122350204458464E+02   -3.025506163255506E+02   -2.920540327327678E+02   -2.900985329809133E+02   -2.866021410844203E+02   -2.785005863651469E+02   -2.782276764737865E+02   -2.680842655407277E+02   -2.600669297483352E+02   -2.552377334973796E+02   -2.528972843842105E+02   -2.363895437183414E+02   -2.352649724259255E+02   -2.303529420307067E+02   -2.218883751497101E+02   -2.188312110064477E+02   -2.170910687419328E+02   -2.053256430759202E+02   -2.036370107987555E+02   -1.963043375666059E+02   -1.926420581924521E+02   -1.827479163230903E+02   -1.812602956370152E+02   -1.807731395346830E+02   -1.754510682537525E+02   -1.651435162094409E+02   -1.644645319376496E+02   -1.591122934410764E+02   -1.537731335119947E+02   -1.462015578485799E+02   -1.406376805916685E+02   -1.335168904921674E+02   -1.233891551847695E+02   -1.231346266913785E+02   -1.185385879185512E+02   -1.146956648888323E+02   -1.136578164478566E+02   -1.114490087582412E+02   -9.981473282397729E+01   -9.380426870506125E+01   -9.355694127875830E+01   -8.234333630833584E+01   -8.146082505697763E+01   -7.404630645010525E+01   -7.121790192634967E+01   -6.996102678505235E+01   -6.553040381043274E+01   -5.676575207160704E+01   -5.264576795923256E+01   -4.702947862368552E+01   -4.396584018516558E+01   -4.158887206163655E+01   -3.852927290194026E+01   -2.709373623127533E+01   -1.917772795910304E+01   -1.563387154477812E+01   -1.068716000901685E+01   -1.028498592335319E+01   -2.798603491038477E+00   -1.234477697190925E+00    5.504447092649286E+00    6.196511331649162E+00    1.022167909813538E+01    1.651347635786897E+01    2.606590846407835E+01    3.298201206900796E+01    3.602563392301693E+01    3.668034404751927E+01    4.514855255106102E+01    4.523621446579750E+01    5.308679080115940E+01    5.371826504064495E+01    6.277283693568745E+01    6.390177201159838E+01    7.006037592021278E+01    7.223504413434591E+01    7.775325196132781E+01    8.653337434243770E+01    8.709027552235273E+01    9.295252166441549E+01    9.469670218784086E+01    1.002062567281125E+02    1.132788404756927E+02    1.143616568753428E+02    1.190186200446823E+02    1.225435480294016E+02
    1.406759507089841E+00   -4.551039486354395E+02   -4.550744242984146E+02   -4.550641934310312E+02   -4.090181782627320E+02   -4.086439863826538E+02   -4.085724711330536E+02   -3.810279183883985E+02   -3.804542370938397E+02   -3.803988183187959E+02   -3.628244738653133E+02   -3.606383633248524E+02   -3.603369807837241E+02   -3.335718624579080E+02   -3.313663007310139E+02   -3.307716694188018E+02   -3.176978663289831E+02   -3.103806671432802E+02   -3.093891942160953E+02   -3.053778853212984E+02   -3.003847116459568E+02   -3.002479581380061E+02   -2.864368450264237E+02   -2.811573220983454E+02   -2.783062993054474E+02   -2.719610098808108E+02   -2.580879219093401E+02   -2.574158973631351E+02   -2.547009062766853E+02   -2.471565510515846E+02   -2.456293349543216E+02   -2.392557217123830E+02   -2.295940659124025E+02   -2.287650775891361E+02   -2.215131971877499E+02   -2.210171625145331E+02   -2.125980250919679E+02   -2.121052043160731E+02   -2.074274965671747E+02   -2.017679359734078E+02   -1.955321760836508E+02   -1.935698936445515E+02   -1.876983775431249E+02   -1.867228871465949E+02   -1.759220345277844E+02   -1.722490570198276E+02   -1.639260122011437E+02   -1.592612504989849E+02   -1.559709261393423E+02   -1.518766605814875E+02   -1.507623120440270E+02   -1.477723782362933E+02   -1.430344041102621E+02   -1.359100246974576E+02   -1.313318124716222E+02   -1.290741302773864E+02   -1.220027065096885E+02   -1.183013728782618E+02   -1.142370057614464E+02   -1.130356779882090E+02   -1.091716561232764E+02   -1.019090598082291E+02   -9.653120180125450E+01   -9.191050095924152E+01   -9.100222519656279E+01   -8.462729794184241E+01   -8.362520122832785E+01   -8.026788291206924E+01   -7.075917150947981E+01   -6.324977381703440E+01   -6.153800500491775E+01   -5.578786938953505E+01   -5.392906079116017E+01   -5.065821491409463E+01   -4.904103616894264E+01   -4.368203889523295E+01   -3.982298857343329E+01   -3.533073539020683E+01   -3.079328545392320E+01   -2.395028481221578E+01   -1.645855092237827E+01   -1.631087312911791E+01   -1.193807124610993E+01   -9.472918014580443E+00   -5.758259155861538E+00   -1.171618569661803E+00    1.119396776519352E+00    9.794775795340570E+00    1.091562511371035E+01    1.445062449943885E+01    1.671233462332214E+01    2.330756158477641E+01    2.765534281809789E+01    3.305377581213952E+01    3.338006899353263E+01    3.846368075379041E+01    4.268481257187318E+01    5.349965263698721E+01    5.683564303561536E+01    5.901758827881383E+01    6.360630171822675E+01
    1.499400670118658E+00   -4.603300288510248E+02   -4.603152361557746E+02   -4.603104451365354E+02   -4.167537246158208E+02   -4.165544128997453E+02   -4.165208583267193E+02   -3.915900770176954E+02   -3.913003436949174E+02   -3.912708875944783E+02   -3.726763610142678E+02   -3.714205059115650E+02   -3.712764299760470E+02   -3.462682711867824E+02   -3.450948546146582E+02   -3.447702979353500E+02   -3.291290372232507E+02   -3.243884746598968E+02   -3.239012101525748E+02   -3.203849589981753E+02   -3.174624658567689E+02   -3.173911227179420E+02   -3.009558916633745E+02   -2.977618286492102E+02   -2.961325827281984E+02   -2.860755148718690E+02   -2.751863099470770E+02   -2.749374618269832E+02   -2.735340346942189E+02   -2.676442774265598E+02   -2.668415047637399E+02   -2.561894127228658E+02   -2.491242382295078E+02   -2.486954750199780E+02   -2.441871041544857E+02   -2.399862940718781E+02   -2.371220206265745E+02   -2.368975876406378E+02   -2.282330427463559E+02   -2.229758319033269E+02   -2.194765983286525E+02   -2.170889774393633E+02   -2.130392962688937E+02   -2.097607080962202E+02   -2.001503532578358E+02   -1.970848685118918E+02   -1.883038600833012E+02   -1.878326619458619E+02   -1.832269472285601E+02   -1.807808070523081E+02   -1.784403691590784E+02   -1.740479182013715E+02   -1.685381873590433E+02   -1.647432400870765E+02   -1.612436353250631E+02   -1.573622393762155E+02   -1.546442650878772E+02   -1.484704388399941E+02   -1.472748891931892E+02   -1.467444797855003E+02   -1.404965844200680E+02   -1.316359522398202E+02   -1.290703485626154E+02   -1.264233001225687E+02   -1.236371981907610E+02   -1.202346537785876E+02   -1.172241105310234E+02   -1.111097130394518E+02   -1.065240279804942E+02   -9.851154281915137E+01   -9.839493216644314E+01   -9.221368294765279E+01   -9.075024919799017E+01   -8.998919624883456E+01   -8.705852416058650E+01   -8.450418175045161E+01   -7.817666041333075E+01   -7.090022214065596E+01   -6.981424609467672E+01   -6.366283360643661E+01   -5.964129240290208E+01   -5.638446255318200E+01   -5.399720580217280E+01   -4.982642409468019E+01   -4.891991998427716E+01   -4.661261998751996E+01   -4.181627006224841E+01   -3.357282384632958E+01   -3.152506440540003E+01   -3.043923928997924E+01   -2.811039340090809E+01   -2.164158151588265E+01   -2.091738445427342E+01   -1.596782219622895E+01   -1.075656822447002E+01   -6.020419138746945E+00   -4.210398658251904E+00    4.168700376156323E+00    9.341811207066087E+00    9.839662569524478E+00    1.272465471583598E+01
    1.594461086388473E+00   -4.622967754880326E+02   -4.622894792186844E+02   -4.622872392597098E+02   -4.211850555580953E+02   -4.210815349465420E+02   -4.210659776653653E+02   -3.986809084118505E+02   -3.985366636695779E+02   -3.985210746053401E+02   -3.793242166576026E+02   -3.786293483476709E+02   -3.785616113602995E+02   -3.556296068206102E+02   -3.550302634753045E+02   -3.548549630140393E+02   -3.374534008219223E+02   -3.345684835212780E+02   -3.343343456768789E+02   -3.319994718481665E+02   -3.303535631493569E+02   -3.303152546231249E+02   -3.122305774695551E+02   -3.104270625108364E+02   -3.095215227097937E+02   -2.962615217515761E+02   -2.885076457933768E+02   -2.883906983553321E+02   -2.877073318726191E+02   -2.837272424042542E+02   -2.832939844673786E+02   -2.692697130592643E+02   -2.645567078366699E+02   -2.644431514231723E+02   -2.616598098810353E+02   -2.566344760462148E+02   -2.565237923410544E+02   -2.539468844284559E+02   -2.444188904638690E+02   -2.398687890122857E+02   -2.380370884065089E+02   -2.361057823319880E+02   -2.337874313200516E+02   -2.262799743248040E+02   -2.194283670701828E+02   -2.164634697861084E+02   -2.102893936927535E+02   -2.072613918897619E+02   -2.060510273005066E+02   -2.048576495673864E+02   -1.987009175533319E+02   -1.951749914312846E+02   -1.891038872832174E+02   -1.875403987923519E+02   -1.848676296794465E+02   -1.806928843364287E+02   -1.794384115755119E+02   -1.755123063851661E+02   -1.750859879042828E+02   -1.707687340615060E+02   -1.650793869625472E+02   -1.556784644778582E+02   -1.552467721632509E+02   -1.547046533037405E+02   -1.497976293030600E+02   -1.493885249952530E+02   -1.435626167842875E+02   -1.359747055505354E+02   -1.352158447126918E+02   -1.278427350129193E+02   -1.266442734952329E+02   -1.230817909500100E+02   -1.219007447892825E+02   -1.193229007695744E+02   -1.179759335983658E+02   -1.178073455982907E+02   -1.091069099983353E+02   -1.018745743404819E+02   -9.995791020000121E+01   -9.530001624255135E+01   -9.453215400989734E+01   -9.017701028152430E+01   -8.879598438742346E+01   -8.518638101618131E+01   -8.412850798387262E+01   -7.999196746860468E+01   -7.711133621262314E+01   -6.835952097880505E+01   -6.683000435109864E+01   -6.658122892529263E+01   -6.320212954572844E+01   -6.043893665437395E+01   -5.866959347098964E+01   -5.606089146673958E+01   -4.812431818037743E+01   -4.284855155020824E+01   -4.080332257317508E+01   -3.530561639749300E+01   -3.063739983131859E+01   -3.042123031844807E+01   -2.954437110907526E+01
    1.691875059940726E+00   -4.614104096439095E+02   -4.614068573994855E+02   -4.614058052343368E+02   -4.227063076600718E+02   -4.226536832899661E+02   -4.226465257070955E+02   -4.026842007622427E+02   -4.026129251138335E+02   -4.026046962342386E+02   -3.831009969124055E+02   -3.827284023761362E+02   -3.826969572524939E+02   -3.619596511311508E+02   -3.616627178406098E+02   -3.615690638698183E+02   -3.430741801955827E+02   -3.414056289326245E+02   -3.412946872581938E+02   -3.405153370856524E+02   -3.396125533378922E+02   -3.395914802182575E+02   -3.206221590890135E+02   -3.196507651183015E+02   -3.191601814021259E+02   -3.034111832843716E+02   -2.987215212443961E+02   -2.982785553238874E+02   -2.979456995075285E+02   -2.959261167670645E+02   -2.956882944527014E+02   -2.793496454213011E+02   -2.768236259718111E+02   -2.763806409663292E+02   -2.747862293923870E+02   -2.717938610036315E+02   -2.717357814654088E+02   -2.637635633111641E+02   -2.568046528144506E+02   -2.530037735678892E+02   -2.520874878719837E+02   -2.511745336403708E+02   -2.498577150918875E+02   -2.385937487051689E+02   -2.344380916885685E+02   -2.314482476705767E+02   -2.276440411587452E+02   -2.245472324452446E+02   -2.239273666398404E+02   -2.214123531515036E+02   -2.141628245158852E+02   -2.121343755248762E+02   -2.057133427209094E+02   -2.054352773072835E+02   -2.032794482088522E+02   -2.012378590185377E+02   -1.976400133966795E+02   -1.974339714496221E+02   -1.961327581061132E+02   -1.896011941772949E+02   -1.841705696681324E+02   -1.770310835484470E+02   -1.766304750729910E+02   -1.745679155486329E+02   -1.734901515204160E+02   -1.694581968859862E+02   -1.650011421280560E+02   -1.578984552281511E+02   -1.560371679717564E+02   -1.512086898908099E+02   -1.489527234369078E+02   -1.487942391066915E+02   -1.467953352354285E+02   -1.448331696939634E+02   -1.432458176258936E+02   -1.419120297358822E+02   -1.335031967909172E+02   -1.277153471825009E+02   -1.236214332686887E+02   -1.225188473641802E+02   -1.206652311090209E+02   -1.194361973841046E+02   -1.159263293606375E+02   -1.149383874163886E+02   -1.144977784693105E+02   -1.056158271206647E+02   -1.043392339834319E+02   -9.625702026748741E+01   -9.597418582995101E+01   -9.558128347322446E+01   -9.242973714379428E+01   -9.107191268542920E+01   -8.883578842169464E+01   -8.877273998961476E+01   -7.856697459285323E+01   -7.459188038631476E+01   -6.923764489101575E+01   -6.688443517886350E+01   -6.398835711742402E+01   -6.386000376888273E+01   -6.307009619216564E+01
    1.791575268281242E+00   -4.580519706409840E+02   -4.580502577151804E+02   -4.580497580329907E+02   -4.216940192539901E+02   -4.216677303191851E+02   -4.216644483103499E+02   -4.039751324124634E+02   -4.039399453847469E+02   -4.039355993459420E+02   -3.843387255926523E+02   -3.841440676294969E+02   -3.841295942823647E+02   -3.655809081872505E+02   -3.654370531112000E+02   -3.653875380759341E+02   -3.462908306647665E+02   -3.462143956779369E+02   -3.457287759922418E+02   -3.457188271778424E+02   -3.453585150414881E+02   -3.453064676231442E+02   -3.264012167704246E+02   -3.258919218402565E+02   -3.256326324588701E+02   -3.081625293605653E+02   -3.063018322832838E+02   -3.050302535147030E+02   -3.048756298269308E+02   -3.047579524596039E+02   -3.046219551267527E+02   -2.869214549931754E+02   -2.862870386554741E+02   -2.851498058909278E+02   -2.842964899598547E+02   -2.832055217926193E+02   -2.831715261008150E+02   -2.703673371354855E+02   -2.662009750224839E+02   -2.628234998139187E+02   -2.627283231802672E+02   -2.623639935962600E+02   -2.619947204404671E+02   -2.478351168373815E+02   -2.458954333424007E+02   -2.429312752413066E+02   -2.407673023618084E+02   -2.390978259592401E+02   -2.387592617349420E+02   -2.314321422255896E+02   -2.259789208122867E+02   -2.254977215769734E+02   -2.198671937776042E+02   -2.184875824088574E+02   -2.173815036200380E+02   -2.171722485211039E+02   -2.152446708832257E+02   -2.151327629615623E+02   -2.084360703181571E+02   -2.042369786114327E+02   -1.989098331024452E+02   -1.944111871522544E+02   -1.940443483663668E+02   -1.922758448681936E+02   -1.889806991410781E+02   -1.846457663100442E+02   -1.822148716431730E+02   -1.756449685526448E+02   -1.722076348038877E+02   -1.696252931041756E+02   -1.693874115488471E+02   -1.675955739552140E+02   -1.665918804941642E+02   -1.658212923618177E+02   -1.624205028043735E+02   -1.603593716044107E+02   -1.525061533497682E+02   -1.484010580013713E+02   -1.447728986983900E+02   -1.429366878868919E+02   -1.425037000625662E+02   -1.406785016559013E+02   -1.404352531736088E+02   -1.400462441680943E+02   -1.360774934124792E+02   -1.282576041261642E+02   -1.241060818405668E+02   -1.197496378566386E+02   -1.187646299761792E+02   -1.184235546579483E+02   -1.181391737862863E+02   -1.153457592824275E+02   -1.139756159994324E+02   -1.129335249205548E+02   -1.027934999736956E+02   -1.002899478266675E+02   -9.272981875102261E+01   -9.208016273778657E+01   -9.158604775364461E+01   -9.124230711132930E+01   -9.002513627453163E+01
    1.893492808906530E+00   -4.525748778225366E+02   -4.525740564201336E+02   -4.525738149841063E+02   -4.185018900180779E+02   -4.184889270902850E+02   -4.184874201855022E+02   -4.029100311698926E+02   -4.028925646350149E+02   -4.028902584028734E+02   -3.833632892775877E+02   -3.832636968675639E+02   -3.832570603475693E+02   -3.668228481616489E+02   -3.667541746802770E+02   -3.667282343741650E+02   -3.493945754812081E+02   -3.491335006536743E+02   -3.491267266165696E+02   -3.473541502911099E+02   -3.468550612495484E+02   -3.468310209301403E+02   -3.298331600009313E+02   -3.295688660473268E+02   -3.294350922916032E+02   -3.115239633590820E+02   -3.109127264455672E+02   -3.106979903885737E+02   -3.106355117945527E+02   -3.090879494993964E+02   -3.090118163359364E+02   -2.932419416456896E+02   -2.922629828778318E+02   -2.914239386025516E+02   -2.913998082133820E+02   -2.912141744076521E+02   -2.907811900611606E+02   -2.745954194331949E+02   -2.732238763048859E+02   -2.712805953176793E+02   -2.708611981350358E+02   -2.696765282146343E+02   -2.694593947595326E+02   -2.547633231165836E+02   -2.544976115559136E+02   -2.515535827448555E+02   -2.504410855764729E+02   -2.501926570505309E+02   -2.499594209931296E+02   -2.381024743223542E+02   -2.361254828378253E+02   -2.347002841593867E+02   -2.309273134125762E+02   -2.294032071473455E+02   -2.289424165801041E+02   -2.288383299176983E+02   -2.283685884479815E+02   -2.278009702982603E+02   -2.174318836953188E+02   -2.153638166218214E+02   -2.102874732443606E+02   -2.079680821218464E+02   -2.077389811556401E+02   -2.069191497023644E+02   -1.994396987648159E+02   -1.961317095315632E+02   -1.956101397518036E+02   -1.895111374621999E+02   -1.855311258109684E+02   -1.851170372382977E+02   -1.844739349447084E+02   -1.839033387988385E+02   -1.837369145402442E+02   -1.785381975477175E+02   -1.775074388372821E+02   -1.747620441624549E+02   -1.672373554613923E+02   -1.650505712004314E+02   -1.623576431607011E+02   -1.615841307410151E+02   -1.605327953115531E+02   -1.602789021273063E+02   -1.571647474033575E+02   -1.559688151813524E+02   -1.531929551500016E+02   -1.460289113336789E+02   -1.401275739173637E+02   -1.393505129335884E+02   -1.387587172608598E+02   -1.370694972620562E+02   -1.367759285257745E+02   -1.357794398408063E+02   -1.326285266898884E+02   -1.319404125244036E+02   -1.218830392916411E+02   -1.207738049926276E+02   -1.140404464013523E+02   -1.133144801127683E+02   -1.131650914112565E+02   -1.128455903928648E+02   -1.123937081386486E+02
    1.997557246922015E+00   -4.453038256965095E+02   -4.453034322168336E+02   -4.453033127730451E+02   -4.134580916797636E+02   -4.134517522573394E+02   -4.134510555282768E+02   -3.998205966125944E+02   -3.998118243555564E+02   -3.998105885505228E+02   -3.804872519463519E+02   -3.804370916580770E+02   -3.804340419131297E+02   -3.660076867458255E+02   -3.659750991610291E+02   -3.659616066608519E+02   -3.503424246265860E+02   -3.502027980336389E+02   -3.501989141840263E+02   -3.465349610997886E+02   -3.462727944504419E+02   -3.462616124447751E+02   -3.311960601223698E+02   -3.310584735170723E+02   -3.309910017595734E+02   -3.146131218952102E+02   -3.141971567359608E+02   -3.141550557542090E+02   -3.118831410062016E+02   -3.108734735744982E+02   -3.108375422325113E+02   -2.979183172991818E+02   -2.968551942389199E+02   -2.968423363575416E+02   -2.956062198387699E+02   -2.950215862522054E+02   -2.947975051021419E+02   -2.782355336821970E+02   -2.772302775558372E+02   -2.770013442055936E+02   -2.769668803245071E+02   -2.740388795462043E+02   -2.739346885414782E+02   -2.609103643275445E+02   -2.597259524182110E+02   -2.583528479258702E+02   -2.582679030643870E+02   -2.577027480172709E+02   -2.571008958111905E+02   -2.440593309358510E+02   -2.422719055703826E+02   -2.414413922108026E+02   -2.394570709752618E+02   -2.393212028757921E+02   -2.391028631278821E+02   -2.382990732748844E+02   -2.355249674375229E+02   -2.352471420210241E+02   -2.240548315962961E+02   -2.236634253265038E+02   -2.190998560885911E+02   -2.186986873554071E+02   -2.183529094186799E+02   -2.174808748796132E+02   -2.065654998563522E+02   -2.060532223409691E+02   -2.045821609102488E+02   -2.003172276560104E+02   -1.980629262826060E+02   -1.978255925196569E+02   -1.973092508617850E+02   -1.951816937708707E+02   -1.944918027819970E+02   -1.893213541697156E+02   -1.878253909561664E+02   -1.857863098013028E+02   -1.788708269741039E+02   -1.783015767907597E+02   -1.768472328816604E+02   -1.765625253973066E+02   -1.762526231930268E+02   -1.755459103106106E+02   -1.681274885481427E+02   -1.674205494391574E+02   -1.666355088610989E+02   -1.598971428652864E+02   -1.554800543380213E+02   -1.551081548325427E+02   -1.538518739288876E+02   -1.530707979698117E+02   -1.514594600417215E+02   -1.490421740233853E+02   -1.478144170321349E+02   -1.465185587328189E+02   -1.375096701853702E+02   -1.364125451768173E+02   -1.326334803140791E+02   -1.320334704383472E+02   -1.312116771748888E+02   -1.308177354679214E+02   -1.307684559345089E+02
    2.103696663719330E+00   -4.365346921540944E+02   -4.365345029128732E+02   -4.365344420148929E+02   -4.068646047438095E+02   -4.068615142102564E+02   -4.068611870552575E+02   -3.950110476826610E+02   -3.950065635567520E+02   -3.950058910802084E+02   -3.760046700219383E+02   -3.759796609620521E+02   -3.759782448166742E+02   -3.634407145223132E+02   -3.634251638081434E+02   -3.634181757425833E+02   -3.493459903044755E+02   -3.492710148925607E+02   -3.492687273931807E+02   -3.440853665594533E+02   -3.439501282638928E+02   -3.439448834898327E+02   -3.307707077532872E+02   -3.306981342390606E+02   -3.306647343120203E+02   -3.158086155539008E+02   -3.156004169862163E+02   -3.155766370010928E+02   -3.113022221823333E+02   -3.107562280096962E+02   -3.107391339778178E+02   -3.005478581927207E+02   -2.999346992594257E+02   -2.999274468313745E+02   -2.971863545503477E+02   -2.968536269661958E+02   -2.967431801518217E+02   -2.814404353850814E+02   -2.809197445480190E+02   -2.807838651738878E+02   -2.780085777896639E+02   -2.762812879654415E+02   -2.762309881008437E+02   -2.654032726300495E+02   -2.639967504411524E+02   -2.639144334468625E+02   -2.629954063383138E+02   -2.618154357036440E+02   -2.615100053480678E+02   -2.498546076277982E+02   -2.468528194413335E+02   -2.468211778782259E+02   -2.464406645894386E+02   -2.452386479042000E+02   -2.447093965435023E+02   -2.446362225584437E+02   -2.403306498289315E+02   -2.401944164630780E+02   -2.299531255709830E+02   -2.288018966012526E+02   -2.269809840732764E+02   -2.267097421148126E+02   -2.254288687983757E+02   -2.246845862842035E+02   -2.137268947266475E+02   -2.112862081255828E+02   -2.110090762537617E+02   -2.087593245989316E+02   -2.081732553896764E+02   -2.079806288929984E+02   -2.069515688131448E+02   -2.027213877080154E+02   -2.023773336741770E+02   -1.984387440919781E+02   -1.946023128940203E+02   -1.940443502274983E+02   -1.894518353538172E+02   -1.891987165502377E+02   -1.888758367847329E+02   -1.878968563006985E+02   -1.875603308763461E+02   -1.859274329340982E+02   -1.769600662908404E+02   -1.760994796464639E+02   -1.758069535283582E+02   -1.707524972285158E+02   -1.684793896458797E+02   -1.682245288160245E+02   -1.670310465554297E+02   -1.633908550134396E+02   -1.625719689418638E+02   -1.599660741183256E+02   -1.589273639691068E+02   -1.575302181258243E+02   -1.506127331346195E+02   -1.481949456659455E+02   -1.478434192051324E+02   -1.475528694908536E+02   -1.466315809571423E+02   -1.449278004826562E+02   -1.446503883280257E+02
    2.211837706678996E+00   -4.265352091497485E+02   -4.265351172528325E+02   -4.265350850373727E+02   -3.989981994778156E+02   -3.989966893256241E+02   -3.989965308486134E+02   -3.887569288494143E+02   -3.887545829963635E+02   -3.887542091544803E+02   -3.701887528036987E+02   -3.701763315713911E+02   -3.701756587726772E+02   -3.594048544120324E+02   -3.593972735860133E+02   -3.593936503254063E+02   -3.466728500612388E+02   -3.466322308065581E+02   -3.466308510644252E+02   -3.402554232516300E+02   -3.401864344419495E+02   -3.401839286668858E+02   -3.288280342466811E+02   -3.287890106134791E+02   -3.287726495251578E+02   -3.153510168694572E+02   -3.152479948167364E+02   -3.152344108153052E+02   -3.093532584426841E+02   -3.090640014049940E+02   -3.090557420419048E+02   -3.013470097253658E+02   -3.009955349679061E+02   -3.009909497183542E+02   -2.972247347750395E+02   -2.970359151303915E+02   -2.969820357545499E+02   -2.830326517870812E+02   -2.827749560686359E+02   -2.826986039323505E+02   -2.777269011860363E+02   -2.767625013700772E+02   -2.767379014781795E+02   -2.682295472403160E+02   -2.674605564007101E+02   -2.674186813851145E+02   -2.648424964061118E+02   -2.641358260930068E+02   -2.639842633256886E+02   -2.537733289996318E+02   -2.518994908117290E+02   -2.518842866932960E+02   -2.499045256946401E+02   -2.492627213799052E+02   -2.489693200294401E+02   -2.457582652874192E+02   -2.431516998402099E+02   -2.430842519407138E+02   -2.345439281249484E+02   -2.329840635821467E+02   -2.327191170428228E+02   -2.320172375622490E+02   -2.299926429263583E+02   -2.296126281334728E+02   -2.194065050699090E+02   -2.164272284020306E+02   -2.159071138919585E+02   -2.159066750742745E+02   -2.146449318542764E+02   -2.138248061353555E+02   -2.137029356347595E+02   -2.080638327112750E+02   -2.078912543469160E+02   -2.052822327805986E+02   -2.004900459814946E+02   -1.993834282570224E+02   -1.988235146355619E+02   -1.987792788318280E+02   -1.972582858251651E+02   -1.966425519794237E+02   -1.944753548616227E+02   -1.936102017906901E+02   -1.847465312844757E+02   -1.827255070158758E+02   -1.809787166006950E+02   -1.794870871692889E+02   -1.787189717186387E+02   -1.784790761343234E+02   -1.769297011464831E+02   -1.713775958288653E+02   -1.709616995400844E+02   -1.693576672542338E+02   -1.663191368651914E+02   -1.657533572545152E+02   -1.613098563778368E+02   -1.602054632810288E+02   -1.598353764967289E+02   -1.586827216524418E+02   -1.575176105239115E+02   -1.557035002163572E+02   -1.554421145253779E+02
    2.321905639864155E+00   -4.155462036642791E+02   -4.155461582889766E+02   -4.155461404817889E+02   -3.901128938555886E+02   -3.901121499083765E+02   -3.901120681660221E+02   -3.813046315031153E+02   -3.813033695738716E+02   -3.813031559784362E+02   -3.632922685183172E+02   -3.632860762998362E+02   -3.632857424178403E+02   -3.541573728353400E+02   -3.541535260593903E+02   -3.541516237551098E+02   -3.425688721980962E+02   -3.425465842529248E+02   -3.425457305015283E+02   -3.352835117903765E+02   -3.352484274977454E+02   -3.352471905369852E+02   -3.256201537778427E+02   -3.255987122447005E+02   -3.255906645495426E+02   -3.134772082467172E+02   -3.134259386602967E+02   -3.134180949465099E+02   -3.062347566278088E+02   -3.060832568213275E+02   -3.060791596873218E+02   -3.005318416638617E+02   -3.003305899998275E+02   -3.003275437729261E+02   -2.959497105093079E+02   -2.958423481246822E+02   -2.958159572683214E+02   -2.832066222371444E+02   -2.830798889731680E+02   -2.830369028806012E+02   -2.763250938702090E+02   -2.757990212256240E+02   -2.757867232546657E+02   -2.695588581082133E+02   -2.691484661871741E+02   -2.691235619597045E+02   -2.653720831301026E+02   -2.649568813967146E+02   -2.648816843079171E+02   -2.560135508153420E+02   -2.548690613758291E+02   -2.548589966124545E+02   -2.519716267539084E+02   -2.516328593441889E+02   -2.514694269900121E+02   -2.458353067205267E+02   -2.443277382249226E+02   -2.442937348068653E+02   -2.377478266732318E+02   -2.368897639647645E+02   -2.367596552733007E+02   -2.341804846709388E+02   -2.329069430947897E+02   -2.327145385216819E+02   -2.235217043432132E+02   -2.215364856963994E+02   -2.214387868845412E+02   -2.200208265279556E+02   -2.191022366132692E+02   -2.186346180959056E+02   -2.151121747349661E+02   -2.115424699584291E+02   -2.114546727171648E+02   -2.102161401701688E+02   -2.058512135455791E+02   -2.058152210559535E+02   -2.053350144480664E+02   -2.036928591902091E+02   -2.031271141314039E+02   -2.026511801348169E+02   -1.995907233839511E+02   -1.991412358245692E+02   -1.906502041603383E+02   -1.881105820311745E+02   -1.869103640049965E+02   -1.868435161186562E+02   -1.854031336714761E+02   -1.843258141181605E+02   -1.841456581472942E+02   -1.773115370255453E+02   -1.770978704693674E+02   -1.764452195747654E+02   -1.726024855107340E+02   -1.713074725800730E+02   -1.702958098678771E+02   -1.699975932425019E+02   -1.688984818574170E+02   -1.679258828342838E+02   -1.649132799555592E+02   -1.639398851620429E+02   -1.636458318465269E+02
    2.433824395670318E+00   -4.037832725474215E+02   -4.037832495328932E+02   -4.037832391797660E+02   -3.804439071805089E+02   -3.804435352465463E+02   -3.804434877197973E+02   -3.728709486378805E+02   -3.728702483342360E+02   -3.728701222358440E+02   -3.555507421149819E+02   -3.555476123467789E+02   -3.555474327381679E+02   -3.479263972293667E+02   -3.479243304460351E+02   -3.479232973794976E+02   -3.372573727087178E+02   -3.372449487162286E+02   -3.372444058097891E+02   -3.293953502459514E+02   -3.293773724575316E+02   -3.293767276516583E+02   -3.213736947366070E+02   -3.213616604415544E+02   -3.213575945344203E+02   -3.104098770608790E+02   -3.103835422149510E+02   -3.103789453821679E+02   -3.021454650079413E+02   -3.020661745463107E+02   -3.020640564404617E+02   -2.983133695479747E+02   -2.981979124955664E+02   -2.981957995236704E+02   -2.935734478548650E+02   -2.935120742563356E+02   -2.934988572872329E+02   -2.821602660584934E+02   -2.820968632589454E+02   -2.820725453341051E+02   -2.739499844965561E+02   -2.736661725710376E+02   -2.736598173706311E+02   -2.695623136884691E+02   -2.693424955112744E+02   -2.693270483761793E+02   -2.647720971011330E+02   -2.645292556523166E+02   -2.644914023376402E+02   -2.567501411888993E+02   -2.560613197270561E+02   -2.560539900204160E+02   -2.527942593475944E+02   -2.526116302293395E+02   -2.525208003007965E+02   -2.450106106663198E+02   -2.441615160329245E+02   -2.441438947821872E+02   -2.396995733334572E+02   -2.392476167811861E+02   -2.391717114587607E+02   -2.352068039416721E+02   -2.344335635317339E+02   -2.343355100543848E+02   -2.263130283557066E+02   -2.251638005047731E+02   -2.251076794618100E+02   -2.225770239809316E+02   -2.220394657963031E+02   -2.217783258199879E+02   -2.156196084353474E+02   -2.135407238251563E+02   -2.134737940632283E+02   -2.134281673439370E+02   -2.106907016293991E+02   -2.106678767414656E+02   -2.089982414582108E+02   -2.080405373683109E+02   -2.077565550952560E+02   -2.051849218529605E+02   -2.031659469015048E+02   -2.029326129813681E+02   -1.951878808285429E+02   -1.932610977100171E+02   -1.929351440541314E+02   -1.917436537783199E+02   -1.903709062583887E+02   -1.897469071713685E+02   -1.860209542295242E+02   -1.817642483699568E+02   -1.814908271517156E+02   -1.813790073882869E+02   -1.779416795438770E+02   -1.775137087537573E+02   -1.775000241382656E+02   -1.758536735749411E+02   -1.749581795553128E+02   -1.748258050551586E+02   -1.706352462775651E+02   -1.701188955078343E+02   -1.696805968168704E+02
    2.547516627395418E+00   -3.914388186926025E+02   -3.914388064888117E+02   -3.914388001291869E+02   -3.702129967599209E+02   -3.702128061431708E+02   -3.702127728659773E+02   -3.636424655591837E+02   -3.636420643948019E+02   -3.636419872065403E+02   -3.471891549715405E+02   -3.471875269604579E+02   -3.471874149691432E+02   -3.409047520150139E+02   -3.409035624211417E+02   -3.409029673780140E+02   -3.309411388701949E+02   -3.309340825164327E+02   -3.309337272000529E+02   -3.228082765314855E+02   -3.227988412504827E+02   -3.227984722380846E+02   -3.162816766813037E+02   -3.162747977454320E+02   -3.162726252505854E+02   -3.063514985696751E+02   -3.063370721328785E+02   -3.063343180576753E+02   -2.972828681573774E+02   -2.972407526330383E+02   -2.972395851000606E+02   -2.948952338530165E+02   -2.948286997818810E+02   -2.948271656257390E+02   -2.902826916796372E+02   -2.902473767375022E+02   -2.902404672922952E+02   -2.800814029864154E+02   -2.800482665558820E+02   -2.800343219264811E+02   -2.707589030714293E+02   -2.706052252764323E+02   -2.706017763541090E+02   -2.684150778878874E+02   -2.682937262499319E+02   -2.682838476858658E+02   -2.632108880153378E+02   -2.630686186024948E+02   -2.630489867317977E+02   -2.561601065134297E+02   -2.557508352840751E+02   -2.557449785053150E+02   -2.525237832417644E+02   -2.524216710634274E+02   -2.523705620724142E+02   -2.433911011861302E+02   -2.429176118930473E+02   -2.429081126634343E+02   -2.405254893520821E+02   -2.402863819294226E+02   -2.402404262723391E+02   -2.352688417853483E+02   -2.348031440119777E+02   -2.347522002436725E+02   -2.279220712863098E+02   -2.272618118668573E+02   -2.272248044040703E+02   -2.240190561769711E+02   -2.237025002895976E+02   -2.235562754850315E+02   -2.154836188755226E+02   -2.153959965797350E+02   -2.141444717957232E+02   -2.141200007691817E+02   -2.136870400221966E+02   -2.136688055393875E+02   -2.115572327082211E+02   -2.110163902346398E+02   -2.108515199265309E+02   -2.067072897705520E+02   -2.054368834708123E+02   -2.053143249221083E+02   -1.986256884009078E+02   -1.975021727937413E+02   -1.973323959221007E+02   -1.948079209186784E+02   -1.939251629305271E+02   -1.935715669110179E+02   -1.870441510542516E+02   -1.857674173998885E+02   -1.842067438445335E+02   -1.841466787612880E+02   -1.832359766822159E+02   -1.830967750727273E+02   -1.818209332230161E+02   -1.806671679426724E+02   -1.801959468544290E+02   -1.778009623648123E+02   -1.749044092687421E+02   -1.746290672170394E+02   -1.739463262604871E+02
    2.662903762693859E+00   -3.786844708333204E+02   -3.786844638533478E+02   -3.786844597244477E+02   -3.596337565226717E+02   -3.596336536051678E+02   -3.596336253707324E+02   -3.537762117061757E+02   -3.537759751058280E+02   -3.537759260863526E+02   -3.384328423802159E+02   -3.384319500619840E+02   -3.384318609455472E+02   -3.332394109473042E+02   -3.332386720267307E+02   -3.332383066718602E+02   -3.238065673573765E+02   -3.238024669981207E+02   -3.238022271333679E+02   -3.157437121744300E+02   -3.157384971617340E+02   -3.157382467589188E+02   -3.104886521370425E+02   -3.104846837264075E+02   -3.104834248071480E+02   -3.014820555798105E+02   -3.014733957142312E+02   -3.014716934369559E+02   -2.918504874659702E+02   -2.918271894090036E+02   -2.918264528302662E+02   -2.904731233452673E+02   -2.904345096290586E+02   -2.904333413701605E+02   -2.862256471475199E+02   -2.862053131303984E+02   -2.862014700589530E+02   -2.771372417075365E+02   -2.771187131216219E+02   -2.771104907505469E+02   -2.669256886730899E+02   -2.668407235390873E+02   -2.668383208183807E+02   -2.662841931050973E+02   -2.662139118116637E+02   -2.662072792584729E+02   -2.608354236843475E+02   -2.607517970316650E+02   -2.607411780214969E+02   -2.544350193259294E+02   -2.541957225992020E+02   -2.541904170526786E+02   -2.512953203670634E+02   -2.512355427470323E+02   -2.512057229890987E+02   -2.410997546255502E+02   -2.408340710447735E+02   -2.408277735087338E+02   -2.403538792083361E+02   -2.402239093664859E+02   -2.401951293809819E+02   -2.344923352857363E+02   -2.342118567426037E+02   -2.341845893004082E+02   -2.284740727101455E+02   -2.280871591151758E+02   -2.280609122613124E+02   -2.244729961708496E+02   -2.242848375638760E+02   -2.242011479352869E+02   -2.162390230512250E+02   -2.151530021976185E+02   -2.151349184713820E+02   -2.145324471934684E+02   -2.138092225584449E+02   -2.137946948066045E+02   -2.130735619325008E+02   -2.127443427693032E+02   -2.126472181692935E+02   -2.074055494779132E+02   -2.066154790056832E+02   -2.065496675883492E+02   -2.010760219662797E+02   -2.004350978254646E+02   -2.003303667880423E+02   -1.968423688805697E+02   -1.962909252475581E+02   -1.960899320553976E+02   -1.887160974851643E+02   -1.874506949353980E+02   -1.871626906928642E+02   -1.870732886180332E+02   -1.857281974169833E+02   -1.856941997210953E+02   -1.849319196322486E+02   -1.842295161964795E+02   -1.839506196486959E+02   -1.798275729778126E+02   -1.779331050520395E+02   -1.777837118286113E+02   -1.768203374043483E+02
    2.779906057877598E+00   -3.656740982792628E+02   -3.656740937749046E+02   -3.656740909442438E+02   -3.489120805448207E+02   -3.489120169320913E+02   -3.489119904381053E+02   -3.434067125977904E+02   -3.434065691865038E+02   -3.434065368544452E+02   -3.295158252678893E+02   -3.295152914426286E+02   -3.295151979517368E+02   -3.250230934481453E+02   -3.250226000446419E+02   -3.250223683019508E+02   -3.160288489625819E+02   -3.160263933900343E+02   -3.160262254813414E+02   -3.084476590365400E+02   -3.084444926719499E+02   -3.084442684896127E+02   -3.040675801435693E+02   -3.040653166996948E+02   -3.040645279659674E+02   -2.959601271286703E+02   -2.959543975477065E+02   -2.959533031881898E+02   -2.860879115704494E+02   -2.860741518594444E+02   -2.860732876552035E+02   -2.852234729948192E+02   -2.852012179869057E+02   -2.852002378573484E+02   -2.814921315372299E+02   -2.814806652283762E+02   -2.814783697517762E+02   -2.734668154748412E+02   -2.734555705142707E+02   -2.734505094994813E+02   -2.633716560052781E+02   -2.633298636720390E+02   -2.633235902153169E+02   -2.625995416972183E+02   -2.625523154661022E+02   -2.625498246674277E+02   -2.577554603582451E+02   -2.577065495642807E+02   -2.577005623060550E+02   -2.517952511172430E+02   -2.516598889113665E+02   -2.516542443449188E+02   -2.492019582174792E+02   -2.491639717942229E+02   -2.491456772069253E+02   -2.393471889213887E+02   -2.392727255756248E+02   -2.392519101291628E+02   -2.382480661847551E+02   -2.380960864199985E+02   -2.380918496191450E+02   -2.329832047517683E+02   -2.328142650851553E+02   -2.327991937702012E+02   -2.281043230739954E+02   -2.278688668897440E+02   -2.278492601954379E+02   -2.240549129432854E+02   -2.239423260505234E+02   -2.238925926060730E+02   -2.160364797358975E+02   -2.154308569964222E+02   -2.154093833236930E+02   -2.135954351133294E+02   -2.133657440196268E+02   -2.132907951503347E+02   -2.130722104258539E+02   -2.126744736040171E+02   -2.126631005718430E+02   -2.073703877429215E+02   -2.068803546469858E+02   -2.068440067137416E+02   -2.026175179374244E+02   -2.022419521104235E+02   -2.021730564250362E+02   -1.979856425513719E+02   -1.976428096444232E+02   -1.975265557819103E+02   -1.907490956246099E+02   -1.898083692508872E+02   -1.897379700043816E+02   -1.873588466145679E+02   -1.870534307975035E+02   -1.866265911884995E+02   -1.864851267732357E+02   -1.862806562865485E+02   -1.862463480675594E+02   -1.811355193802212E+02   -1.799159593749874E+02   -1.798325304901616E+02   -1.786382802093097E+02
    2.898442653026749E+00   -3.525481218948657E+02   -3.525481184715136E+02   -3.525481163976192E+02   -3.382361230952021E+02   -3.382360727080974E+02   -3.382360474764912E+02   -3.326658397242398E+02   -3.326657491703986E+02   -3.326657266058526E+02   -3.206521675575865E+02   -3.206518026957766E+02   -3.206516922524169E+02   -3.163220216243124E+02   -3.163216734412873E+02   -3.163215264541138E+02   -3.077772437538350E+02   -3.077757083919104E+02   -3.077755850533268E+02   -3.011791542129607E+02   -3.011769843061808E+02   -3.011767295009943E+02   -2.970280428510450E+02   -2.970267808845378E+02   -2.970262649183527E+02   -2.899260946778250E+02   -2.899219847814162E+02   -2.899212489930541E+02   -2.802891012092343E+02   -2.802802551549187E+02   -2.802789286414770E+02   -2.792929008999128E+02   -2.792804538733807E+02   -2.792795438701594E+02   -2.761100137856469E+02   -2.761038574713391E+02   -2.761023921709010E+02   -2.691741080643772E+02   -2.691666942524860E+02   -2.691634261306612E+02   -2.597833076034648E+02   -2.597549975393849E+02   -2.597506593072235E+02   -2.580586460608487E+02   -2.580273760016959E+02   -2.580255981098518E+02   -2.540235539055364E+02   -2.539957806502242E+02   -2.539923365711132E+02   -2.485082762006689E+02   -2.484373689769841E+02   -2.484308217246400E+02   -2.462691683335230E+02   -2.462391667305479E+02   -2.462284536075680E+02   -2.375829761108086E+02   -2.375356829905788E+02   -2.375219475949177E+02   -2.350584448236253E+02   -2.349609205746823E+02   -2.349579742472012E+02   -2.308102202958692E+02   -2.307099374423841E+02   -2.307014596650985E+02   -2.269530791039650E+02   -2.268029474677007E+02   -2.267879199694907E+02   -2.228698604160057E+02   -2.228020245203059E+02   -2.227711872802998E+02   -2.152145354350037E+02   -2.149276403882682E+02   -2.149014695480446E+02   -2.129992257642621E+02   -2.127729859449690E+02   -2.127426043024941E+02   -2.112411279094323E+02   -2.109815880568713E+02   -2.109750376812859E+02   -2.066687174903863E+02   -2.063665026881616E+02   -2.063458857973683E+02   -2.033317499764399E+02   -2.030993728071792E+02   -2.030525303125029E+02   -1.983378795428054E+02   -1.981246801985987E+02   -1.980557118062167E+02   -1.919813215750745E+02   -1.914063352860089E+02   -1.913502347485263E+02   -1.883128583868344E+02   -1.880147739802351E+02   -1.879053386241034E+02   -1.867392144873490E+02   -1.861116420458296E+02   -1.860979026908323E+02   -1.817980285691109E+02   -1.810188665045216E+02   -1.809695365875224E+02   -1.798095710803953E+02
    3.018431627871602E+00   -3.394414200767857E+02   -3.394414168953392E+02   -3.394414151794741E+02   -3.277631014650776E+02   -3.277630519821831E+02   -3.277630270403135E+02   -3.217090421072033E+02   -3.217089794453440E+02   -3.217089615927388E+02   -3.119483588592125E+02   -3.119480657318193E+02   -3.119479432037782E+02   -3.072590826663415E+02   -3.072588193269384E+02   -3.072587235633059E+02   -2.992210489963414E+02   -2.992200241241237E+02   -2.992199265824584E+02   -2.940844149305948E+02   -2.940827813887068E+02   -2.940824903210807E+02   -2.894386696160296E+02   -2.894379264092553E+02   -2.894375705202822E+02   -2.835042939406161E+02   -2.835011763843954E+02   -2.835006578568529E+02   -2.746151659071481E+02   -2.746083940775126E+02   -2.746073082349093E+02   -2.728991358643131E+02   -2.728912674690620E+02   -2.728906576218175E+02   -2.701419637003174E+02   -2.701386784945950E+02   -2.701376514427109E+02   -2.643177961035798E+02   -2.643125907811523E+02   -2.643104069809273E+02   -2.557008220531795E+02   -2.556812634325118E+02   -2.556775458820547E+02   -2.535000692637554E+02   -2.534778093858114E+02   -2.534759728493287E+02   -2.496574835753706E+02   -2.496423524817840E+02   -2.496403126551418E+02   -2.448276499551610E+02   -2.447929152492220E+02   -2.447864675400912E+02   -2.425122651563939E+02   -2.424845615676872E+02   -2.424794200571216E+02   -2.351728536911263E+02   -2.351409291815690E+02   -2.351309004965123E+02   -2.317259297510753E+02   -2.316557561523678E+02   -2.316531482635730E+02   -2.279951332865482E+02   -2.279381006142499E+02   -2.279332070456396E+02   -2.251450445575451E+02   -2.250445392801855E+02   -2.250332280194895E+02   -2.210172138181405E+02   -2.209756981752486E+02   -2.209559502440963E+02   -2.140558044523166E+02   -2.139247477019104E+02   -2.139004751922235E+02   -2.112941779539530E+02   -2.111066451637707E+02   -2.110914482958387E+02   -2.091155221320594E+02   -2.089363226199260E+02   -2.089308876571973E+02   -2.053370641981719E+02   -2.051558561760421E+02   -2.051434571089589E+02   -2.032874752854754E+02   -2.031345971890302E+02   -2.031025698939108E+02   -1.979893149481538E+02   -1.978562685648552E+02   -1.978144089386500E+02   -1.925266355333375E+02   -1.921674417763994E+02   -1.921222448456676E+02   -1.887031689587963E+02   -1.884900004663757E+02   -1.884227522727633E+02   -1.858305487712159E+02   -1.854099842124153E+02   -1.854001017546472E+02   -1.818700247939012E+02   -1.813936754275140E+02   -1.813484604791206E+02   -1.807687104485032E+02
    3.139790058407463E+00   -3.265037278133408E+02   -3.265037238660643E+02   -3.265037219707279E+02   -3.176159052607808E+02   -3.176158506472499E+02   -3.176158237222896E+02   -3.107339810145991E+02   -3.107339278165945E+02   -3.107339093177625E+02   -3.033660063099734E+02   -3.033657410954247E+02   -3.033656156171049E+02   -2.980346099843447E+02   -2.980343863417191E+02   -2.980343173859620E+02   -2.905407976082639E+02   -2.905400399652774E+02   -2.905399506856068E+02   -2.871191945653768E+02   -2.871178816282647E+02   -2.871175822527864E+02   -2.815009122189533E+02   -2.815003588275920E+02   -2.815000854095320E+02   -2.767987972438584E+02   -2.767963576007494E+02   -2.767959768515716E+02   -2.690586727575055E+02   -2.690531802087162E+02   -2.690523427500751E+02   -2.662563550852042E+02   -2.662507572928158E+02   -2.662503757835353E+02   -2.638084286133845E+02   -2.638063959018377E+02   -2.638055450715528E+02   -2.588970846961893E+02   -2.588933848765222E+02   -2.588919246501220E+02   -2.512728191987283E+02   -2.512590882709214E+02   -2.512554789336460E+02   -2.490379744292112E+02   -2.490219785871936E+02   -2.490199376549318E+02   -2.447755758844249E+02   -2.447670293090497E+02   -2.447655116800252E+02   -2.408034301768481E+02   -2.407848850703368E+02   -2.407799465995751E+02   -2.381318763841435E+02   -2.381085713450683E+02   -2.381060960545616E+02   -2.321622328139703E+02   -2.321398698480943E+02   -2.321319894925495E+02   -2.284432633915780E+02   -2.283886861169740E+02   -2.283862513934000E+02   -2.246068072432521E+02   -2.245755173267030E+02   -2.245710189710135E+02   -2.227447408128725E+02   -2.226756625258589E+02   -2.226678649559779E+02   -2.186028289451170E+02   -2.185766375376325E+02   -2.185637603301071E+02   -2.125119693070592E+02   -2.124394722404972E+02   -2.124203087048371E+02   -2.087884694944655E+02   -2.086583056992072E+02   -2.086464973366000E+02   -2.069059684106479E+02   -2.067702589315411E+02   -2.067643082071654E+02   -2.034488979663949E+02   -2.033520226388337E+02   -2.033358241618965E+02   -2.024502364591538E+02   -2.023557247987226E+02   -2.023332696896226E+02   -1.970246857141540E+02   -1.969409247822977E+02   -1.969153145429882E+02   -1.924736469201718E+02   -1.922390534267476E+02   -1.922034201122698E+02   -1.883678753576370E+02   -1.882127621986533E+02   -1.881690870701141E+02   -1.847302735065691E+02   -1.844121106325454E+02   -1.844034537801606E+02   -1.817379173916600E+02   -1.815539486122396E+02   -1.814405665158197E+02   -1.809389138209064E+02
    3.262434074203153E+00   -3.139766794581425E+02   -3.139766713017475E+02   -3.139766674580493E+02   -3.078384400076272E+02   -3.078383760662544E+02   -3.078383447312979E+02   -3.000200914088112E+02   -3.000200238722841E+02   -3.000199945212674E+02   -2.947474604767056E+02   -2.947472137502210E+02   -2.947470928479881E+02   -2.888500492743643E+02   -2.888498300063122E+02   -2.888497713575447E+02   -2.819703262455629E+02   -2.819696787803981E+02   -2.819695485207815E+02   -2.801384563147779E+02   -2.801373786203161E+02   -2.801371080978530E+02   -2.734386150906979E+02   -2.734380090677524E+02   -2.734377651709167E+02   -2.698728860056966E+02   -2.698709922436693E+02   -2.698707094922243E+02   -2.635516468920455E+02   -2.635470774949321E+02   -2.635463702493490E+02   -2.595747541676509E+02   -2.595702642920251E+02   -2.595699678586360E+02   -2.573677747788303E+02   -2.573661746377388E+02   -2.573653950040653E+02   -2.528713793930848E+02   -2.528688673492094E+02   -2.528679199398977E+02   -2.466503571108455E+02   -2.466406543760737E+02   -2.466368652985792E+02   -2.446133406286135E+02   -2.446025596850557E+02   -2.446001839450234E+02   -2.396508299919493E+02   -2.396451813600517E+02   -2.396434859043005E+02   -2.363230032146888E+02   -2.363118770168376E+02   -2.363086533175366E+02   -2.335003307621368E+02   -2.334812372186892E+02   -2.334795334734489E+02   -2.285331908689219E+02   -2.285176882965901E+02   -2.285110352327713E+02   -2.252322790119690E+02   -2.251902303581686E+02   -2.251879636943442E+02   -2.210071384109300E+02   -2.209877150881062E+02   -2.209781504702735E+02   -2.196338127936044E+02   -2.195945506660792E+02   -2.195895903679271E+02   -2.157415259982550E+02   -2.157242970896856E+02   -2.157157267888122E+02   -2.104823216016160E+02   -2.104348023850494E+02   -2.104200129849993E+02   -2.059362378973535E+02   -2.058594815447511E+02   -2.058389237610360E+02   -2.046524831582209E+02   -2.045624302113786E+02   -2.045514946498365E+02   -2.015047033536835E+02   -2.014504038160048E+02   -2.014237399704158E+02   -2.003830586454542E+02   -2.003486318556445E+02   -2.003321980350618E+02   -1.955312392065968E+02   -1.954774993973803E+02   -1.954617035176590E+02   -1.918589093857154E+02   -1.916959152784126E+02   -1.916689037158051E+02   -1.874596784050539E+02   -1.873485389371738E+02   -1.873170869276831E+02   -1.836095302563563E+02   -1.833468248188967E+02   -1.833369743206852E+02   -1.818257645903077E+02   -1.816730346422482E+02   -1.816222843042024E+02   -1.798655787310699E+02
    3.386278916363608E+00   -3.025430872064204E+02   -3.025430559920428E+02   -3.025430408944372E+02   -2.980617442985229E+02   -2.980616781589100E+02   -2.980616455701078E+02   -2.900236963493671E+02   -2.900235664753473E+02   -2.900235034255722E+02   -2.857705884823877E+02   -2.857703815262659E+02   -2.857702796675995E+02   -2.798669659185741E+02   -2.798667160441142E+02   -2.798666552002633E+02   -2.740153596009272E+02   -2.740146816433704E+02   -2.740143434013277E+02   -2.727444651483983E+02   -2.727438866625644E+02   -2.727436575259467E+02   -2.654878611859068E+02   -2.654869407987089E+02   -2.654866711018194E+02   -2.626917805524242E+02   -2.626904731333511E+02   -2.626902736727059E+02   -2.580264366879494E+02   -2.580225001921774E+02   -2.580218659577544E+02   -2.531104789563053E+02   -2.531064061030735E+02   -2.531060501275018E+02   -2.508845038726786E+02   -2.508831610523048E+02   -2.508824891042044E+02   -2.462852510472376E+02   -2.462835672647690E+02   -2.462829349035375E+02   -2.419755146888089E+02   -2.419680079329562E+02   -2.419642479138877E+02   -2.401250642932090E+02   -2.401183451196165E+02   -2.401156233816438E+02   -2.345372144297633E+02   -2.345325551196347E+02   -2.345304859653559E+02   -2.313132468517352E+02   -2.313061457406112E+02   -2.313042755451594E+02   -2.289802820425760E+02   -2.289639194654016E+02   -2.289620279930058E+02   -2.242865676745589E+02   -2.242744536577164E+02   -2.242685287426531E+02   -2.219508247648714E+02   -2.219219052681265E+02   -2.219194098728088E+02   -2.176027951723620E+02   -2.175788750843070E+02   -2.175703684627123E+02   -2.157533311485330E+02   -2.157350854403236E+02   -2.157311405777689E+02   -2.125164678360991E+02   -2.125045563061852E+02   -2.124986531034590E+02   -2.079314110628466E+02   -2.078974272826264E+02   -2.078857912779062E+02   -2.033893375277516E+02   -2.033347937620119E+02   -2.033091445240072E+02   -2.020919395479910E+02   -2.020522598650361E+02   -2.020334693556259E+02   -1.992681177186552E+02   -1.992257100167543E+02   -1.992081549639050E+02   -1.974424561392684E+02   -1.974201393433592E+02   -1.974113008295136E+02   -1.936130795612201E+02   -1.935774786572667E+02   -1.935658335552957E+02   -1.906479385095134E+02   -1.905294429534026E+02   -1.905103706866841E+02   -1.861736439530977E+02   -1.860963438435810E+02   -1.860694236383085E+02   -1.825214821868647E+02   -1.823158692603570E+02   -1.822998979689026E+02   -1.813394187102770E+02   -1.812305685557185E+02   -1.811959620229437E+02   -1.781464757935969E+02
    3.511238996106465E+00   -2.934186864183811E+02   -2.934186038500466E+02   -2.934185633643310E+02   -2.874255577514500E+02   -2.874254951374403E+02   -2.874254640661611E+02   -2.810689390533626E+02   -2.810687208012467E+02   -2.810686123854954E+02   -2.762705010501284E+02   -2.762703287529176E+02   -2.762702443948841E+02   -2.712102255046514E+02   -2.712099004951201E+02   -2.712098268431003E+02   -2.668609433085571E+02   -2.668601034058176E+02   -2.668597492285786E+02   -2.648364612401273E+02   -2.648360234593822E+02   -2.648358230277236E+02   -2.579628275171447E+02   -2.579614408963112E+02   -2.579611062743911E+02   -2.551218022915294E+02   -2.551210886693869E+02   -2.551208849570115E+02   -2.523856844313648E+02   -2.523822579635958E+02   -2.523816964614030E+02   -2.470221404193131E+02   -2.470182390223047E+02   -2.470177704304006E+02   -2.443041409085487E+02   -2.443030095461070E+02   -2.443024486221225E+02   -2.393565951140185E+02   -2.393552259298361E+02   -2.393546637520404E+02   -2.373302120465082E+02   -2.373229479787561E+02   -2.373199652150084E+02   -2.355159347172734E+02   -2.355108833122012E+02   -2.355084399224097E+02   -2.294891134543838E+02   -2.294847530759148E+02   -2.294825902252977E+02   -2.259046466850869E+02   -2.258985460756504E+02   -2.258975933179916E+02   -2.246849088983998E+02   -2.246717525780852E+02   -2.246692871749678E+02   -2.199428790564246E+02   -2.199208505706553E+02   -2.199175282194988E+02   -2.181125597206157E+02   -2.181027816080951E+02   -2.180992819766127E+02   -2.141681296136573E+02   -2.141444690523865E+02   -2.141382871226652E+02   -2.117157002585663E+02   -2.117031332370735E+02   -2.116993174768116E+02   -2.088725897901741E+02   -2.088639237111070E+02   -2.088597306164523E+02   -2.048787851259652E+02   -2.048538406423311E+02   -2.048443192959018E+02   -2.012365254928629E+02   -2.011820293050292E+02   -2.011646151425429E+02   -1.994067539072360E+02   -1.993715243330926E+02   -1.993579800556500E+02   -1.963066801847302E+02   -1.962784663917819E+02   -1.962655716208941E+02   -1.942105542744095E+02   -1.941954772876133E+02   -1.941885980756951E+02   -1.913878430842832E+02   -1.913610637146490E+02   -1.913481273788488E+02   -1.887356007853961E+02   -1.886516639101505E+02   -1.886401814193689E+02   -1.847166649052648E+02   -1.846610763932529E+02   -1.846347261413394E+02   -1.813292434250871E+02   -1.811791436872063E+02   -1.811614853729031E+02   -1.802657901082177E+02   -1.801851557764033E+02   -1.801571714382595E+02   -1.761702667248423E+02
    3.637227953912205E+00   -2.862115409583437E+02   -2.862114134881446E+02   -2.862113505761556E+02   -2.769768680178610E+02   -2.769767216805836E+02   -2.769766487747954E+02   -2.725185358789401E+02   -2.725182986129116E+02   -2.725181802595922E+02   -2.668415586589602E+02   -2.668413381373821E+02   -2.668412297372062E+02   -2.629820325765886E+02   -2.629815914379992E+02   -2.629815012115860E+02   -2.598782151011557E+02   -2.598773035320515E+02   -2.598769752388550E+02   -2.570127310778425E+02   -2.570122062677673E+02   -2.570120138225645E+02   -2.509777154544225E+02   -2.509760852568812E+02   -2.509756871129772E+02   -2.476814082416428E+02   -2.476797658503154E+02   -2.476792235725376E+02   -2.460731331506180E+02   -2.460714230807205E+02   -2.460711231032627E+02   -2.412324440799210E+02   -2.412286440656482E+02   -2.412281118020518E+02   -2.377397346159059E+02   -2.377386479425223E+02   -2.377381166694678E+02   -2.329302472114749E+02   -2.329236991562862E+02   -2.329213461663451E+02   -2.321411422531460E+02   -2.321391137695101E+02   -2.321384123136666E+02   -2.307798475395616E+02   -2.307747107560239E+02   -2.307731324763001E+02   -2.244197370894577E+02   -2.244155927616258E+02   -2.244135264696740E+02   -2.208706758859608E+02   -2.208566493958151E+02   -2.208553286773412E+02   -2.199590936165865E+02   -2.199556997645907E+02   -2.199540024563820E+02   -2.162877655990556E+02   -2.162623510774150E+02   -2.162606862245214E+02   -2.132055354738864E+02   -2.132001054607396E+02   -2.131982483075864E+02   -2.105680656638105E+02   -2.105462370103041E+02   -2.105418515778668E+02   -2.079659647352928E+02   -2.079556417129566E+02   -2.079513780438467E+02   -2.046827675039282E+02   -2.046755179589908E+02   -2.046720084891885E+02   -2.014164835820329E+02   -2.013983221075678E+02   -2.013899143914141E+02   -1.990956403717783E+02   -1.990509841823093E+02   -1.990363995682856E+02   -1.967830164846538E+02   -1.967527036880356E+02   -1.967422005231131E+02   -1.930163218467210E+02   -1.929955839754943E+02   -1.929853155769233E+02   -1.908968623969817E+02   -1.908815422661779E+02   -1.908748757646900E+02   -1.888454450571389E+02   -1.888180899339191E+02   -1.888058469370346E+02   -1.860998668571635E+02   -1.860417803708694E+02   -1.860367713184370E+02   -1.831886361007514E+02   -1.831383549393232E+02   -1.831148028042365E+02   -1.798967997367764E+02   -1.797817329571402E+02   -1.797709653301501E+02   -1.787144356266721E+02   -1.786449702895562E+02   -1.786248141621442E+02   -1.744488163680247E+02
    3.764158719206938E+00   -2.802000902067874E+02   -2.801999228259536E+02   -2.801998398860251E+02   -2.687123624624131E+02   -2.687120055599991E+02   -2.687118274143834E+02   -2.630559329019657E+02   -2.630557604299049E+02   -2.630556744080317E+02   -2.582220403760642E+02   -2.582216490526126E+02   -2.582214539062063E+02   -2.554282078484184E+02   -2.554276864073136E+02   -2.554275308939642E+02   -2.527848046320068E+02   -2.527839158435393E+02   -2.527835824776899E+02   -2.492370279124745E+02   -2.492364166083607E+02   -2.492361963120154E+02   -2.443863563968192E+02   -2.443846743731655E+02   -2.443841867371680E+02   -2.415145451971280E+02   -2.415117868522289E+02   -2.415111178641192E+02   -2.381868464735655E+02   -2.381863884663838E+02   -2.381862326461947E+02   -2.356183139370642E+02   -2.356145761148874E+02   -2.356140192118518E+02   -2.313889216822765E+02   -2.313876478670991E+02   -2.313870153730856E+02   -2.282034672462693E+02   -2.281957522647187E+02   -2.281938934367762E+02   -2.262426334615292E+02   -2.262374429395749E+02   -2.262360013959121E+02   -2.250886906088268E+02   -2.250874679345820E+02   -2.250871166547685E+02   -2.192448175019174E+02   -2.192408407305371E+02   -2.192389094646046E+02   -2.167641425908596E+02   -2.167511450629870E+02   -2.167489702170308E+02   -2.143742527669079E+02   -2.143699949744347E+02   -2.143686226444630E+02   -2.127623778025060E+02   -2.127423615472096E+02   -2.127410132452329E+02   -2.081259429147385E+02   -2.081173634053535E+02   -2.081154083414138E+02   -2.067038182408889E+02   -2.066857028827067E+02   -2.066833210489756E+02   -2.043915127100106E+02   -2.043830469980814E+02   -2.043788383322526E+02   -2.001519102597781E+02   -2.001427138000952E+02   -2.001383797589671E+02   -1.976938444497024E+02   -1.976754188929767E+02   -1.976689249837368E+02   -1.967751432030554E+02   -1.967462640341756E+02   -1.967324517857656E+02   -1.941035470309625E+02   -1.940791142350338E+02   -1.940708788058725E+02   -1.898932999933032E+02   -1.898727365734706E+02   -1.898653086933583E+02   -1.876844127170114E+02   -1.876553132421403E+02   -1.876488983838959E+02   -1.857199744326426E+02   -1.856985023752768E+02   -1.856906979955228E+02   -1.831519856381425E+02   -1.831049182479462E+02   -1.831000434824030E+02   -1.813299669257251E+02   -1.812747280083574E+02   -1.812613397566755E+02   -1.782589487153271E+02   -1.781750690449049E+02   -1.781685509218984E+02   -1.767275109544269E+02   -1.766666252731848E+02   -1.766525191183447E+02   -1.732147661840087E+02
    3.891943570536597E+00   -2.751023937747572E+02   -2.751021892041745E+02   -2.751020875664217E+02   -2.624489180822522E+02   -2.624483972965128E+02   -2.624481371551506E+02   -2.534421959410235E+02   -2.534418485240486E+02   -2.534416759235119E+02   -2.505739351318283E+02   -2.505734386457100E+02   -2.505731901058287E+02   -2.491299226698330E+02   -2.491292687575501E+02   -2.491289527576617E+02   -2.452185063841486E+02   -2.452177618874584E+02   -2.452174093422179E+02   -2.414927430706745E+02   -2.414919223023626E+02   -2.414915713809022E+02   -2.380651592851944E+02   -2.380635287175681E+02   -2.380629123020580E+02   -2.354904924219807E+02   -2.354877783789174E+02   -2.354870772535629E+02   -2.302498578314336E+02   -2.302468797738570E+02   -2.302463609093630E+02   -2.298827357263809E+02   -2.298818151472894E+02   -2.298814655273740E+02   -2.254510345724093E+02   -2.254490877910040E+02   -2.254481363351540E+02   -2.233926640832436E+02   -2.233856078253463E+02   -2.233841779483571E+02   -2.214743567985320E+02   -2.214685744818261E+02   -2.214673987709289E+02   -2.185222253573334E+02   -2.185210124249609E+02   -2.185204598267655E+02   -2.139132613258702E+02   -2.139089112367758E+02   -2.139070954104796E+02   -2.127238119472616E+02   -2.127128938165760E+02   -2.127104015780857E+02   -2.097625244075019E+02   -2.097437409847399E+02   -2.097422729439734E+02   -2.081151089858475E+02   -2.081122415187684E+02   -2.081111615151834E+02   -2.038203160746619E+02   -2.038031355003352E+02   -2.038007444085194E+02   -2.023431419332798E+02   -2.023328661204430E+02   -2.023310020230732E+02   -2.005507284353445E+02   -2.005442326892002E+02   -2.005413807009967E+02   -1.958677225450455E+02   -1.958444370487469E+02   -1.958386154273431E+02   -1.943981092789494E+02   -1.943734928755113E+02   -1.943631465455252E+02   -1.933778421717502E+02   -1.933636733918349E+02   -1.933625690664524E+02   -1.912744730254553E+02   -1.912562130323035E+02   -1.912500437795486E+02   -1.869911784834896E+02   -1.869704021845429E+02   -1.869637210275831E+02   -1.846400200909289E+02   -1.846016930125843E+02   -1.845958112757372E+02   -1.820520854210337E+02   -1.820328402744829E+02   -1.820293902376933E+02   -1.808383482878799E+02   -1.808028797833995E+02   -1.807851246036176E+02   -1.784631936462513E+02   -1.784132267977353E+02   -1.784071097227221E+02   -1.762806901983634E+02   -1.762360581479958E+02   -1.762295998035359E+02   -1.744342450298019E+02   -1.743816208245770E+02   -1.743711233385589E+02   -1.719798310029566E+02
    4.020494196190960E+00   -2.707580933293194E+02   -2.707578543208704E+02   -2.707577353558531E+02   -2.573196756509449E+02   -2.573190216552444E+02   -2.573186948467639E+02   -2.459506860392120E+02   -2.459496609829627E+02   -2.459491570130140E+02   -2.440180753878395E+02   -2.440171948639745E+02   -2.440167595591152E+02   -2.426307228789811E+02   -2.426305766708703E+02   -2.426305099294257E+02   -2.375857691280348E+02   -2.375848580936754E+02   -2.375844044583644E+02   -2.344352690956689E+02   -2.344338114706220E+02   -2.344330896630992E+02   -2.318615096540105E+02   -2.318599798503708E+02   -2.318592696608088E+02   -2.289376331985916E+02   -2.289353097751311E+02   -2.289346788368632E+02   -2.247396050886013E+02   -2.247355864857705E+02   -2.247349919314546E+02   -2.221703050552850E+02   -2.221692751192858E+02   -2.221691166638391E+02   -2.200385046640664E+02   -2.200353568959225E+02   -2.200339837248678E+02   -2.182546909294243E+02   -2.182494612208308E+02   -2.182481951067542E+02   -2.167401166849330E+02   -2.167345200989708E+02   -2.167333773951001E+02   -2.124296574473692E+02   -2.124277497753691E+02   -2.124268330963836E+02   -2.090082839196686E+02   -2.089972832379608E+02   -2.089950465647887E+02   -2.080313872988700E+02   -2.080277890668958E+02   -2.080260413337903E+02   -2.060896279563619E+02   -2.060705018680282E+02   -2.060691106785718E+02   -2.024102388049479E+02   -2.024083882728212E+02   -2.024076076549533E+02   -2.001024687892604E+02   -2.000825267191711E+02   -2.000809024906968E+02   -1.981565520788043E+02   -1.981488390814801E+02   -1.981452584653570E+02   -1.960498985441077E+02   -1.960459799741373E+02   -1.960443353344503E+02   -1.926249324039772E+02   -1.925817034959937E+02   -1.925781307168035E+02   -1.911849698806178E+02   -1.911562233439640E+02   -1.911532832359738E+02   -1.888809179731801E+02   -1.888734549448051E+02   -1.888706367574641E+02   -1.880892094937348E+02   -1.880795586709130E+02   -1.880764100930090E+02   -1.840912597109078E+02   -1.840716442475296E+02   -1.840642023178951E+02   -1.816868213939558E+02   -1.816459943581092E+02   -1.816416876841053E+02   -1.791574186035124E+02   -1.791232771236504E+02   -1.791062858802027E+02   -1.779733235564965E+02   -1.779489739661055E+02   -1.779451769732756E+02   -1.756038427417884E+02   -1.755514759844780E+02   -1.755476997108746E+02   -1.733476627800533E+02   -1.733320632467932E+02   -1.733252134454073E+02   -1.719583800964320E+02   -1.719140435246390E+02   -1.719065721273373E+02   -1.705092164198086E+02
    4.149721755235591E+00   -2.670483098590079E+02   -2.670480393884875E+02   -2.670479045908223E+02   -2.530134718263759E+02   -2.530126990279539E+02   -2.530123127614329E+02   -2.405993091293921E+02   -2.405978521167850E+02   -2.405971688685839E+02   -2.397498745572361E+02   -2.397487427222342E+02   -2.397482199383598E+02   -2.346523831150253E+02   -2.346523437178196E+02   -2.346523285099441E+02   -2.306386003820776E+02   -2.306369346581817E+02   -2.306362008219301E+02   -2.287852405196595E+02   -2.287828196348332E+02   -2.287816877041016E+02   -2.253984087724179E+02   -2.253971023943735E+02   -2.253965138747763E+02   -2.217157820866321E+02   -2.217133317100289E+02   -2.217126979692846E+02   -2.194340009243688E+02   -2.194296875226845E+02   -2.194290665562506E+02   -2.156112593035562E+02   -2.156091981812257E+02   -2.156086027740029E+02   -2.148886752018654E+02   -2.148840138065290E+02   -2.148824679196261E+02   -2.127127446866861E+02   -2.127087517548521E+02   -2.127072376704536E+02   -2.115801483088462E+02   -2.115772568252344E+02   -2.115758716878097E+02   -2.068975758922170E+02   -2.068947753220928E+02   -2.068934156071744E+02   -2.049519534365785E+02   -2.049406657620266E+02   -2.049381843778165E+02   -2.025626977614017E+02   -2.025535384005792E+02   -2.025517616974217E+02   -2.021748038815601E+02   -2.021641202639390E+02   -2.021626221587816E+02   -1.968125441269877E+02   -1.967995479523804E+02   -1.967982358040795E+02   -1.964174085776009E+02   -1.964080718642409E+02   -1.964072014693570E+02   -1.941190271571284E+02   -1.941116845494657E+02   -1.941080446603008E+02   -1.913641641370601E+02   -1.913603415473552E+02   -1.913586056615045E+02   -1.898091251059274E+02   -1.897685854300649E+02   -1.897651441202663E+02   -1.879535464468970E+02   -1.879230332806210E+02   -1.879209641035104E+02   -1.852080335992037E+02   -1.851972552453782E+02   -1.851929320388233E+02   -1.835312410332393E+02   -1.835289560302589E+02   -1.835278208868644E+02   -1.809713113165004E+02   -1.809538611886894E+02   -1.809456552172923E+02   -1.788487746304879E+02   -1.788071554325899E+02   -1.788049720465681E+02   -1.771361686480855E+02   -1.770944394996057E+02   -1.770794633336118E+02   -1.745380985930545E+02   -1.745026856564556E+02   -1.744976878132093E+02   -1.728585097187024E+02   -1.728381190852239E+02   -1.728341788193488E+02   -1.700857739230300E+02   -1.700272460902587E+02   -1.700228675663383E+02   -1.690579569592593E+02   -1.690424625237476E+02   -1.690348620287326E+02   -1.685659973577310E+02
    4.279536938909528E+00   -2.638774683346093E+02   -2.638771694739252E+02   -2.638770203918248E+02   -2.493705049071699E+02   -2.493696252477247E+02   -2.493691855014016E+02   -2.363256714307919E+02   -2.363235505451816E+02   -2.363230614022188E+02   -2.360990643931245E+02   -2.360970681347978E+02   -2.360966367496316E+02   -2.276565380030527E+02   -2.276565141017231E+02   -2.276565085675750E+02   -2.250539258692419E+02   -2.250507058117715E+02   -2.250498653052390E+02   -2.242792335283108E+02   -2.242754647337938E+02   -2.242743164477687E+02   -2.183657576125849E+02   -2.183645066619295E+02   -2.183640731787848E+02   -2.149777289872009E+02   -2.149735268295327E+02   -2.149720955792040E+02   -2.142850379559281E+02   -2.142810008058161E+02   -2.142803128855514E+02   -2.109949303848109E+02   -2.109927022938907E+02   -2.109915930845360E+02   -2.091560858352968E+02   -2.091501324736034E+02   -2.091490932008079E+02   -2.077034671482523E+02   -2.076970263752111E+02   -2.076960820000082E+02   -2.049876391074180E+02   -2.049853557660521E+02   -2.049846910694361E+02   -2.018606891140448E+02   -2.018570157238005E+02   -2.018552169811192E+02   -2.009426290399877E+02   -2.009314784306243E+02   -2.009290900294254E+02   -1.985117843984407E+02   -1.984950547100841E+02   -1.984937580304933E+02   -1.966969267814591E+02   -1.966936814186041E+02   -1.966921198061360E+02   -1.932302225416091E+02   -1.932100644923179E+02   -1.932089080446432E+02   -1.910472909372699E+02   -1.910429956637468E+02   -1.910411502550775E+02   -1.898557945475403E+02   -1.898499651620077E+02   -1.898475120487785E+02   -1.873118590084241E+02   -1.872868164982251E+02   -1.872823647397782E+02   -1.864303258176058E+02   -1.864153824935981E+02   -1.864139555703839E+02   -1.849290576773051E+02   -1.849008230512881E+02   -1.848983963755179E+02   -1.818186510026032E+02   -1.818076975508650E+02   -1.818032631876653E+02   -1.789945125424840E+02   -1.789858471272389E+02   -1.789818662668163E+02   -1.772245604214916E+02   -1.772063764876951E+02   -1.772012729082350E+02   -1.761357974445488E+02   -1.761075889411258E+02   -1.761025530166244E+02   -1.748622564677176E+02   -1.748149293229083E+02   -1.748042528328408E+02   -1.719777429340016E+02   -1.719427732852648E+02   -1.719366843558647E+02   -1.693886452596479E+02   -1.693749275173265E+02   -1.693697091166880E+02   -1.676755840480899E+02   -1.676113896943565E+02   -1.676083864368478E+02   -1.664812815753147E+02   -1.664543860633590E+02   -1.664414635245205E+02   -1.649230533573993E+02
    4.409850032346284E+00   -2.611663007307787E+02   -2.611659765159807E+02   -2.611658146814843E+02   -2.462777382251075E+02   -2.462767630151794E+02   -2.462762754517326E+02   -2.331487984089460E+02   -2.331472129138527E+02   -2.331465645722025E+02   -2.326177776435909E+02   -2.326157268311633E+02   -2.326147952541276E+02   -2.216282539976368E+02   -2.216282204307103E+02   -2.216282158637208E+02   -2.208836616912572E+02   -2.208789507326088E+02   -2.208778717434983E+02   -2.203423527291795E+02   -2.203376383847511E+02   -2.203366999322816E+02   -2.115479602188115E+02   -2.115447813546675E+02   -2.115442218127383E+02   -2.099165194947834E+02   -2.099106901182564E+02   -2.099081304863661E+02   -2.091066304562752E+02   -2.091043794017086E+02   -2.091032566223114E+02   -2.073679225334782E+02   -2.073650990044093E+02   -2.073636966672757E+02   -2.029951074546205E+02   -2.029912951086052E+02   -2.029898341127099E+02   -2.025750436585278E+02   -2.025697488849275E+02   -2.025671651280238E+02   -1.986523427497145E+02   -1.986481989706284E+02   -1.986465039395957E+02   -1.971357965219642E+02   -1.971319972682778E+02   -1.971301564061999E+02   -1.967789351237115E+02   -1.967688905098781E+02   -1.967665645714961E+02   -1.941862751801300E+02   -1.941712005659324E+02   -1.941701740689553E+02   -1.913363164548213E+02   -1.913323939699475E+02   -1.913304888059572E+02   -1.898398203610651E+02   -1.898203450307226E+02   -1.898192704058990E+02   -1.863166095645515E+02   -1.863089551911560E+02   -1.863053292138135E+02   -1.851820476910808E+02   -1.851777893172570E+02   -1.851767598599637E+02   -1.842300357616682E+02   -1.841992299083851E+02   -1.841940896843002E+02   -1.821266501540687E+02   -1.821121779750062E+02   -1.821071379176582E+02   -1.817481658203388E+02   -1.817376958399517E+02   -1.817363424414461E+02   -1.784146121339730E+02   -1.784020007740004E+02   -1.783969783190293E+02   -1.754353792951702E+02   -1.754190164909895E+02   -1.754118274002581E+02   -1.739474382256332E+02   -1.739179862749255E+02   -1.739114520982178E+02   -1.724209128874008E+02   -1.723716175937177E+02   -1.723645319170055E+02   -1.719608084570622E+02   -1.719545861341592E+02   -1.719517659469344E+02   -1.696076716195714E+02   -1.695843307874069E+02   -1.695760223731818E+02   -1.663729102639139E+02   -1.663226756232359E+02   -1.663162946668615E+02   -1.648910564503753E+02   -1.648686271214527E+02   -1.648655707570636E+02   -1.638547190095418E+02   -1.638334914966514E+02   -1.638229441190467E+02   -1.619183559747905E+02
    4.540570976575511E+00   -2.588480333796832E+02   -2.588476867144167E+02   -2.588475135930151E+02   -2.436468164288717E+02   -2.436457563942631E+02   -2.436452263832940E+02   -2.305532708068932E+02   -2.305516498330599E+02   -2.305508828198046E+02   -2.295858206520238E+02   -2.295836054051883E+02   -2.295825224333418E+02   -2.177453329223182E+02   -2.177408292061203E+02   -2.177389517249275E+02   -2.167961485893809E+02   -2.167920274046110E+02   -2.167904437808340E+02   -2.164034598499298E+02   -2.164034378390792E+02   -2.164034322055982E+02   -2.066160005805296E+02   -2.066073805068943E+02   -2.066054844181561E+02   -2.055971977231273E+02   -2.055887760420129E+02   -2.055875025400636E+02   -2.043559443158073E+02   -2.043526100855226E+02   -2.043509592235593E+02   -2.037384788268731E+02   -2.037378365824188E+02   -2.037376078098895E+02   -1.980443583562616E+02   -1.980358227164310E+02   -1.980348449524760E+02   -1.966605152354890E+02   -1.966511747743607E+02   -1.966490700804853E+02   -1.942792522699657E+02   -1.942721275102778E+02   -1.942686958512783E+02   -1.927751278266367E+02   -1.927673261014316E+02   -1.927661446191932E+02   -1.913009143748029E+02   -1.912958718711275E+02   -1.912936414576837E+02   -1.891151866808739E+02   -1.891042681236285E+02   -1.891035925464786E+02   -1.865221898833482E+02   -1.865120871494921E+02   -1.865094794513813E+02   -1.862832355683618E+02   -1.862713833875942E+02   -1.862686018917461E+02   -1.819041444258006E+02   -1.818963187555594E+02   -1.818928208092716E+02   -1.811317525647007E+02   -1.811125693356500E+02   -1.811097432043001E+02   -1.810500901460663E+02   -1.810359989399049E+02   -1.810312906396475E+02   -1.791284070243147E+02   -1.791094544355789E+02   -1.791048772095106E+02   -1.767330358814127E+02   -1.767297549202809E+02   -1.767285631143241E+02   -1.749879135239937E+02   -1.749723426468640E+02   -1.749669230475000E+02   -1.724739609252424E+02   -1.724435649919457E+02   -1.724383731465005E+02   -1.711238486385321E+02   -1.711033152157244E+02   -1.710957724715602E+02   -1.697046247482592E+02   -1.696575000612753E+02   -1.696500966954794E+02   -1.673742595242056E+02   -1.673628769818769E+02   -1.673572995874510E+02   -1.667931864052881E+02   -1.667809276172299E+02   -1.667752722442864E+02   -1.640887668450576E+02   -1.640333455487750E+02   -1.640298624564254E+02   -1.617388748889988E+02   -1.617200930028302E+02   -1.617118332897877E+02   -1.609860411781715E+02   -1.609688408644154E+02   -1.609616189707599E+02   -1.598182321883908E+02
    4.671609430762463E+00   -2.568659298823989E+02   -2.568655634758493E+02   -2.568653804344112E+02   -2.414059903903956E+02   -2.414048555334614E+02   -2.414042880819150E+02   -2.283511806086191E+02   -2.283494542038580E+02   -2.283486117198439E+02   -2.270165693006509E+02   -2.270141702771031E+02   -2.270129815819424E+02   -2.151567986650745E+02   -2.151520320450747E+02   -2.151497949170171E+02   -2.137916274282874E+02   -2.137873733058088E+02   -2.137854468706198E+02   -2.118638243305438E+02   -2.118638037209211E+02   -2.118637992419626E+02   -2.033294728778954E+02   -2.033200499155530E+02   -2.033165644357487E+02   -2.019427531666702E+02   -2.019344450191040E+02   -2.019323994161433E+02   -2.018082119860914E+02   -2.018046344507558E+02   -2.018028611845170E+02   -1.983792153996676E+02   -1.983790584461332E+02   -1.983790374850807E+02   -1.935694522513095E+02   -1.935563815181399E+02   -1.935541932109817E+02   -1.919313816132045E+02   -1.919177294998658E+02   -1.919159979683203E+02   -1.910747474760737E+02   -1.910661526899017E+02   -1.910619860973740E+02   -1.883861899697966E+02   -1.883795670926854E+02   -1.883786608077644E+02   -1.853644401562056E+02   -1.853578619359240E+02   -1.853547554309600E+02   -1.837602813350985E+02   -1.837507638677603E+02   -1.837501893112540E+02   -1.829481306059290E+02   -1.829329916613323E+02   -1.829318588761448E+02   -1.820590898602841E+02   -1.820490534468781E+02   -1.820440522219238E+02   -1.778980480706588E+02   -1.778925675201677E+02   -1.778898766728991E+02   -1.777643767141764E+02   -1.777461839096514E+02   -1.777381118125613E+02   -1.771662546447599E+02   -1.771578451010827E+02   -1.771545278759467E+02   -1.760978035243841E+02   -1.760837415873626E+02   -1.760775900455947E+02   -1.719368449144757E+02   -1.719264637451094E+02   -1.719215247838672E+02   -1.712510457068649E+02   -1.712353851847629E+02   -1.712332370293993E+02   -1.699245682163332E+02   -1.698943662181086E+02   -1.698889435681354E+02   -1.678447824743604E+02   -1.678107685122272E+02   -1.678076676453820E+02   -1.669545644001039E+02   -1.669175849994764E+02   -1.669123798760668E+02   -1.645623511439255E+02   -1.645377649440585E+02   -1.645313501786910E+02   -1.627306850101841E+02   -1.626985370654882E+02   -1.626933543460015E+02   -1.613463750210025E+02   -1.613274220219176E+02   -1.613245383685074E+02   -1.587973478063235E+02   -1.587710180936860E+02   -1.587619462689853E+02   -1.583896533864112E+02   -1.583612011266612E+02   -1.583471578340202E+02   -1.569291627702997E+02
    4.802874834642266E+00   -2.551715460299056E+02   -2.551711623623190E+02   -2.551709706514449E+02   -2.394958505884351E+02   -2.394946500830235E+02   -2.394940497826606E+02   -2.264778706735922E+02   -2.264760397341176E+02   -2.264751360552751E+02   -2.248366288152652E+02   -2.248340626787253E+02   -2.248327853989799E+02   -2.129784813985964E+02   -2.129733761291330E+02   -2.129708954874287E+02   -2.112616852089025E+02   -2.112571625491427E+02   -2.112550059137372E+02   -2.079086819696188E+02   -2.079086585300231E+02   -2.079086536839451E+02   -2.006988748380300E+02   -2.006887156889540E+02   -2.006844078977049E+02   -1.996983745445074E+02   -1.996938195775402E+02   -1.996917387959733E+02   -1.988973063291506E+02   -1.988901648701200E+02   -1.988872972386535E+02   -1.936998693145272E+02   -1.936997787774184E+02   -1.936997747215729E+02   -1.900135232745078E+02   -1.899967829223627E+02   -1.899924850083192E+02   -1.885090544217441E+02   -1.884952789637289E+02   -1.884910841523076E+02   -1.880491607164563E+02   -1.880397283471664E+02   -1.880365355284617E+02   -1.836934381494918E+02   -1.836876004371685E+02   -1.836870276401258E+02   -1.805614982359145E+02   -1.805468023956278E+02   -1.805413791841810E+02   -1.791536461399931E+02   -1.791357679049619E+02   -1.791321204678716E+02   -1.787800212732017E+02   -1.787766880774418E+02   -1.787753811579345E+02   -1.784633847929336E+02   -1.784538798128601E+02   -1.784492962417943E+02   -1.752959729150873E+02   -1.752901998686035E+02   -1.752873349420407E+02   -1.741602235025914E+02   -1.741422191186022E+02   -1.741352135395628E+02   -1.727341919021438E+02   -1.727203869779624E+02   -1.727167440503749E+02   -1.721803604519952E+02   -1.721699105770020E+02   -1.721649192461638E+02   -1.683885212955200E+02   -1.683680043793171E+02   -1.683617353875952E+02   -1.674766692408809E+02   -1.674545555887611E+02   -1.674470301418534E+02   -1.671177206789560E+02   -1.671078292772972E+02   -1.671033916453999E+02   -1.646117672621719E+02   -1.645576280506830E+02   -1.645552492650341E+02   -1.635151703178209E+02   -1.635021319184826E+02   -1.634975848003455E+02   -1.616416585987668E+02   -1.616052510736455E+02   -1.616018467724243E+02   -1.602163892500739E+02   -1.601816883965253E+02   -1.601781664585021E+02   -1.576248854041618E+02   -1.575994160652577E+02   -1.575936278560688E+02   -1.559072390446451E+02   -1.558802072809840E+02   -1.558693364464128E+02   -1.554331438801800E+02   -1.554025075583820E+02   -1.553953769123959E+02   -1.540489398177577E+02
    4.934276471105834E+00   -2.537234066469668E+02   -2.537230079556068E+02   -2.537228087025640E+02   -2.378666440188289E+02   -2.378653861612285E+02   -2.378647571641914E+02   -2.248828087139871E+02   -2.248808830143018E+02   -2.248799274636513E+02   -2.229839498922098E+02   -2.229812360430475E+02   -2.229798825111021E+02   -2.111354452298027E+02   -2.111300161997738E+02   -2.111273415424233E+02   -2.091247484327716E+02   -2.091199487930772E+02   -2.091176103550903E+02   -2.044608023895850E+02   -2.044607762498284E+02   -2.044607710648062E+02   -1.985145531623958E+02   -1.985035873722538E+02   -1.984987722023759E+02   -1.978912013885790E+02   -1.978861797504066E+02   -1.978839945766306E+02   -1.963799028370943E+02   -1.963724045842433E+02   -1.963690820719265E+02   -1.896847166601055E+02   -1.896846284905518E+02   -1.896846241758727E+02   -1.872473020407723E+02   -1.872280373109038E+02   -1.872223936027790E+02   -1.863167880005999E+02   -1.863025944945527E+02   -1.862978069726193E+02   -1.849474574592116E+02   -1.849364472620668E+02   -1.849327487323021E+02   -1.789811482433349E+02   -1.789724200120786E+02   -1.789716023736680E+02   -1.771553035286249E+02   -1.771369170316192E+02   -1.771322211889494E+02   -1.760779090393595E+02   -1.760518321422709E+02   -1.760449210211085E+02   -1.750301991089328E+02   -1.750193499371703E+02   -1.750149243115115E+02   -1.742194337256476E+02   -1.742186081964500E+02   -1.742185671158733E+02   -1.731466176942635E+02   -1.731400043792919E+02   -1.731367282568677E+02   -1.707651656141999E+02   -1.707430287632688E+02   -1.707403872759069E+02   -1.685937524470986E+02   -1.685673906186818E+02   -1.685660359284094E+02   -1.676711719157524E+02   -1.676533655321523E+02   -1.676454765544806E+02   -1.650749991566635E+02   -1.650449830373738E+02   -1.650426780588200E+02   -1.643911697931023E+02   -1.643790901853722E+02   -1.643745036489608E+02   -1.641397336274163E+02   -1.641269689344960E+02   -1.641207418471303E+02   -1.616975032241273E+02   -1.616475388852048E+02   -1.616450566597528E+02   -1.598172565114566E+02   -1.597881362097441E+02   -1.597803732632821E+02   -1.582731878363956E+02   -1.582448929244727E+02   -1.582410728014536E+02   -1.576090564792299E+02   -1.575933629448642E+02   -1.575882916097526E+02   -1.545915596338544E+02   -1.545493362200666E+02   -1.545368056869068E+02   -1.530442989726882E+02   -1.530227110262864E+02   -1.530120249178864E+02   -1.525299414588488E+02   -1.524812773300401E+02   -1.524564628588002E+02   -1.517115578157104E+02
    5.065723528894166E+00   -2.524859557216130E+02   -2.524855440010371E+02   -2.524853382100441E+02   -2.364764148403228E+02   -2.364751070472030E+02   -2.364744530651020E+02   -2.235240013258368E+02   -2.235219918982970E+02   -2.235209919064876E+02   -2.214072361867499E+02   -2.214043929811957E+02   -2.214029734442651E+02   -2.095720307141308E+02   -2.095663101115885E+02   -2.095634732126731E+02   -2.073146634411993E+02   -2.073096072832227E+02   -2.073071176873275E+02   -2.014541941918542E+02   -2.014541655359022E+02   -2.014541600314661E+02   -1.966837773646307E+02   -1.966719303983920E+02   -1.966669336434713E+02   -1.963575402085989E+02   -1.963515555316774E+02   -1.963493895500649E+02   -1.942656823593992E+02   -1.942578110278238E+02   -1.942541422438140E+02   -1.862239884770522E+02   -1.862238908208362E+02   -1.862238860599668E+02   -1.850158458782227E+02   -1.849937011130532E+02   -1.849878805998696E+02   -1.844814536012423E+02   -1.844643277318150E+02   -1.844597500428195E+02   -1.823962942501145E+02   -1.823849663133242E+02   -1.823805159290191E+02   -1.751099377303873E+02   -1.750833798595098E+02   -1.750797122927162E+02   -1.738859326456260E+02   -1.738769929908543E+02   -1.738756235140580E+02   -1.737734509037178E+02   -1.737417123078630E+02   -1.737355483611047E+02   -1.719516081650319E+02   -1.719377617367032E+02   -1.719329857360001E+02   -1.713485814140951E+02   -1.713412400101532E+02   -1.713376232336251E+02   -1.703278291990068E+02   -1.703274200483245E+02   -1.703273936911958E+02   -1.674977491724030E+02   -1.674734131335263E+02   -1.674714158096186E+02   -1.647956695285429E+02   -1.647526647919777E+02   -1.647488537520167E+02   -1.642803695743771E+02   -1.642508921604262E+02   -1.642441474671587E+02   -1.620763694860254E+02   -1.620594549190291E+02   -1.620558227006839E+02   -1.618176399667702E+02   -1.618006783084732E+02   -1.617931702647404E+02   -1.601475847186924E+02   -1.601414588325418E+02   -1.601398731253034E+02   -1.585997169787356E+02   -1.585573465490834E+02   -1.585526302325026E+02   -1.570132798179387E+02   -1.569673099838163E+02   -1.569611856034064E+02   -1.553696020637202E+02   -1.553547149787564E+02   -1.553475685068040E+02   -1.541233216500004E+02   -1.541036065499978E+02   -1.540942391852132E+02   -1.516846758419368E+02   -1.516477266616988E+02   -1.516298125475970E+02   -1.509490377967203E+02   -1.509042235288915E+02   -1.508823425464653E+02   -1.495491667533250E+02   -1.495319558712242E+02   -1.495234730303965E+02   -1.490431247745226E+02
    5.197125165357734E+00   -2.514286969370929E+02   -2.514282739488947E+02   -2.514280625062189E+02   -2.352896298994811E+02   -2.352882787394669E+02   -2.352876030592839E+02   -2.223660731780556E+02   -2.223639906012666E+02   -2.223629524388619E+02   -2.200638273689040E+02   -2.200608713937631E+02   -2.200593946651702E+02   -2.082436120659063E+02   -2.082376342358607E+02   -2.082346593870311E+02   -2.057778676243826E+02   -2.057725818355822E+02   -2.057699640730789E+02   -1.988320929717423E+02   -1.988320619949789E+02   -1.988320561873995E+02   -1.951599777530552E+02   -1.951472137902364E+02   -1.951439670189040E+02   -1.950365919881888E+02   -1.950265041322574E+02   -1.950241640983603E+02   -1.924821143854185E+02   -1.924738764246199E+02   -1.924699306773836E+02   -1.832297272472009E+02   -1.832295072735737E+02   -1.832294976400939E+02   -1.832001874268187E+02   -1.831744584079295E+02   -1.831704215486592E+02   -1.829053280505598E+02   -1.828826642586155E+02   -1.828785440843693E+02   -1.802761640994231E+02   -1.802644703302902E+02   -1.802594229788372E+02   -1.725977393914927E+02   -1.725585619733567E+02   -1.725539079884314E+02   -1.718751611954674E+02   -1.718390923166261E+02   -1.718321412375277E+02   -1.703382755999838E+02   -1.703371408703593E+02   -1.703366244051488E+02   -1.698418247395279E+02   -1.698338269470466E+02   -1.698298530186029E+02   -1.693592668430589E+02   -1.693442408219557E+02   -1.693390205355961E+02   -1.669866737467569E+02   -1.669864152103575E+02   -1.669864061486514E+02   -1.642762980006761E+02   -1.642438672195170E+02   -1.642414213160225E+02   -1.621631242936524E+02   -1.621175029948947E+02   -1.621057203343878E+02   -1.613176384485207E+02   -1.612962042819545E+02   -1.612874729002318E+02   -1.599286884744057E+02   -1.599109818509182E+02   -1.599024098253641E+02   -1.591860480795423E+02   -1.591748407090232E+02   -1.591693718841252E+02   -1.559927180308505E+02   -1.559784423219594E+02   -1.559768308056824E+02   -1.553286746258422E+02   -1.553032109210861E+02   -1.552934984093272E+02   -1.544457276757758E+02   -1.544163719941763E+02   -1.544035823938669E+02   -1.525452063729469E+02   -1.525220868279810E+02   -1.525125156615314E+02   -1.513692198348624E+02   -1.513367139037261E+02   -1.513253485881164E+02   -1.492075137130439E+02   -1.491636557479762E+02   -1.491455621322985E+02   -1.485348419217639E+02   -1.484989315660405E+02   -1.484850983597991E+02   -1.471320270002354E+02   -1.471236848746233E+02   -1.471195488810105E+02   -1.463797408581307E+02
    5.328390569237537E+00   -2.505254750855048E+02   -2.505250423738432E+02   -2.505248260558119E+02   -2.342761155024287E+02   -2.342747267493171E+02   -2.342740322601177E+02   -2.213790619882230E+02   -2.213769159031650E+02   -2.213758449506030E+02   -2.189180239787920E+02   -2.189149699482618E+02   -2.189134436692188E+02   -2.071134706845263E+02   -2.071072680572063E+02   -2.071041751480845E+02   -2.044705498079301E+02   -2.044650613811539E+02   -2.044623339999692E+02   -1.965452958836887E+02   -1.965452627840642E+02   -1.965452566872669E+02   -1.939858332272422E+02   -1.939785609637478E+02   -1.939762684762887E+02   -1.937946954205451E+02   -1.937823584909708E+02   -1.937766381591985E+02   -1.909721340384145E+02   -1.909635554521889E+02   -1.909593817401426E+02   -1.817696222189355E+02   -1.817474760710600E+02   -1.817430464635557E+02   -1.814790803085500E+02   -1.814557401154042E+02   -1.814484801828305E+02   -1.806326539933289E+02   -1.806325358624856E+02   -1.806325303770380E+02   -1.784988500344038E+02   -1.784867465830383E+02   -1.784812283831977E+02   -1.707276332913347E+02   -1.706829368044883E+02   -1.706785774872196E+02   -1.702320004293692E+02   -1.701902525180514E+02   -1.701835997837609E+02   -1.685667215845189E+02   -1.685582284249333E+02   -1.685540155615384E+02   -1.672856238645796E+02   -1.672755966830504E+02   -1.672720662617537E+02   -1.671209805732118E+02   -1.671148201214506E+02   -1.671119751527673E+02   -1.641117844907021E+02   -1.641115663522808E+02   -1.641115574481717E+02   -1.614595267387252E+02   -1.614105676028254E+02   -1.614072314530543E+02   -1.601456081140856E+02   -1.600911299146759E+02   -1.600798244434372E+02   -1.584845816251247E+02   -1.584653297258317E+02   -1.584565520287289E+02   -1.582582454170765E+02   -1.582404721680908E+02   -1.582330097331441E+02   -1.566462855988704E+02   -1.566356379442045E+02   -1.566302807502779E+02   -1.530862060282145E+02   -1.530413020783150E+02   -1.530366439598618E+02   -1.520438087080250E+02   -1.520345324995155E+02   -1.520328677572892E+02   -1.516748965649433E+02   -1.516289434190775E+02   -1.516174359278051E+02   -1.499298353081508E+02   -1.498926826579529E+02   -1.498852131580880E+02   -1.492306492265298E+02   -1.491914459891111E+02   -1.491795548073912E+02   -1.472147329841604E+02   -1.471796230491682E+02   -1.471653201278208E+02   -1.455622432524418E+02   -1.455527797450648E+02   -1.455480913449113E+02   -1.453560373198810E+02   -1.453152525693543E+02   -1.453047286028425E+02   -1.440483057124841E+02
    5.459429023424489E+00   -2.497538668625427E+02   -2.497534257727834E+02   -2.497532052553380E+02   -2.334102081323138E+02   -2.334087868305159E+02   -2.334080760562580E+02   -2.205375217108019E+02   -2.205353207021260E+02   -2.205342215943692E+02   -2.179398136310244E+02   -2.179366744663154E+02   -2.179351052655952E+02   -2.061510249202006E+02   -2.061446268262262E+02   -2.061414325912270E+02   -2.033565355990409E+02   -2.033508696079969E+02   -2.033480480520702E+02   -1.945509750335128E+02   -1.945509400056048E+02   -1.945509336317033E+02   -1.930399978959784E+02   -1.930339398792719E+02   -1.930312359317985E+02   -1.926893448389835E+02   -1.926764837898846E+02   -1.926701366138317E+02   -1.896900515358762E+02   -1.896811652956753E+02   -1.896768008141570E+02   -1.806323845623907E+02   -1.806146602652334E+02   -1.806081648328459E+02   -1.802017358817478E+02   -1.801795980860312E+02   -1.801698747625194E+02   -1.783775706454938E+02   -1.783774428248371E+02   -1.783774370348435E+02   -1.770002960510718E+02   -1.769877800884508E+02   -1.769818833080168E+02   -1.692701613494185E+02   -1.692292375064288E+02   -1.692213023416649E+02   -1.687696319333135E+02   -1.687300352186036E+02   -1.687200908303815E+02   -1.674889466695375E+02   -1.674800287037723E+02   -1.674756069133811E+02   -1.654204633448296E+02   -1.654040673693356E+02   -1.653971380078758E+02   -1.645143274011809E+02   -1.645139625424959E+02   -1.645139510679875E+02   -1.616326461711419E+02   -1.616324220003825E+02   -1.616324122331468E+02   -1.593097296023655E+02   -1.592448929355774E+02   -1.592411122336867E+02   -1.584584386635232E+02   -1.583934799541979E+02   -1.583845677793195E+02   -1.570476533171963E+02   -1.570268554336662E+02   -1.570166052380171E+02   -1.555796913039184E+02   -1.555620403077216E+02   -1.555547206190007E+02   -1.541844933308779E+02   -1.541776414008911E+02   -1.541746255771422E+02   -1.509043899923531E+02   -1.508496207668722E+02   -1.508460829981134E+02   -1.493941227942402E+02   -1.493217294160983E+02   -1.493082825807917E+02   -1.489658776456869E+02   -1.489638893177101E+02   -1.489634550561950E+02   -1.478259078300250E+02   -1.477869866564034E+02   -1.477729955638321E+02   -1.472552180150924E+02   -1.472241985326015E+02   -1.472101188063474E+02   -1.449981012303748E+02   -1.449726434100115E+02   -1.449625339913585E+02   -1.442556011456602E+02   -1.442452587680245E+02   -1.442401272023820E+02   -1.426434692581154E+02   -1.425881795890453E+02   -1.425853482263701E+02   -1.415501300021462E+02
    5.590149967653716E+00   -2.490946597821966E+02   -2.490942114807852E+02   -2.490939873496225E+02   -2.326700606027545E+02   -2.326686111380664E+02   -2.326678862730622E+02   -2.198198111455650E+02   -2.198175627571281E+02   -2.198164394857791E+02   -2.171038834864676E+02   -2.171006704593833E+02   -2.170990640782568E+02   -2.053306318462947E+02   -2.053240642770834E+02   -2.053207829504258E+02   -2.024057428479852E+02   -2.023999218331521E+02   -2.023970191474100E+02   -1.928117680567815E+02   -1.928117312875308E+02   -1.928117246471940E+02   -1.922404924725820E+02   -1.922345546589878E+02   -1.922316991299594E+02   -1.917445956869024E+02   -1.917312780708236E+02   -1.917246534288398E+02   -1.885987458919876E+02   -1.885895858933347E+02   -1.885850601260576E+02   -1.796870299714456E+02   -1.796704378113561E+02   -1.796630466663054E+02   -1.791032832658221E+02   -1.790808218978170E+02   -1.790701200931414E+02   -1.764174349738802E+02   -1.764172983487095E+02   -1.764172922765826E+02   -1.757313215881242E+02   -1.757184139500762E+02   -1.757122075180366E+02   -1.681031289198108E+02   -1.680671170369521E+02   -1.680553308065195E+02   -1.674881676082445E+02   -1.674516417974278E+02   -1.674383204764235E+02   -1.665752106451442E+02   -1.665659251441288E+02   -1.665613189045349E+02   -1.639091891713828E+02   -1.638924175991816E+02   -1.638849003481542E+02   -1.622277110593670E+02   -1.622273271870118E+02   -1.622273208807275E+02   -1.594887928793808E+02   -1.594885532855444E+02   -1.594885429264382E+02   -1.576897303067271E+02   -1.576189196742812E+02   -1.576120944523292E+02   -1.570005299432721E+02   -1.569315623447133E+02   -1.569227273271287E+02   -1.559265858360679E+02   -1.559048727520438E+02   -1.558941566234820E+02   -1.534600122590589E+02   -1.534392529552896E+02   -1.534305861866762E+02   -1.515027096908434E+02   -1.514988464778633E+02   -1.514982506328303E+02   -1.489204948181264E+02   -1.488528254553156E+02   -1.488496411809281E+02   -1.475954947305120E+02   -1.475094319817372E+02   -1.474949037999822E+02   -1.463792861919353E+02   -1.463746692423127E+02   -1.463737800574842E+02   -1.463107303301647E+02   -1.462762715579418E+02   -1.462589592464968E+02   -1.452331527054183E+02   -1.452041332913812E+02   -1.451900102582223E+02   -1.431647895706211E+02   -1.431534951606348E+02   -1.431479005536917E+02   -1.428992557456064E+02   -1.428791651713032E+02   -1.428706309335749E+02   -1.401863698105014E+02   -1.401314624498012E+02   -1.401220283072686E+02   -1.395117321167316E+02
    5.720463061090472E+00   -2.485314040366737E+02   -2.485309495309739E+02   -2.485307222916372E+02   -2.320370662489509E+02   -2.320355924198910E+02   -2.320348553645355E+02   -2.192075119674132E+02   -2.192052227721719E+02   -2.192040787690989E+02   -2.163888368455210E+02   -2.163855597430300E+02   -2.163839211438295E+02   -2.046307012853865E+02   -2.046239870088964E+02   -2.046206307492535E+02   -2.015930259413953E+02   -2.015870698276181E+02   -2.015840971049377E+02   -1.915610502050579E+02   -1.915550638858481E+02   -1.915521153348878E+02   -1.912950451611063E+02   -1.912950068269348E+02   -1.912949999296570E+02   -1.909386504052241E+02   -1.909249485524118E+02   -1.909181187109092E+02   -1.876677352619049E+02   -1.876583336752454E+02   -1.876536706065587E+02   -1.788887551310663E+02   -1.788722956615112E+02   -1.788644453530868E+02   -1.781662054249811E+02   -1.781431287060601E+02   -1.781318658271187E+02   -1.747124683958349E+02   -1.747123238234816E+02   -1.747123174836415E+02   -1.746529655865847E+02   -1.746396978667967E+02   -1.746332348031968E+02   -1.671389255493012E+02   -1.671049704741723E+02   -1.670910098740876E+02   -1.663919397040594E+02   -1.663562027681425E+02   -1.663410048216337E+02   -1.657974911557525E+02   -1.657877942840081E+02   -1.657829747242398E+02   -1.626365860222117E+02   -1.626194227213319E+02   -1.626114382536255E+02   -1.602568512991287E+02   -1.602564334170014E+02   -1.602564265432954E+02   -1.576310304757754E+02   -1.576307754189210E+02   -1.576307645586984E+02   -1.564258352486430E+02   -1.563582194994302E+02   -1.563452103572711E+02   -1.557361716079932E+02   -1.556705723259251E+02   -1.556587421042735E+02   -1.549703849003637E+02   -1.549477129678382E+02   -1.549365056280753E+02   -1.518488830897377E+02   -1.518274800028125E+02   -1.518180393240027E+02   -1.489633335437039E+02   -1.489607779747995E+02   -1.489606463636341E+02   -1.471708471745102E+02   -1.470848103724227E+02   -1.470819049368796E+02   -1.461420779765429E+02   -1.460408596869955E+02   -1.460294625649521E+02   -1.451049974306041E+02   -1.450658436421121E+02   -1.450469076435915E+02   -1.441357451102619E+02   -1.441349890241406E+02   -1.441348642667351E+02   -1.432268372610686E+02   -1.431986812330408E+02   -1.431849518995079E+02   -1.422444817212114E+02   -1.422326281996635E+02   -1.422267557287004E+02   -1.410075798101408E+02   -1.409894581420120E+02   -1.409817752947872E+02   -1.382298624345534E+02   -1.381803405718724E+02   -1.381570733326467E+02   -1.376730087767339E+02
    5.850278244764409E+00   -2.480500259060928E+02   -2.480495660633805E+02   -2.480493361508974E+02   -2.314953759068272E+02   -2.314938809934094E+02   -2.314931333886186E+02   -2.186849442947530E+02   -2.186826199858042E+02   -2.186814581959299E+02   -2.157765597514663E+02   -2.157732270423299E+02   -2.157715605058760E+02   -2.040330076714734E+02   -2.040261664869920E+02   -2.040227456945407E+02   -2.008972869064061E+02   -2.008912131349769E+02   -2.008881798390826E+02   -1.909827233558103E+02   -1.909766544538618E+02   -1.909736359001663E+02   -1.902505402582585E+02   -1.902365114601496E+02   -1.902295128223401E+02   -1.899722985393495E+02   -1.899722588044017E+02   -1.899722516587075E+02   -1.868717959816012E+02   -1.868621821836090E+02   -1.868574016354337E+02   -1.782111528943026E+02   -1.781945440434906E+02   -1.781863956100300E+02   -1.773669278291805E+02   -1.773432384071657E+02   -1.773315698953484E+02   -1.737337871677984E+02   -1.737201945263651E+02   -1.737135166172348E+02   -1.732285860480943E+02   -1.732284343378034E+02   -1.732284277415819E+02   -1.663292456834550E+02   -1.662958219465780E+02   -1.662806121226085E+02   -1.654661721144849E+02   -1.654309196370216E+02   -1.654151157091920E+02   -1.651284549827804E+02   -1.651175727399474E+02   -1.651120991904118E+02   -1.615586794916915E+02   -1.615411272108946E+02   -1.615327619670928E+02   -1.585535330173292E+02   -1.585530830474476E+02   -1.585530757355922E+02   -1.560188590640018E+02   -1.560185900709941E+02   -1.560185787556906E+02   -1.554052454774076E+02   -1.553419601362501E+02   -1.553235002197776E+02   -1.546715009268039E+02   -1.546108053657381E+02   -1.545963111418450E+02   -1.541341558738922E+02   -1.541094163819690E+02   -1.540971400301901E+02   -1.505326355300188E+02   -1.505108563594048E+02   -1.505008488537790E+02   -1.467900650942790E+02   -1.467880732053902E+02   -1.467880285056095E+02   -1.457237996266438E+02   -1.456204635134969E+02   -1.456171790928538E+02   -1.449310301307630E+02   -1.448156516699926E+02   -1.448084189992835E+02   -1.440714238840216E+02   -1.440311734813959E+02   -1.440117947176158E+02   -1.422082590727162E+02   -1.422076453591126E+02   -1.422076027553532E+02   -1.414747847878423E+02   -1.414614642073479E+02   -1.414549711977602E+02   -1.413488160226422E+02   -1.413210426438283E+02   -1.413071019080962E+02   -1.391035265272343E+02   -1.390853721938497E+02   -1.390793616292896E+02   -1.367529763500713E+02   -1.366837724579938E+02   -1.366693420360204E+02   -1.360598113284094E+02
    5.979505803809040E+00   -2.476384937774934E+02   -2.476380293426273E+02   -2.476377971304564E+02   -2.310314897723423E+02   -2.310299766003969E+02   -2.310292198598108E+02   -2.182387591798447E+02   -2.182364046670301E+02   -2.182352276128786E+02   -2.152517014389371E+02   -2.152483204331104E+02   -2.152466296464969E+02   -2.035221393306279E+02   -2.035151883714950E+02   -2.035117119442584E+02   -2.003007755166808E+02   -2.002945992617970E+02   -2.002915134800303E+02   -1.904899822234121E+02   -1.904838276930063E+02   -1.904807524864145E+02   -1.896622904358636E+02   -1.896479814028300E+02   -1.896408397537664E+02   -1.888186226234281E+02   -1.888185816386827E+02   -1.888185742522880E+02   -1.861899376895950E+02   -1.861801379402035E+02   -1.861752564593765E+02   -1.776344399977639E+02   -1.776176038180715E+02   -1.776092340883408E+02   -1.766842548622378E+02   -1.766600124535690E+02   -1.766480210350163E+02   -1.729481040266584E+02   -1.729342214552061E+02   -1.729273622523712E+02   -1.719364407978611E+02   -1.719362826984592E+02   -1.719362758564853E+02   -1.656440467895150E+02   -1.656105404008854E+02   -1.655945168699195E+02   -1.647149521780671E+02   -1.646867045412498E+02   -1.646744930404980E+02   -1.645217088817113E+02   -1.645029061118782E+02   -1.644929349959417E+02   -1.606417140449262E+02   -1.606237925068957E+02   -1.606151135517516E+02   -1.570783926653032E+02   -1.570779137149642E+02   -1.570779059919558E+02   -1.546182831872525E+02   -1.546180017956631E+02   -1.546179900611969E+02   -1.545609191482159E+02   -1.545002207535324E+02   -1.544780445918383E+02   -1.538168202412509E+02   -1.537637000988622E+02   -1.537487491791008E+02   -1.533686040936648E+02   -1.533384907280894E+02   -1.533233158972056E+02   -1.494310648177378E+02   -1.494089029188530E+02   -1.493984252896408E+02   -1.449597470114883E+02   -1.449574513804277E+02   -1.449574247064124E+02   -1.445626346104203E+02   -1.444498966062529E+02   -1.444440374244052E+02   -1.439209590445614E+02   -1.437990678087573E+02   -1.437936503635497E+02   -1.431636134098596E+02   -1.431220436005914E+02   -1.431019019596853E+02   -1.408158839676579E+02   -1.408028691965721E+02   -1.407964359361839E+02   -1.405450552352933E+02   -1.405444585093427E+02   -1.405444465545119E+02   -1.398049407822469E+02   -1.397751444197374E+02   -1.397600953522465E+02   -1.370950625931027E+02   -1.370693104327408E+02   -1.370640564222051E+02   -1.354144837464122E+02   -1.353437562521655E+02   -1.353317295117240E+02   -1.347702633622964E+02
    6.108056429463403E+00   -2.472865295055313E+02   -2.472860611170537E+02   -2.472858269252210E+02   -2.306339108760300E+02   -2.306323818760473E+02   -2.306316172154838E+02   -2.178575935511513E+02   -2.178552130554372E+02   -2.178540228944618E+02   -2.148012436284155E+02   -2.147978206246316E+02   -2.147961087598903E+02   -2.030850491699090E+02   -2.030780032121639E+02   -2.030744787616188E+02   -1.997885279676748E+02   -1.997822623789152E+02   -1.997791310291761E+02   -1.900698091930126E+02   -1.900635748029115E+02   -1.900604523946615E+02   -1.891587014261955E+02   -1.891441510868934E+02   -1.891368868935743E+02   -1.878122654535980E+02   -1.878122233566292E+02   -1.878122157365710E+02   -1.856046197280939E+02   -1.855946572032015E+02   -1.855896886948779E+02   -1.771426621617237E+02   -1.771255872156880E+02   -1.771170416603721E+02   -1.761001466360459E+02   -1.760754180952183E+02   -1.760631588175289E+02   -1.722747583053030E+02   -1.722606187731338E+02   -1.722536055930374E+02   -1.708106884880044E+02   -1.708105246885686E+02   -1.708105176099471E+02   -1.650615935953888E+02   -1.650277719768949E+02   -1.650111607144449E+02   -1.641685319783631E+02   -1.641516483035160E+02   -1.641441740223574E+02   -1.639100365275253E+02   -1.638791842775842E+02   -1.638636611985559E+02   -1.598587641291275E+02   -1.598405014929547E+02   -1.598315617188776E+02   -1.557988591790780E+02   -1.557983542434360E+02   -1.557983461271091E+02   -1.538524896792081E+02   -1.537929741481973E+02   -1.537682833878997E+02   -1.534004278101505E+02   -1.534001357138827E+02   -1.534001235794276E+02   -1.531544915028985E+02   -1.531099555284047E+02   -1.530955717075470E+02   -1.526506316782552E+02   -1.526134503112674E+02   -1.525949203906347E+02   -1.484999657393697E+02   -1.484774133644950E+02   -1.484665397272587E+02   -1.436318810637032E+02   -1.435161499358205E+02   -1.435063487451355E+02   -1.433991423747129E+02   -1.433968319053339E+02   -1.433963190219427E+02   -1.430915800128464E+02   -1.429723028056328E+02   -1.429658044735657E+02   -1.423471931958499E+02   -1.423035210860775E+02   -1.422818761658841E+02   -1.402610886762628E+02   -1.402476721107906E+02   -1.402410426674457E+02   -1.391068972421014E+02   -1.391062795018653E+02   -1.391062711940866E+02   -1.385768505036938E+02   -1.385461272944487E+02   -1.385306122256678E+02   -1.352358652835510E+02   -1.351804407827571E+02   -1.351720902291552E+02   -1.340695550073179E+02   -1.340200196287102E+02   -1.340086670671063E+02   -1.337258396302767E+02
    6.235841280793062E+00   -2.469853590453509E+02   -2.469848872499277E+02   -2.469846513523154E+02   -2.302928499748962E+02   -2.302913072349832E+02   -2.302905356989448E+02   -2.175317768479185E+02   -2.175293739896530E+02   -2.175281725649141E+02   -2.144141407404103E+02   -2.144106811599228E+02   -2.144089509439510E+02   -2.027106833804991E+02   -2.027035551373518E+02   -2.026999891729613E+02   -1.993479103303623E+02   -1.993415667736549E+02   -1.993383957778161E+02   -1.897112220308640E+02   -1.897049159677948E+02   -1.897017536999927E+02   -1.887269460420453E+02   -1.887121872152061E+02   -1.887048173998816E+02   -1.869342380038798E+02   -1.869341949190940E+02   -1.869341870718367E+02   -1.851011378280273E+02   -1.850910328176994E+02   -1.850859890220894E+02   -1.767226304073847E+02   -1.767053286690963E+02   -1.766966383927558E+02   -1.755994204011920E+02   -1.755742679307078E+02   -1.755617819875065E+02   -1.716962108089835E+02   -1.716818444437476E+02   -1.716746997615782E+02   -1.698294003201074E+02   -1.698292314483884E+02   -1.698292241412393E+02   -1.645649112672203E+02   -1.645306984362493E+02   -1.645136321977023E+02   -1.637470794443257E+02   -1.637332455868361E+02   -1.637268555620230E+02   -1.633423012607742E+02   -1.633076018886083E+02   -1.632904066976227E+02   -1.591879965770729E+02   -1.591694241713869E+02   -1.591602658202347E+02   -1.546875719927926E+02   -1.546870438336329E+02   -1.546870353392492E+02   -1.532530846908290E+02   -1.531939636670252E+02   -1.531674633961894E+02   -1.526281831681297E+02   -1.525886747689048E+02   -1.525746592085728E+02   -1.523406008526140E+02   -1.523402992715651E+02   -1.523402867615713E+02   -1.519998710733705E+02   -1.519577871079652E+02   -1.519370732846333E+02   -1.477080854438066E+02   -1.476851512281029E+02   -1.476739429769803E+02   -1.428622168089780E+02   -1.427449816213957E+02   -1.427303734606130E+02   -1.424168879417041E+02   -1.423032798670301E+02   -1.422949380517378E+02   -1.420684114702278E+02   -1.420672343882298E+02   -1.420672245245350E+02   -1.416122309795053E+02   -1.415653920993939E+02   -1.415420585557467E+02   -1.397905329099829E+02   -1.397767598157706E+02   -1.397699582311876E+02   -1.378603714952127E+02   -1.378597269885520E+02   -1.378597182642060E+02   -1.375771767442594E+02   -1.375457772019926E+02   -1.375299124582722E+02   -1.338854278254167E+02   -1.337873503954330E+02   -1.337721627855395E+02   -1.328751188215618E+02   -1.327294443737441E+02   -1.327136028217627E+02   -1.325804031850183E+02
    6.362772046087795E+00   -2.467274971895145E+02   -2.467270224547321E+02   -2.467267850855288E+02   -2.299999737780566E+02   -2.299984190909947E+02   -2.299976415762206E+02   -2.172530809983980E+02   -2.172506588776515E+02   -2.172494477623301E+02   -2.140810177225663E+02   -2.140775262285153E+02   -2.140757800047357E+02   -2.023896719426676E+02   -2.023824723354668E+02   -2.023788704236295E+02   -1.989682433055746E+02   -1.989618315896623E+02   -1.989586260205605E+02   -1.894049325289282E+02   -1.893985632301951E+02   -1.893953670585845E+02   -1.883561964249893E+02   -1.883412569495026E+02   -1.883337957391815E+02   -1.861679721422902E+02   -1.861679281814756E+02   -1.861679201129991E+02   -1.846671353348876E+02   -1.846569055107990E+02   -1.846517963754747E+02   -1.763633292993792E+02   -1.763458206477662E+02   -1.763370088879071E+02   -1.751693219222855E+02   -1.751438004939828E+02   -1.751311205937303E+02   -1.711978539715730E+02   -1.711832877949711E+02   -1.711760302533011E+02   -1.689735799040267E+02   -1.689734065277688E+02   -1.689733989994094E+02   -1.641402708773543E+02   -1.641056571874321E+02   -1.640882225695645E+02   -1.633963545403123E+02   -1.633834017541611E+02   -1.633773197067443E+02   -1.628465025757774E+02   -1.628101634569027E+02   -1.627921962687934E+02   -1.586115219189817E+02   -1.585926712293092E+02   -1.585833284087678E+02   -1.537213298916219E+02   -1.537207810290465E+02   -1.537207721703123E+02   -1.527430931617272E+02   -1.526839669818668E+02   -1.526560680921862E+02   -1.521942672974125E+02   -1.521572271879229E+02   -1.521434065925761E+02   -1.514277980168238E+02   -1.514175968665718E+02   -1.514172869742293E+02   -1.514172741069693E+02   -1.513826997621382E+02   -1.513605848692144E+02   -1.470313727887228E+02   -1.470080766894996E+02   -1.469965846474923E+02   -1.422232179901766E+02   -1.421058085819579E+02   -1.420880045077488E+02   -1.418630117560595E+02   -1.417532755405232E+02   -1.417438025683064E+02   -1.409599995264797E+02   -1.409208523270823E+02   -1.409197564327038E+02   -1.409196560098706E+02   -1.409090188080190E+02   -1.408846472139145E+02   -1.393907163807305E+02   -1.393766349256266E+02   -1.393696858082810E+02   -1.367779459827385E+02   -1.367772687950070E+02   -1.367772593796856E+02   -1.367442287351024E+02   -1.367122308717432E+02   -1.366960442310734E+02   -1.329478292985199E+02   -1.328325806451442E+02   -1.328111427762218E+02   -1.321514744812048E+02   -1.320070145363038E+02   -1.319882498062906E+02   -1.315004475030652E+02
    6.488761003893535E+00   -2.465065619504188E+02   -2.465060846760193E+02   -2.465058460353750E+02   -2.297481899410426E+02   -2.297466248456903E+02   -2.297458421218762E+02   -2.170145070559544E+02   -2.170120683243474E+02   -2.170108488605939E+02   -2.137939153061470E+02   -2.137903959088909E+02   -2.137886356912327E+02   -2.021140691215550E+02   -2.021068075236027E+02   -2.021031744247074E+02   -1.986404913889542E+02   -1.986340199716707E+02   -1.986307841783304E+02   -1.891430759560543E+02   -1.891366513294865E+02   -1.891334261884209E+02   -1.880373058317705E+02   -1.880222094082696E+02   -1.880146688589078E+02   -1.854990202507188E+02   -1.854989755138074E+02   -1.854989672296818E+02   -1.842922082902309E+02   -1.842818689926266E+02   -1.842767029706298E+02   -1.760555117090134E+02   -1.760378178175973E+02   -1.760289028552041E+02   -1.747991310305495E+02   -1.747732883383620E+02   -1.747604412648907E+02   -1.707674777986902E+02   -1.707527357588534E+02   -1.707453809212946E+02   -1.682267589701235E+02   -1.682265815997241E+02   -1.682265738568096E+02   -1.637763758991960E+02   -1.637413799641910E+02   -1.637236380135323E+02   -1.630993729194435E+02   -1.630867541121244E+02   -1.630807885799021E+02   -1.624176499599579E+02   -1.623802984839782E+02   -1.623618311127065E+02   -1.581145735694624E+02   -1.580954746026488E+02   -1.580859751152559E+02   -1.528803405483474E+02   -1.528797732668511E+02   -1.528797640563146E+02   -1.523073570839207E+02   -1.522480411585431E+02   -1.522189856432083E+02   -1.518295208370700E+02   -1.517937520622933E+02   -1.517800707542057E+02   -1.509306475955694E+02   -1.508835270107193E+02   -1.508604241197854E+02   -1.506131550983744E+02   -1.506128379229843E+02   -1.506128247141287E+02   -1.464506833024154E+02   -1.464270512579841E+02   -1.464153173667916E+02   -1.416865232786988E+02   -1.415678530563002E+02   -1.415486359609656E+02   -1.414019698962237E+02   -1.412926946881671E+02   -1.412829632899068E+02   -1.403877206084783E+02   -1.403346975829177E+02   -1.403086565267332E+02   -1.399284112828552E+02   -1.399271218966047E+02   -1.399271121672871E+02   -1.390504744251290E+02   -1.390361272181102E+02   -1.390290524062302E+02   -1.360409010249012E+02   -1.360083124612296E+02   -1.359918136357640E+02   -1.358365430913580E+02   -1.358358514279688E+02   -1.358358417292854E+02   -1.322258446498197E+02   -1.321069972259529E+02   -1.320785372271046E+02   -1.315378058694602E+02   -1.313987868191419E+02   -1.313762331045386E+02   -1.308304675646840E+02
    6.613721083636392E+00   -2.463171147098916E+02   -2.463166352375574E+02   -2.463163954965073E+02   -2.295314633972938E+02   -2.295298892147299E+02   -2.295291019426152E+02   -2.168101030130217E+02   -2.168076499371124E+02   -2.168064232697544E+02   -2.135460746951942E+02   -2.135425308444615E+02   -2.135407583643263E+02   -2.018771350069153E+02   -2.018698194595358E+02   -2.018661592459898E+02   -1.983570039080710E+02   -1.983504800805991E+02   -1.983472177950929E+02   -1.889189886400634E+02   -1.889125158037589E+02   -1.889092658267431E+02   -1.877625416565259E+02   -1.877473085120915E+02   -1.877396988847988E+02   -1.849147910285294E+02   -1.849147456044708E+02   -1.849147371099235E+02   -1.839675829988254E+02   -1.839571475173734E+02   -1.839519318099351E+02   -1.757913922132489E+02   -1.757735340505940E+02   -1.757645307116564E+02   -1.744798265333157E+02   -1.744537036583946E+02   -1.744407117216244E+02   -1.703948470067740E+02   -1.703799501622039E+02   -1.703725110911474E+02   -1.675746546298204E+02   -1.675744737218502E+02   -1.675744657704908E+02   -1.634638433075688E+02   -1.634284950280409E+02   -1.634104911643294E+02   -1.628465147629640E+02   -1.628340396712433E+02   -1.628281256223806E+02   -1.620469299067505E+02   -1.620088375060243E+02   -1.619899962987567E+02   -1.576848954505730E+02   -1.576655759224366E+02   -1.576559426174234E+02   -1.521476520932448E+02   -1.521470684520551E+02   -1.521470589013454E+02   -1.519337701492154E+02   -1.518741997438831E+02   -1.518441249315481E+02   -1.515199861317003E+02   -1.514849325193852E+02   -1.514713923977183E+02   -1.504998887870058E+02   -1.504512845979634E+02   -1.504274352637746E+02   -1.499115210511406E+02   -1.499111974974130E+02   -1.499111839601934E+02   -1.459505084155055E+02   -1.459265686944626E+02   -1.459146275960710E+02   -1.412331972893167E+02   -1.411116921712732E+02   -1.410935246793550E+02   -1.410134080527439E+02   -1.409010056607393E+02   -1.408913653913522E+02   -1.398893262581297E+02   -1.398340284947741E+02   -1.398069439710605E+02   -1.390683923189694E+02   -1.390670480900244E+02   -1.390670378622582E+02   -1.387604964014037E+02   -1.387459200352546E+02   -1.387387385807293E+02   -1.354419948319750E+02   -1.354088580099200E+02   -1.353920659557253E+02   -1.350167331370722E+02   -1.350160212582578E+02   -1.350160112465451E+02   -1.316449555714670E+02   -1.315285527099653E+02   -1.314924026772582E+02   -1.310103932943587E+02   -1.308795583243080E+02   -1.308522564840018E+02   -1.302595750252590E+02
    6.737565925796847E+00   -2.461545227465555E+02   -2.461540413683849E+02   -2.461538006731084E+02   -2.293446594714480E+02   -2.293430773363249E+02   -2.293422860833830E+02   -2.166348082252250E+02   -2.166323427419168E+02   -2.166311098475613E+02   -2.133317552758262E+02   -2.133281899407848E+02   -2.133264066877000E+02   -2.016731511105799E+02   -2.016657885125434E+02   -2.016621046701846E+02   -1.981112983663506E+02   -1.981047284156522E+02   -1.981014428443146E+02   -1.887270223140346E+02   -1.887205075466485E+02   -1.887172362179832E+02   -1.875253620239012E+02   -1.875100094545135E+02   -1.875023395080887E+02   -1.844043170074452E+02   -1.844042709751407E+02   -1.844042622751066E+02   -1.836858506890882E+02   -1.836753305249401E+02   -1.836700712813135E+02   -1.755644037068943E+02   -1.755464005511197E+02   -1.755373210834598E+02   -1.742038071892568E+02   -1.741774394214985E+02   -1.741643213961154E+02   -1.700713614903129E+02   -1.700563282634791E+02   -1.700488159719685E+02   -1.670048762993365E+02   -1.670046922605546E+02   -1.670046841064032E+02   -1.631948349493739E+02   -1.631591676543751E+02   -1.631409369103544E+02   -1.626306209947961E+02   -1.626182096228443E+02   -1.626123211870777E+02   -1.617260091787573E+02   -1.616873299603603E+02   -1.616681902436754E+02   -1.573122716759314E+02   -1.572927566842151E+02   -1.572830084736543E+02   -1.516124782191258E+02   -1.515526613291861E+02   -1.515216299986890E+02   -1.515087051715441E+02   -1.515081070176824E+02   -1.515080971376639E+02   -1.512558415619824E+02   -1.512212379714187E+02   -1.512078705867048E+02   -1.501265657848342E+02   -1.500768055689903E+02   -1.500523668152235E+02   -1.492990849607221E+02   -1.492987558199279E+02   -1.492987419660208E+02   -1.455181463062497E+02   -1.454939272570363E+02   -1.454818076616905E+02   -1.408495380032738E+02   -1.407233744329657E+02   -1.407100198201105E+02   -1.406826383920267E+02   -1.405633231393171E+02   -1.405530069213348E+02   -1.394561702300545E+02   -1.393990453006129E+02   -1.393710809990990E+02   -1.385129899460446E+02   -1.384982155890483E+02   -1.384909442054459E+02   -1.383215001844443E+02   -1.383201073029101E+02   -1.383200966813240E+02   -1.349289123381344E+02   -1.348952609761420E+02   -1.348781947263529E+02   -1.343018961662001E+02   -1.343011663552525E+02   -1.343011560744986E+02   -1.311690050759987E+02   -1.310572780533215E+02   -1.310140347283959E+02   -1.305546946351740E+02   -1.304319861550885E+02   -1.303999312118274E+02   -1.297631861047955E+02
    6.860209941592537E+00   -2.460148411723915E+02   -2.460143581382006E+02   -2.460141166136892E+02   -2.291834099165561E+02   -2.291818208041624E+02   -2.291810260581408E+02   -2.164843205933397E+02   -2.164818443579588E+02   -2.164806060700080E+02   -2.131460801174774E+02   -2.131424958559541E+02   -2.131407031126109E+02   -2.014972644374304E+02   -2.014898607096754E+02   -2.014861562246901E+02   -1.978978786268889E+02   -1.978912679775773E+02   -1.978879618788056E+02   -1.885623880350629E+02   -1.885558368134154E+02   -1.885525470815456E+02   -1.873202286657149E+02   -1.873047714867479E+02   -1.872970487145965E+02   -1.839580500110977E+02   -1.839580034403357E+02   -1.839579945395080E+02   -1.834407478484726E+02   -1.834301529519533E+02   -1.834248554351661E+02   -1.753689993780530E+02   -1.753508685027640E+02   -1.753417231435188E+02   -1.739646602907983E+02   -1.739380779271116E+02   -1.739248497195101E+02   -1.697897807737122E+02   -1.697746272280941E+02   -1.697670510387979E+02   -1.665066736202997E+02   -1.665064868118842E+02   -1.665064784602163E+02   -1.629627785215147E+02   -1.629268252944212E+02   -1.629083953261249E+02   -1.624459223702954E+02   -1.624335374923651E+02   -1.624276639533440E+02   -1.614476169974587E+02   -1.614084537939407E+02   -1.613890671961414E+02   -1.569881577252413E+02   -1.569684697026554E+02   -1.569586223374743E+02   -1.513353676444036E+02   -1.512753658802129E+02   -1.512433762444051E+02   -1.510295327593109E+02   -1.509952639817204E+02   -1.509821203851811E+02   -1.509509704110680E+02   -1.509503593942347E+02   -1.509503491951184E+02   -1.498025124292742E+02   -1.497518162819571E+02   -1.497268982526973E+02   -1.487640791296394E+02   -1.487637450937677E+02   -1.487637309335141E+02   -1.451431140993715E+02   -1.451186428544929E+02   -1.451063686661138E+02   -1.405252964053192E+02   -1.404024403560323E+02   -1.403895650061134E+02   -1.403884929233314E+02   -1.402681254870178E+02   -1.402547299832864E+02   -1.390797015731172E+02   -1.390210838461871E+02   -1.389923753520515E+02   -1.383014176316612E+02   -1.382864718251240E+02   -1.382791254756990E+02   -1.376717237670594E+02   -1.376702879731140E+02   -1.376702769810702E+02   -1.344871530974561E+02   -1.344530226726408E+02   -1.344357020676036E+02   -1.336778346303147E+02   -1.336770889922790E+02   -1.336770784543534E+02   -1.307742639616878E+02   -1.306670503714521E+02   -1.306182125203391E+02   -1.301602630326776E+02   -1.300439150620550E+02   -1.300077580003365E+02   -1.293308464880579E+02
    6.981568372128398E+00   -2.458947116773657E+02   -2.458942272009552E+02   -2.458939849541587E+02   -2.290439985863614E+02   -2.290424033358854E+02   -2.290416055164480E+02   -2.163549832278829E+02   -2.163524976556589E+02   -2.163512546857364E+02   -2.129849049488248E+02   -2.129813039668896E+02   -2.129795028392411E+02   -2.013453554864478E+02   -2.013379157144439E+02   -2.013341931476882E+02   -1.977120819964037E+02   -1.977054353338138E+02   -1.977021110843782E+02   -1.884210244818483E+02   -1.884144415527287E+02   -1.884111359193512E+02   -1.871424499240200E+02   -1.871269008478381E+02   -1.871191316738092E+02   -1.835676813149848E+02   -1.835676342673539E+02   -1.835676251702236E+02   -1.832269735470871E+02   -1.832163125293658E+02   -1.832109812543962E+02   -1.752004893866427E+02   -1.751822460514473E+02   -1.751730434248018E+02   -1.737569695643826E+02   -1.737301986279838E+02   -1.737168737802543E+02   -1.695439985555006E+02   -1.695287386704554E+02   -1.695211065042710E+02   -1.660707187920013E+02   -1.660705295337936E+02   -1.660705209895719E+02   -1.627621483409282E+02   -1.627259403598808E+02   -1.627073333093404E+02   -1.622876432543860E+02   -1.622752668275893E+02   -1.622694041900172E+02   -1.612055383797128E+02   -1.611659666071102E+02   -1.611463714735478E+02   -1.567053866952476E+02   -1.566855455179675E+02   -1.566756121890827E+02   -1.510957090368738E+02   -1.510356382842242E+02   -1.510026182960943E+02   -1.508349793828712E+02   -1.508010271858765E+02   -1.507881757035840E+02   -1.504636495676761E+02   -1.504630271561142E+02   -1.504630166475473E+02   -1.495206083668010E+02   -1.494691353886568E+02   -1.494438195481115E+02   -1.482963219493191E+02   -1.482959836229626E+02   -1.482959691656383E+02   -1.448167107651416E+02   -1.447920125599416E+02   -1.447796037813446E+02   -1.402522712921998E+02   -1.401566874938364E+02   -1.401240477457152E+02   -1.401059765429121E+02   -1.400067049298536E+02   -1.399875801356764E+02   -1.387520696009382E+02   -1.386922125642452E+02   -1.386628696174006E+02   -1.381202844400505E+02   -1.381051899790461E+02   -1.380977826017878E+02   -1.371055417419065E+02   -1.371040681003863E+02   -1.371040567553706E+02   -1.341051219875464E+02   -1.340705479685476E+02   -1.340529925467924E+02   -1.331323676663848E+02   -1.331316080579213E+02   -1.331315972725256E+02   -1.304434909898901E+02   -1.303396499189672E+02   -1.302868517566696E+02   -1.298184482984134E+02   -1.297063465955154E+02   -1.296669640097801E+02   -1.289540471296222E+02
    7.101557346973252E+00   -2.457912758045695E+02   -2.457907900690868E+02   -2.457905471916033E+02   -2.289232639268186E+02   -2.289216632612847E+02   -2.289208627299871E+02   -2.162436877972147E+02   -2.162411940989055E+02   -2.162399470551617E+02   -2.128447070090593E+02   -2.128410912121542E+02   -2.128392826551977E+02   -2.012139264359785E+02   -2.012064549921769E+02   -2.012027165425824E+02   -1.975499504122402E+02   -1.975432717886507E+02   -1.975399314401491E+02   -1.882994866046860E+02   -1.882928760668706E+02   -1.882895566590584E+02   -1.869880488175686E+02   -1.869724187715419E+02   -1.869646087135195E+02   -1.832259836688189E+02   -1.832259361985755E+02   -1.832259269094692E+02   -1.830400369996789E+02   -1.830293173189162E+02   -1.830239561682717E+02   -1.750549050799728E+02   -1.750365626561220E+02   -1.750273100687338E+02   -1.735761553561326E+02   -1.735492182247557E+02   -1.735358083107460E+02   -1.693288570747190E+02   -1.693135030045573E+02   -1.693058216148140E+02   -1.656889181365572E+02   -1.656887267111899E+02   -1.656887179791170E+02   -1.625882891519814E+02   -1.625518550323063E+02   -1.625330887545385E+02   -1.621517871379281E+02   -1.621394105916583E+02   -1.621335581042714E+02   -1.609944951444861E+02   -1.609545733017580E+02   -1.609347995249971E+02   -1.564579325899390E+02   -1.564379557660999E+02   -1.564279475759137E+02   -1.508878948718806E+02   -1.508279470651885E+02   -1.507937299240384E+02   -1.506671567235056E+02   -1.506335923701192E+02   -1.506211207387719E+02   -1.500374259587571E+02   -1.500367934554206E+02   -1.500367826465558E+02   -1.492747505882160E+02   -1.492226217607178E+02   -1.491969706643836E+02   -1.478869998427862E+02   -1.478866577538258E+02   -1.478866430078527E+02   -1.445316819083386E+02   -1.445067797831139E+02   -1.444942532384010E+02   -1.400229485564302E+02   -1.399451700869348E+02   -1.399029548604026E+02   -1.398616402763509E+02   -1.397735277404983E+02   -1.397483343658632E+02   -1.384663574965769E+02   -1.384054597627819E+02   -1.383755685373915E+02   -1.379649636629275E+02   -1.379497406936880E+02   -1.379422862032703E+02   -1.366114688256453E+02   -1.366099617939591E+02   -1.366099501113301E+02   -1.337733979947906E+02   -1.337384145852746E+02   -1.337206429273282E+02   -1.326550232710921E+02   -1.326542513265350E+02   -1.326542403022293E+02   -1.301637926373348E+02   -1.300621149008848E+02   -1.300066847081477E+02   -1.295216875677501E+02   -1.294121199228749E+02   -1.293703237080444E+02   -1.286252915005645E+02
    7.220093942122402E+00   -2.457021007645536E+02   -2.457016139270677E+02   -2.457013704974386E+02   -2.288185158698533E+02   -2.288169104131643E+02   -2.288161074819791E+02   -2.161477921592039E+02   -2.161452913715891E+02   -2.161440407742913E+02   -2.127224907526385E+02   -2.127188617893395E+02   -2.127170466291563E+02   -2.011000063947109E+02   -2.010925070434756E+02   -2.010887546020440E+02   -1.974081218117728E+02   -1.974014147377279E+02   -1.973980600646116E+02   -1.881948513841544E+02   -1.881882167696101E+02   -1.881848853991935E+02   -1.868536520225717E+02   -1.868379504175714E+02   -1.868301042248762E+02   -1.829266726734480E+02   -1.829266248283258E+02   -1.829266153514341E+02   -1.828761300289007E+02   -1.828653581524914E+02   -1.828599704731245E+02   -1.749288855380246E+02   -1.749104556877562E+02   -1.749011593572547E+02   -1.734183413623474E+02   -1.733912573088718E+02   -1.733777722532022E+02   -1.691399935198117E+02   -1.691245558305492E+02   -1.691168309944434E+02   -1.653542487096178E+02   -1.653540553664272E+02   -1.653540464509916E+02   -1.624372724890967E+02   -1.624006381314105E+02   -1.623817270440584E+02   -1.620349919740397E+02   -1.620226117363558E+02   -1.620167702953006E+02   -1.608100137083353E+02   -1.607697887665627E+02   -1.607498603775652E+02   -1.562407178554236E+02   -1.562206207482899E+02   -1.562105470845060E+02   -1.507072393468709E+02   -1.506477388537913E+02   -1.506120063267029E+02   -1.505218197039288E+02   -1.504888361526267E+02   -1.504768569204480E+02   -1.496642541305763E+02   -1.496636126890331E+02   -1.496636015885878E+02   -1.490597449239269E+02   -1.490070554958101E+02   -1.489811185077402E+02   -1.475284805701274E+02   -1.475281351792599E+02   -1.475281201523828E+02   -1.442819571502740E+02   -1.442568718844386E+02   -1.442442417952097E+02   -1.398298337944787E+02   -1.397617430509181E+02   -1.397162010393128E+02   -1.396496122777310E+02   -1.395656832102768E+02   -1.395358516027404E+02   -1.382165912187226E+02   -1.381548155320989E+02   -1.381244390484881E+02   -1.378315520341196E+02   -1.378162199723486E+02   -1.378087339031146E+02   -1.361797079352897E+02   -1.361781714338296E+02   -1.361781594274159E+02   -1.334842459219515E+02   -1.334488853445770E+02   -1.334309147585624E+02   -1.322367842803277E+02   -1.322360014371108E+02   -1.322359901816025E+02   -1.299254028989333E+02   -1.298249508511905E+02   -1.297678248613024E+02   -1.292634132848904E+02   -1.291552304105714E+02   -1.291116644929732E+02   -1.283379981859783E+02
    7.337096237306141E+00   -2.456251160511182E+02   -2.456246282465165E+02   -2.456243843321793E+02   -2.287274650520210E+02   -2.287258553434961E+02   -2.287250502820886E+02   -2.160650502152207E+02   -2.160625432271231E+02   -2.160612895219152E+02   -2.126157078577728E+02   -2.126120671571782E+02   -2.126102461097415E+02   -2.010010711039128E+02   -2.009935470911789E+02   -2.009897822868928E+02   -1.972837384501374E+02   -1.972770059727226E+02   -1.972736385131200E+02   -1.881046380282327E+02   -1.880979823776302E+02   -1.880946405905604E+02   -1.867363963554629E+02   -1.867206313128339E+02   -1.867127530819808E+02   -1.827320201498493E+02   -1.827212016949149E+02   -1.827157903796209E+02   -1.826642852828545E+02   -1.826642371048075E+02   -1.826642274442146E+02   -1.748195824696602E+02   -1.748010753394069E+02   -1.747917405760587E+02   -1.732802432586522E+02   -1.732530289128776E+02   -1.732394772519534E+02   -1.689737124661553E+02   -1.689582003475476E+02   -1.689504370235169E+02   -1.650606164960860E+02   -1.650604214547616E+02   -1.650604123602794E+02   -1.623057784802222E+02   -1.622689671717295E+02   -1.622499228658047E+02   -1.619344212135848E+02   -1.619220364843122E+02   -1.619162078454998E+02   -1.606483035587321E+02   -1.606078140857460E+02   -1.605877508063668E+02   -1.560494557976856E+02   -1.560292518567961E+02   -1.560191206915343E+02   -1.505498231050514E+02   -1.504913550311929E+02   -1.504535152671406E+02   -1.503952678524799E+02   -1.503632737061797E+02   -1.503519321217947E+02   -1.493371814178262E+02   -1.493365320575122E+02   -1.493365206738220E+02   -1.488711831893816E+02   -1.488180099922791E+02   -1.487918268702677E+02   -1.472141528198636E+02   -1.472138045290561E+02   -1.472137892284831E+02   -1.440624411795218E+02   -1.440371913606069E+02   -1.440244698070135E+02   -1.396659630952134E+02   -1.396025264730870E+02   -1.395564731326761E+02   -1.394642411737822E+02   -1.393811572453596E+02   -1.393481754656426E+02   -1.379976640831723E+02   -1.379351564868090E+02   -1.379043282314036E+02   -1.377167441577763E+02   -1.377013270991269E+02   -1.376938297742119E+02   -1.358018756900319E+02   -1.358003131650132E+02   -1.358003008474145E+02   -1.332312670015228E+02   -1.331955591573914E+02   -1.331774055670961E+02   -1.318698764607151E+02   -1.318690839823073E+02   -1.318690725026416E+02   -1.297208276898498E+02   -1.296209673050192E+02   -1.295627608053132E+02   -1.290380122168321E+02   -1.289305257895008E+02   -1.288856697033711E+02   -1.280864691022204E+02
    7.452483372604582E+00   -2.455585593453935E+02   -2.455580706896934E+02   -2.455578263486425E+02   -2.286481625719098E+02   -2.286465490786730E+02   -2.286457421205983E+02   -2.159935522148643E+02   -2.159910397893100E+02   -2.159897833584716E+02   -2.125221893799099E+02   -2.125185381835315E+02   -2.125167118707385E+02   -2.009149748882072E+02   -2.009074290179143E+02   -2.009036532567241E+02   -1.971743694798220E+02   -1.971676142496077E+02   -1.971642353400036E+02   -1.880267403816625E+02   -1.880200663122932E+02   -1.880167154299192E+02   -1.866338499367773E+02   -1.866180284803497E+02   -1.866101217527329E+02   -1.826049608046034E+02   -1.825941006590499E+02   -1.825886682149324E+02   -1.824340734428727E+02   -1.824340249687539E+02   -1.824340151284604E+02   -1.747245803194726E+02   -1.747060047276323E+02   -1.746966360814631E+02   -1.731590754612097E+02   -1.731317452027109E+02   -1.731181343004725E+02   -1.688268796150676E+02   -1.688113010678871E+02   -1.688035035255984E+02   -1.648027332829284E+02   -1.648025367368697E+02   -1.648025274675149E+02   -1.621909979660796E+02   -1.621540306034169E+02   -1.621348622934779E+02   -1.618476772282999E+02   -1.618352888130239E+02   -1.618294751861088E+02   -1.605061514999189E+02   -1.604654296529967E+02   -1.604452479077131E+02   -1.558805208564145E+02   -1.558602218414983E+02   -1.558500399725352E+02   -1.504123732061813E+02   -1.503560676430737E+02   -1.503150016682502E+02   -1.502840788652738E+02   -1.502539088185171E+02   -1.502433876675619E+02   -1.490501958367294E+02   -1.490495394572960E+02   -1.490495277983605E+02   -1.487053274238542E+02   -1.486517335267910E+02   -1.486253367998041E+02   -1.469382880476177E+02   -1.469379372075732E+02   -1.469379216400913E+02   -1.438688455764009E+02   -1.438434477422814E+02   -1.438306450337274E+02   -1.395256346284247E+02   -1.394641982643597E+02   -1.394186935670622E+02   -1.393013195994530E+02   -1.392177915708116E+02   -1.391826749044424E+02   -1.378052421336401E+02   -1.377421809863502E+02   -1.377108680981412E+02   -1.376176979263209E+02   -1.376022509642275E+02   -1.375947732845842E+02   -1.354707809578827E+02   -1.354691954372375E+02   -1.354691828200399E+02   -1.330091377474469E+02   -1.329731101140216E+02   -1.329547880606557E+02   -1.315475902219011E+02   -1.315467892183727E+02   -1.315467775210758E+02   -1.295442275696905E+02   -1.294445609453014E+02   -1.293856659600228E+02   -1.288407305940588E+02   -1.287335646473487E+02   -1.286877704416903E+02   -1.278658571737745E+02
    7.566175604329682E+00   -2.455009303936032E+02   -2.455004409867664E+02   -2.455001962689623E+02   -2.285789487508856E+02   -2.285773318784084E+02   -2.285765232263855E+02   -2.159316739888549E+02   -2.159291567819121E+02   -2.159278979539033E+02   -2.124400882183675E+02   -2.124364276073092E+02   -2.124345965706328E+02   -2.008398929927561E+02   -2.008323276919036E+02   -2.008285421898088E+02   -1.970779455487584E+02   -1.970711698769499E+02   -1.970677806816313E+02   -1.879593696773797E+02   -1.879526794430602E+02   -1.879493205967597E+02   -1.865439456925127E+02   -1.865280739111157E+02   -1.865201417555353E+02   -1.824926159061816E+02   -1.824817183326498E+02   -1.824762669387666E+02   -1.822319110912638E+02   -1.822318623534358E+02   -1.822318523373800E+02   -1.746418290534310E+02   -1.746231926638563E+02   -1.746137940453026E+02   -1.730524729513946E+02   -1.730250392430296E+02   -1.730113754705109E+02   -1.686968330675970E+02   -1.686811950674417E+02   -1.686733669955645E+02   -1.645760097349969E+02   -1.645758118543625E+02   -1.645758024141988E+02   -1.620905510819997E+02   -1.620534464463562E+02   -1.620341613066790E+02   -1.617727306746579E+02   -1.617603403583561E+02   -1.617545441935061E+02   -1.603808314855864E+02   -1.603399043780002E+02   -1.603196179964278E+02   -1.557308413491834E+02   -1.557104575387491E+02   -1.557002307854133E+02   -1.502921743490825E+02   -1.502402337919182E+02   -1.501939147453522E+02   -1.501848216344709E+02   -1.501580567175711E+02   -1.501485328543881E+02   -1.487980959772563E+02   -1.487974333718574E+02   -1.487974214453851E+02   -1.485590075044598E+02   -1.485050453619698E+02   -1.484784619795971E+02   -1.466959212783367E+02   -1.466955681950640E+02   -1.466955523671343E+02   -1.436975522592407E+02   -1.436720210751509E+02   -1.436591460499612E+02   -1.394045045400182E+02   -1.393437908989756E+02   -1.392991344413712E+02   -1.391576259170339E+02   -1.390732558538351E+02   -1.390366336005085E+02   -1.376357047386156E+02   -1.375728041840672E+02   -1.375405756386795E+02   -1.375315218920859E+02   -1.375164716782653E+02   -1.375089698731988E+02   -1.351802433292324E+02   -1.351786374724266E+02   -1.351786245663736E+02   -1.328134090048417E+02   -1.327770866773821E+02   -1.327586093822706E+02   -1.312641296812696E+02   -1.312633211276747E+02   -1.312633092188680E+02   -1.293909803668695E+02   -1.292912701538168E+02   -1.292319340584492E+02   -1.286675550163150E+02   -1.285605270038431E+02   -1.285140559716462E+02   -1.276721922203142E+02
    7.678094360135844E+00   -2.454509517190578E+02   -2.454504616473768E+02   -2.454502165959418E+02   -2.285184095781624E+02   -2.285167896792315E+02   -2.285159795096299E+02   -2.158780338021913E+02   -2.158755123789629E+02   -2.158742514365140E+02   -2.123678303395461E+02   -2.123641612576457E+02   -2.123623259697522E+02   -2.007742727291788E+02   -2.007666901031301E+02   -2.007628959142294E+02   -1.969927035363411E+02   -1.969859094435063E+02   -1.969825109795579E+02   -1.879010060515972E+02   -1.878943015948528E+02   -1.878909357551499E+02   -1.864649252376202E+02   -1.864490084226862E+02   -1.864410535051344E+02   -1.823929963512464E+02   -1.823820650761253E+02   -1.823765966320776E+02   -1.820542129342170E+02   -1.820541639610986E+02   -1.820541537731732E+02   -1.745695875528253E+02   -1.745508970306078E+02   -1.745414718102927E+02   -1.729584256499351E+02   -1.729308993206731E+02   -1.729171882061495E+02   -1.685813090985444E+02   -1.685656177381117E+02   -1.685577623339715E+02   -1.643764625499355E+02   -1.643762634843988E+02   -1.643762538774037E+02   -1.620024193158666E+02   -1.619651943644288E+02   -1.619457977799935E+02   -1.617078620604677E+02   -1.616954722728794E+02   -1.616896961499928E+02   -1.602700283897461E+02   -1.602289190799892E+02   -1.602085398084373E+02   -1.555978104867823E+02   -1.555773508676302E+02   -1.555670842308064E+02   -1.501870140675213E+02   -1.501429711282581E+02   -1.500944720839109E+02   -1.500890829237620E+02   -1.500729845582896E+02   -1.500641089936918E+02   -1.485763794337215E+02   -1.485757113011730E+02   -1.485756991146184E+02   -1.484295330088285E+02   -1.483752466965345E+02   -1.483484992160017E+02   -1.464827481558299E+02   -1.464823930964061E+02   -1.464823770142396E+02   -1.435455018461944E+02   -1.435198502930423E+02   -1.435069105620473E+02   -1.392992821213747E+02   -1.392387036753357E+02   -1.391949047823379E+02   -1.390305378935595E+02   -1.389452680700050E+02   -1.389075335135655E+02   -1.374865913293422E+02   -1.374598263041601E+02   -1.374427218830590E+02   -1.374358071698162E+02   -1.374188685863695E+02   -1.373889102320901E+02   -1.349249425778148E+02   -1.349233187202268E+02   -1.349233055353594E+02   -1.326403481542040E+02   -1.326037539685286E+02   -1.325851334259401E+02   -1.310144842999099E+02   -1.310136690526624E+02   -1.310136569381504E+02   -1.292573746441774E+02   -1.291574860603641E+02   -1.290978652308113E+02   -1.285150969729269E+02   -1.284081382427075E+02   -1.283611886172525E+02   -1.275027635937346E+02
    7.788162293321005E+00   -2.454075351829799E+02   -2.454070445211029E+02   -2.454067991733345E+02   -2.284653397081604E+02   -2.284637170905026E+02   -2.284629055571565E+02   -2.158314557050675E+02   -2.158289305532541E+02   -2.158276677402153E+02   -2.123040734331284E+02   -2.123003967066551E+02   -2.122985575812883E+02   -2.007167920916977E+02   -2.007091939711602E+02   -2.007053920114310E+02   -1.969171398465322E+02   -1.969103291041092E+02   -1.969069222626342E+02   -1.878503574866323E+02   -1.878436404837918E+02   -1.878402684848731E+02   -1.863952915047658E+02   -1.863793342669028E+02   -1.863713589096157E+02   -1.823044065623426E+02   -1.822934448518524E+02   -1.822879610187799E+02   -1.818978635858441E+02   -1.818978144023984E+02   -1.818978040464680E+02   -1.745063759068637E+02   -1.744876370557847E+02   -1.744781881475281E+02   -1.728752232701351E+02   -1.728476137547925E+02   -1.728338601097688E+02   -1.684783799643758E+02   -1.684626405764030E+02   -1.684547606207708E+02   -1.642006338572683E+02   -1.642004337384827E+02   -1.642004239685677E+02   -1.619248886766147E+02   -1.618875588326766E+02   -1.618680545833732E+02   -1.616516130351001E+02   -1.616392266826912E+02   -1.616334732570618E+02   -1.601717737935108E+02   -1.601305020303357E+02   -1.601100399177643E+02   -1.554792123396205E+02   -1.554586847761366E+02   -1.554483825696275E+02   -1.500951792544197E+02   -1.500621977551079E+02   -1.500130046809611E+02   -1.500039654737059E+02   -1.499950187567909E+02   -1.499829056329218E+02   -1.483811469583625E+02   -1.483804739141613E+02   -1.483804614747596E+02   -1.483146183053528E+02   -1.482600451690317E+02   -1.482331526350671E+02   -1.462950359628608E+02   -1.462946791604777E+02   -1.462946628301020E+02   -1.434101018920505E+02   -1.433843414521494E+02   -1.433713435977299E+02   -1.392074126202427E+02   -1.391467091832216E+02   -1.391036823200641E+02   -1.389178429605026E+02   -1.388317327140269E+02   -1.387931419383654E+02   -1.373957429464119E+02   -1.373810530760216E+02   -1.373715633491055E+02   -1.373499299749870E+02   -1.372864448844246E+02   -1.372552222217089E+02   -1.347002927378026E+02   -1.346986529301833E+02   -1.346986394759543E+02   -1.324868133684184E+02   -1.324499680653747E+02   -1.324312151476374E+02   -1.307943193439532E+02   -1.307934981553669E+02   -1.307934858407067E+02   -1.291403937574108E+02   -1.290402554561876E+02   -1.289804494920257E+02   -1.283804915607384E+02   -1.282735980274695E+02   -1.282263239344661E+02   -1.273596275292758E+02
    7.896303336280670E+00   -2.453697535438806E+02   -2.453692623565281E+02   -2.453690167447594E+02   -2.284187110396486E+02   -2.284170859724138E+02   -2.284162732098648E+02   -2.157909384191438E+02   -2.157884099605436E+02   -2.157871454876813E+02   -2.122476718754623E+02   -2.122439882298754E+02   -2.122421456302650E+02   -2.006663247071007E+02   -2.006587126880196E+02   -2.006549037554779E+02   -1.968499709265628E+02   -1.968431450922058E+02   -1.968397306563352E+02   -1.878063250490122E+02   -1.877995969489550E+02   -1.877962195093283E+02   -1.863337687446472E+02   -1.863177751124447E+02   -1.863097813439114E+02   -1.822253994464747E+02   -1.822144101716147E+02   -1.822089124068165E+02   -1.817601558122356E+02   -1.817601064404017E+02   -1.817600959203138E+02   -1.744509351828516E+02   -1.744321530653046E+02   -1.744226829954689E+02   -1.728014089374369E+02   -1.727737244798697E+02   -1.727599325050742E+02   -1.683864017263665E+02   -1.683706189894675E+02   -1.683627169091129E+02   -1.640455212696541E+02   -1.640453202134473E+02   -1.640453102844783E+02   -1.618565020700946E+02   -1.618190815045138E+02   -1.617994718944349E+02   -1.616027456033597E+02   -1.615903660020525E+02   -1.615846379818856E+02   -1.600843919715006E+02   -1.600429747715097E+02   -1.600224384685225E+02   -1.553731601003071E+02   -1.553525714839117E+02   -1.553422374427691E+02   -1.500155715083019E+02   -1.499938831577370E+02   -1.499427850849468E+02   -1.499376568876880E+02   -1.499205674740600E+02   -1.499026469738416E+02   -1.482123192830107E+02   -1.482090200136436E+02   -1.482083425998747E+02   -1.482083299146760E+02   -1.481574911912240E+02   -1.481304698040468E+02   -1.461295466841963E+02   -1.461291883425636E+02   -1.461291717698724E+02   -1.432891511335494E+02   -1.432632919659978E+02   -1.432502417055445E+02   -1.391268579438046E+02   -1.390659226204928E+02   -1.390235620709809E+02   -1.388176486277268E+02   -1.387307895975017E+02   -1.386915174413047E+02   -1.373398847939726E+02   -1.373243050311629E+02   -1.373158969017449E+02   -1.372326544514939E+02   -1.371677436817305E+02   -1.371361414534110E+02   -1.345023360867995E+02   -1.345006821302609E+02   -1.345006684156286E+02   -1.323501523054766E+02   -1.323130747124209E+02   -1.322941992771181E+02   -1.305998821734141E+02   -1.305990557045652E+02   -1.305990431951254E+02   -1.290375611793744E+02   -1.289371402647407E+02   -1.288772132448628E+02   -1.282613119647752E+02   -1.281545144893138E+02   -1.281070384826745E+02   -1.272626790388582E+02
    8.002442753077984E+00   -2.453368162833376E+02   -2.453363246267580E+02   -2.453360787790857E+02   -2.283776460456608E+02   -2.283760187649345E+02   -2.283752048911883E+02   -2.157556289350424E+02   -2.157530975352931E+02   -2.157518315851973E+02   -2.121976470426871E+02   -2.121939571168986E+02   -2.121921113629105E+02   -2.006219101534040E+02   -2.006142856308377E+02   -2.006104704226306E+02   -1.967900998883014E+02   -1.967832603359630E+02   -1.967798389961544E+02   -1.877679734620274E+02   -1.877612355193557E+02   -1.877578532592760E+02   -1.862792687428181E+02   -1.862632422466502E+02   -1.862552318439977E+02   -1.821547384237770E+02   -1.821437241157239E+02   -1.821382137019314E+02   -1.816387367617568E+02   -1.816386872208306E+02   -1.816386765404305E+02   -1.744021934873763E+02   -1.743833725281925E+02   -1.743738834938003E+02   -1.727357401531924E+02   -1.727079879785604E+02   -1.726941613532938E+02   -1.683039704275611E+02   -1.682881484571123E+02   -1.682802263772388E+02   -1.639085172011889E+02   -1.639083153095132E+02   -1.639083052253270E+02   -1.617960193337690E+02   -1.617585212364197E+02   -1.617388071757615E+02   -1.615602078795365E+02   -1.615478387528594E+02   -1.615421388949578E+02   -1.600064544762309E+02   -1.599649065812157E+02   -1.599443035763480E+02   -1.552780444998721E+02   -1.552574008798586E+02   -1.552470382500804E+02   -1.499481157334928E+02   -1.499338081876855E+02   -1.498816666500018E+02   -1.498815733304368E+02   -1.498506740988001E+02   -1.498292147325689E+02   -1.481209800746434E+02   -1.480659243919445E+02   -1.480570697826154E+02   -1.480563884768033E+02   -1.480563755527005E+02   -1.480387880243414E+02   -1.459834704684196E+02   -1.459831107656110E+02   -1.459830939564075E+02   -1.431807767282858E+02   -1.431548278300685E+02   -1.431417301508403E+02   -1.390559576924660E+02   -1.389947552977787E+02   -1.389529612582027E+02   -1.387283301793856E+02   -1.386408155464297E+02   -1.386009867870535E+02   -1.372914691352841E+02   -1.372757114896364E+02   -1.372674829880665E+02   -1.371270967273454E+02   -1.370616893235299E+02   -1.370298380161179E+02   -1.343276534470592E+02   -1.343259869240080E+02   -1.343259729575189E+02   -1.322281197983660E+02   -1.321908270126672E+02   -1.321718380062083E+02   -1.304279219186863E+02   -1.304270907507690E+02   -1.304270780517763E+02   -1.289468272496616E+02   -1.288461137197951E+02   -1.287861073135499E+02   -1.281554981857819E+02   -1.280488450158513E+02   -1.280012663289255E+02   -1.271916173616814E+02
    8.106507191093471E+00   -2.453080490689924E+02   -2.453075569921959E+02   -2.453073109330978E+02   -2.283413951435141E+02   -2.283397658570047E+02   -2.283389509758763E+02   -2.157248001161728E+02   -2.157222660930068E+02   -2.157209988242435E+02   -2.121531621595694E+02   -2.121494665180803E+02   -2.121476178923038E+02   -2.005827288276204E+02   -2.005750930245117E+02   -2.005712721514170E+02   -1.967365882844161E+02   -1.967297362299626E+02   -1.967263085969950E+02   -1.877345061973196E+02   -1.877277595006807E+02   -1.877243729568536E+02   -1.862308622805668E+02   -1.862148060237172E+02   -1.862067805486645E+02   -1.820913654001916E+02   -1.820803282975377E+02   -1.820748063676905E+02   -1.815315611899267E+02   -1.815315114968977E+02   -1.815315006600356E+02   -1.743592373244920E+02   -1.743403814003863E+02   -1.743308753179472E+02   -1.726771559183196E+02   -1.726493423791746E+02   -1.726354843367679E+02   -1.682298852501326E+02   -1.682140276761713E+02   -1.682060874644721E+02   -1.637873562456966E+02   -1.637871536083467E+02   -1.637871433727620E+02   -1.617423836598190E+02   -1.617048205033400E+02   -1.616850015472463E+02   -1.615231052805967E+02   -1.615107508045714E+02   -1.615050819203400E+02   -1.599367419477437E+02   -1.598950761925237E+02   -1.598744130018161E+02   -1.551924906358095E+02   -1.551717973331885E+02   -1.551614089462614E+02   -1.498931098034472E+02   -1.498787515407101E+02   -1.498326948083620E+02   -1.498264410012646E+02   -1.497868793827211E+02   -1.497633303916164E+02   -1.480391882562444E+02   -1.479839286125993E+02   -1.479566892165741E+02   -1.479227560028066E+02   -1.479220712257863E+02   -1.479220580695416E+02   -1.458543680785139E+02   -1.458540071703103E+02   -1.458539901303442E+02   -1.430833821050636E+02   -1.430573514563371E+02   -1.430442107272003E+02   -1.389933392906728E+02   -1.389318678807250E+02   -1.388905539265599E+02   -1.386484920469931E+02   -1.385604063901108E+02   -1.385201135668562E+02   -1.372493024591501E+02   -1.372334489070427E+02   -1.372252794783117E+02   -1.370324845225911E+02   -1.369667159076684E+02   -1.369346694457608E+02   -1.341732880052060E+02   -1.341716103066229E+02   -1.341715960964774E+02   -1.321188105369258E+02   -1.320813181027270E+02   -1.320622236573103E+02   -1.302756205326378E+02   -1.302747851769579E+02   -1.302747722935336E+02   -1.288664843519157E+02   -1.287654815238280E+02   -1.287054231053461E+02   -1.280612978439407E+02   -1.279548442534406E+02   -1.279072442868365E+02   -1.271302413911967E+02
    8.208424731718758E+00   -2.452828763150831E+02   -2.452823838608896E+02   -2.452821376117487E+02   -2.283093174979063E+02   -2.283076863889349E+02   -2.283068705920440E+02   -2.156978317067681E+02   -2.156952953370075E+02   -2.156940268876360E+02   -2.121135009923015E+02   -2.121098001355356E+02   -2.121079488884625E+02   -2.005480806667899E+02   -2.005404346584154E+02   -2.005366086571499E+02   -1.966886322388674E+02   -1.966817687618895E+02   -1.966783353779135E+02   -1.877052443934825E+02   -1.876984898897055E+02   -1.876950995277040E+02   -1.861877550203736E+02   -1.861716717394578E+02   -1.861636325688373E+02   -1.820343737405448E+02   -1.820233158295798E+02   -1.820177833878214E+02   -1.814368508014107E+02   -1.814368009712545E+02   -1.814367899817954E+02   -1.743212874165174E+02   -1.743023999328774E+02   -1.742928784794879E+02   -1.726247490282203E+02   -1.725968797284752E+02   -1.725829931201037E+02   -1.681631175138867E+02   -1.681472275478166E+02   -1.681392708515605E+02   -1.636800695621946E+02   -1.636798662583242E+02   -1.636798558751563E+02   -1.616946933581141E+02   -1.616570771586524E+02   -1.616371515048102E+02   -1.614906762634690E+02   -1.614783411492492E+02   -1.614727061163888E+02   -1.598742119870379E+02   -1.598324395988278E+02   -1.598117219197095E+02   -1.551153217874116E+02   -1.550945834935484E+02   -1.550841718286039E+02   -1.498475735314841E+02   -1.498293595551497E+02   -1.497897329043686E+02   -1.497754781779930E+02   -1.497292362675096E+02   -1.497043243064383E+02   -1.479657371903527E+02   -1.479102940978003E+02   -1.478829620285694E+02   -1.478038742378694E+02   -1.478031863607493E+02   -1.478031729790189E+02   -1.457401211173223E+02   -1.457397591401250E+02   -1.457397418751193E+02   -1.429956035233173E+02   -1.429694982167466E+02   -1.429563182811389E+02   -1.389378566844529E+02   -1.388761291563220E+02   -1.388352229190603E+02   -1.385769355941198E+02   -1.384883524984663E+02   -1.384476664950331E+02   -1.372124821002403E+02   -1.371965581164911E+02   -1.371884094810136E+02   -1.369475049752230E+02   -1.368814348036132E+02   -1.368492251670177E+02   -1.340366804223875E+02   -1.340349927718206E+02   -1.340349783259315E+02   -1.320206037192949E+02   -1.319829257927738E+02   -1.319637333153483E+02   -1.301405335418609E+02   -1.301396944486111E+02   -1.301396813858051E+02   -1.287951020397940E+02   -1.286938206906079E+02   -1.286337284040322E+02   -1.279772170067020E+02   -1.278710192051616E+02   -1.278234652490320E+02   -1.270760102899141E+02
    8.308124940059274E+00   -2.452608063783990E+02   -2.452603135843265E+02   -2.452600671638758E+02   -2.282808647392456E+02   -2.282792319701430E+02   -2.282784153386119E+02   -2.156741942303862E+02   -2.156716557558736E+02   -2.156703862464258E+02   -2.120780497977347E+02   -2.120743441708421E+02   -2.120724905252792E+02   -2.005173671317380E+02   -2.005097118664941E+02   -2.005058812101734E+02   -1.966455422555320E+02   -1.966386683179329E+02   -1.966352296658753E+02   -1.876796090145449E+02   -1.876728475291896E+02   -1.876694537539454E+02   -1.861492671249918E+02   -1.861331592413241E+02   -1.861251075930245E+02   -1.819829854503037E+02   -1.819719084993773E+02   -1.819663664388736E+02   -1.813530589343865E+02   -1.813530089803259E+02   -1.813529978421565E+02   -1.742876782859044E+02   -1.742687622425694E+02   -1.742592268905802E+02   -1.725777427122350E+02   -1.725498226124324E+02   -1.725359099611654E+02   -1.681027845683311E+02   -1.680868650600100E+02   -1.680788933373348E+02   -1.635849453490925E+02   -1.635847414485440E+02   -1.635847309216124E+02   -1.616521780897105E+02   -1.616145206711855E+02   -1.615944851157151E+02   -1.614622718692267E+02   -1.614499614806554E+02   -1.614443632577342E+02   -1.598179721165260E+02   -1.597761029607969E+02   -1.597553357981613E+02   -1.550455290477785E+02   -1.550247499095934E+02   -1.550143171454090E+02   -1.498083466990633E+02   -1.497865008489258E+02   -1.497518054193884E+02   -1.497281978923335E+02   -1.496772802563582E+02   -1.496514081813156E+02   -1.478995943717456E+02   -1.478439857239978E+02   -1.478165700009359E+02   -1.476985104062931E+02   -1.476978197566030E+02   -1.476978061559576E+02   -1.456388889801469E+02   -1.456385260535075E+02   -1.456385085691840E+02   -1.429162738091946E+02   -1.428901001640486E+02   -1.428768844176106E+02   -1.388885461855618E+02   -1.388265813786095E+02   -1.387860230049657E+02   -1.385126312311868E+02   -1.384236136858753E+02   -1.383825902740654E+02   -1.371802560337298E+02   -1.371642734542735E+02   -1.371561291007048E+02   -1.368709803122921E+02   -1.368046476201422E+02   -1.367722972982197E+02   -1.339156134335373E+02   -1.339139169081630E+02   -1.339139022342049E+02   -1.319321173478147E+02   -1.318942668486651E+02   -1.318749831014689E+02   -1.300205390890801E+02   -1.300196966550374E+02   -1.300196834178520E+02   -1.287314765143300E+02   -1.286299313151835E+02   -1.285698172721568E+02   -1.279019792896547E+02   -1.277960908751597E+02   -1.277486387014682E+02   -1.270277134066478E+02
    8.405538913611528E+00   -2.452414189945903E+02   -2.452409258936102E+02   -2.452406793183100E+02   -2.282555671559465E+02   -2.282539328709461E+02   -2.282531154768483E+02   -2.156534353410896E+02   -2.156508949737180E+02   -2.156496245097212E+02   -2.120462820303778E+02   -2.120425720307392E+02   -2.120407161855704E+02   -2.004900759526397E+02   -2.004824122697366E+02   -2.004785773767655E+02   -1.966067261337598E+02   -1.965998425956090E+02   -1.965963991071821E+02   -1.876571057504025E+02   -1.876503380052403E+02   -1.876469411699153E+02   -1.861148160273731E+02   -1.860986856906804E+02   -1.860906226457120E+02   -1.819365319011175E+02   -1.819254374899737E+02   -1.819198866080543E+02   -1.812788399047255E+02   -1.812787898384518E+02   -1.812787785554872E+02   -1.742578410078282E+02   -1.742388990553641E+02   -1.742293511016671E+02   -1.725354709253078E+02   -1.725075044320869E+02   -1.724935679787264E+02   -1.680481277884898E+02   -1.680321812750850E+02   -1.680241958214525E+02   -1.635004946060033E+02   -1.635002901704752E+02   -1.635002795036125E+02   -1.616141788477515E+02   -1.615764921178391E+02   -1.615563419668109E+02   -1.614373384618872E+02   -1.614250589694890E+02   -1.614195006116234E+02   -1.597672570083395E+02   -1.597252997922035E+02   -1.597044875624673E+02   -1.549822458068375E+02   -1.549614295002482E+02   -1.549509775588813E+02   -1.497739572935730E+02   -1.497494597838477E+02   -1.497182130681093E+02   -1.496845077675274E+02   -1.496304408305746E+02   -1.496038540165692E+02   -1.478398748083602E+02   -1.477841162891227E+02   -1.477566248078463E+02   -1.476050015575339E+02   -1.476043084246291E+02   -1.476042946115732E+02   -1.455490716284956E+02   -1.455487078573148E+02   -1.455486901594133E+02   -1.428443920252156E+02   -1.428181556873554E+02   -1.428049071429884E+02   -1.388445932245833E+02   -1.387824116183570E+02   -1.387421517315398E+02   -1.384546941772770E+02   -1.383652958438259E+02   -1.383239798912876E+02   -1.371519882426647E+02   -1.371359539856552E+02   -1.371278055633016E+02   -1.368018898723487E+02   -1.367353245728247E+02   -1.367028508456374E+02   -1.338081644609632E+02   -1.338064600100383E+02   -1.338064451154904E+02   -1.318521703528542E+02   -1.318141591012782E+02   -1.317947902740725E+02   -1.299137940769043E+02   -1.299129486521623E+02   -1.299129352455748E+02   -1.286745906797565E+02   -1.285727980423246E+02   -1.285126703654438E+02   -1.278344917824985E+02   -1.277289617251016E+02   -1.276816574519793E+02   -1.269844862417991E+02
    8.500599329881343E+00   -2.452243546175930E+02   -2.452238612387721E+02   -2.452236145231315E+02   -2.282330219850923E+02   -2.282313863127991E+02   -2.282305682203916E+02   -2.156351682546228E+02   -2.156326261806045E+02   -2.156313548547266E+02   -2.120177453841392E+02   -2.120140313677700E+02   -2.120121735011654E+02   -2.004657682117098E+02   -2.004580968562439E+02   -2.004542580978870E+02   -1.965716745083211E+02   -1.965647821413883E+02   -1.965613342039242E+02   -1.876373122371069E+02   -1.876305388649889E+02   -1.876271392784816E+02   -1.860839018597864E+02   -1.860677509854524E+02   -1.860596775067384E+02   -1.818944375413484E+02   -1.818833270861916E+02   -1.818777680972366E+02   -1.812130224097956E+02   -1.812129722416701E+02   -1.812129608178572E+02   -1.742312886363433E+02   -1.742123231241528E+02   -1.742027637149677E+02   -1.724973617114584E+02   -1.724693527536692E+02   -1.724553944956859E+02   -1.679984940150145E+02   -1.679825227628310E+02   -1.679745247334440E+02   -1.634254214847334E+02   -1.634252165688001E+02   -1.634252057658599E+02   -1.615801310827077E+02   -1.615424273305795E+02   -1.615221562620965E+02   -1.614154031505016E+02   -1.614031617270028E+02   -1.613976464014656E+02   -1.597214092942700E+02   -1.596793717357173E+02   -1.596585183532437E+02   -1.549247262862692E+02   -1.549038760794132E+02   -1.548934066629278E+02   -1.497435734899056E+02   -1.497172269700777E+02   -1.496883760395703E+02   -1.496443665749192E+02   -1.495881612814008E+02   -1.495610202918518E+02   -1.477858186236205E+02   -1.477299240427294E+02   -1.477023637488003E+02   -1.475219020298655E+02   -1.475212066696744E+02   -1.475211926506627E+02   -1.454692774007856E+02   -1.454689128772208E+02   -1.454688949715139E+02   -1.427790980594106E+02   -1.427528040884904E+02   -1.427395254310598E+02   -1.388053064843731E+02   -1.387429281636914E+02   -1.387029259333007E+02   -1.384023634917553E+02   -1.383126301157961E+02   -1.382710583910848E+02   -1.371271381499884E+02   -1.371110568832445E+02   -1.371028997508683E+02   -1.367393542273233E+02   -1.366725808605051E+02   -1.366399976856850E+02   -1.337126650226168E+02   -1.337109534836230E+02   -1.337109383758041E+02   -1.317797511077575E+02   -1.317415899471868E+02   -1.317221417216225E+02   -1.298186964027282E+02   -1.298178482965863E+02   -1.298178347255656E+02   -1.286235821706463E+02   -1.285215589650772E+02   -1.284614231103725E+02   -1.277738166131459E+02   -1.276686881721793E+02   -1.276215696555392E+02   -1.269456409087289E+02
    8.593240492910159E+00   -2.452093053746615E+02   -2.452088117437080E+02   -2.452085649005570E+02   -2.282128834820842E+02   -2.282112465375810E+02   -2.282104278043606E+02   -2.156190619426843E+02   -2.156165183261800E+02   -2.156152462200467E+02   -2.119920508102300E+02   -2.119883330972526E+02   -2.119864733694112E+02   -2.004440674031898E+02   -2.004363890389960E+02   -2.004325467458324E+02   -1.965399486062051E+02   -1.965330481055337E+02   -1.965295960678195E+02   -1.876198672393880E+02   -1.876130887968888E+02   -1.876096867301929E+02   -1.860560951273849E+02   -1.860399254282102E+02   -1.860318423766098E+02   -1.818562061217667E+02   -1.818450808967073E+02   -1.818395144431373E+02   -1.811545864652295E+02   -1.811545362044517E+02   -1.811545246437762E+02   -1.742076038853064E+02   -1.741886169027632E+02   -1.741790470546495E+02   -1.724629231521260E+02   -1.724348752456534E+02   -1.724208969703041E+02   -1.679533198872859E+02   -1.679373259276031E+02   -1.679293163564415E+02   -1.633585976209092E+02   -1.633583922729157E+02   -1.633583813377789E+02   -1.615495504681061E+02   -1.615118426961699E+02   -1.614914425652191E+02   -1.613960614658040E+02   -1.613838665316804E+02   -1.613783975325538E+02   -1.596798633827197E+02   -1.596377523521339E+02   -1.596168613013919E+02   -1.548723274634116E+02   -1.548514462710334E+02   -1.548409608925053E+02   -1.497166018607857E+02   -1.496889530907653E+02   -1.496618053149373E+02   -1.496076348441096E+02   -1.495499334659613E+02   -1.495223493173604E+02   -1.477367721975992E+02   -1.476807537694315E+02   -1.476531308015753E+02   -1.474479542462507E+02   -1.474472568854350E+02   -1.474472426668884E+02   -1.453982951807891E+02   -1.453979299859113E+02   -1.453979118782179E+02   -1.427196513027241E+02   -1.426933042479799E+02   -1.426799978804518E+02   -1.387700973029322E+02   -1.387075410558638E+02   -1.386677625536701E+02   -1.383549840386808E+02   -1.382649547477702E+02   -1.382231578521900E+02   -1.371052451276394E+02   -1.370891203105224E+02   -1.370809517364928E+02   -1.366826160461156E+02   -1.366156554262335E+02   -1.365829744278882E+02   -1.336276659183512E+02   -1.336259480311000E+02   -1.336259327171994E+02   -1.317139911870934E+02   -1.316756900933941E+02   -1.316561677000941E+02   -1.297338524240522E+02   -1.297330019101569E+02   -1.297329881796786E+02   -1.285777175019218E+02   -1.284754803129145E+02   -1.284153399364160E+02   -1.277191471776889E+02   -1.276144573981856E+02   -1.275675553133910E+02   -1.269106093982602E+02
    8.683398378677202E+00   -2.451960073922172E+02   -2.451955135319459E+02   -2.451952665726692E+02   -2.281948544979578E+02   -2.281932163846057E+02   -2.281923970622069E+02   -2.156048328210672E+02   -2.156022878072690E+02   -2.156010149930122E+02   -2.119688632074044E+02   -2.119651420867279E+02   -2.119632806422237E+02   -2.004246501658872E+02   -2.004169653865160E+02   -2.004131198539454E+02   -1.965111698761041E+02   -1.965042618699181E+02   -1.965008060471902E+02   -1.876044614925934E+02   -1.875976784707705E+02   -1.875942741623677E+02   -1.860310262763194E+02   -1.860148392896423E+02   -1.860067474376301E+02   -1.818214090412180E+02   -1.818102701966470E+02   -1.818046968583088E+02   -1.811026434132824E+02   -1.811025930680419E+02   -1.811025813745284E+02   -1.741864287111790E+02   -1.741674221228009E+02   -1.741578427405066E+02   -1.724317314905535E+02   -1.724036477936019E+02   -1.723896511061467E+02   -1.679121186081153E+02   -1.678961037679203E+02   -1.678880835839511E+02   -1.632990399164662E+02   -1.632988341793062E+02   -1.632988231158843E+02   -1.615220208851621E+02   -1.614843231898646E+02   -1.614637837648770E+02   -1.613789669308886E+02   -1.613668284620767E+02   -1.613614092232110E+02   -1.596421318014552E+02   -1.595999534404633E+02   -1.595790278365485E+02   -1.548244938330388E+02   -1.548035842632607E+02   -1.547930842730174E+02   -1.496925745890271E+02   -1.496639844160915E+02   -1.496380851353607E+02   -1.495740917135433E+02   -1.495153055332843E+02   -1.494873583887573E+02   -1.476921722755182E+02   -1.476360408508144E+02   -1.476083606596911E+02   -1.473820635084825E+02   -1.473813643480765E+02   -1.473813499363933E+02   -1.453350703354610E+02   -1.453347045406920E+02   -1.453346862368872E+02   -1.426654127308283E+02   -1.426390166967906E+02   -1.426256847792519E+02   -1.387384630033086E+02   -1.386757459868076E+02   -1.386361628462953E+02   -1.383119910464862E+02   -1.382216994619128E+02   -1.381797031991333E+02   -1.370859159777352E+02   -1.370697503444044E+02   -1.370615686713149E+02   -1.366310225289098E+02   -1.365638926428046E+02   -1.365311236998339E+02   -1.335519073412716E+02   -1.335501837602195E+02   -1.335501682473242E+02   -1.316541434437945E+02   -1.316157116219953E+02   -1.315961198910090E+02   -1.296580489188512E+02   -1.296571962396834E+02   -1.296571823547409E+02   -1.285363709985845E+02   -1.284339357135563E+02   -1.283737932459539E+02   -1.276697882385401E+02   -1.275655678125877E+02   -1.275189065303689E+02   -1.268789152490621E+02
    8.771010679346162E+00   -2.451842342843014E+02   -2.451837402150306E+02   -2.451834931497652E+02   -2.281786793340704E+02   -2.281770401450487E+02   -2.281762202800161E+02   -2.155922377031401E+02   -2.155896914209003E+02   -2.155884179624748E+02   -2.119478935272940E+02   -2.119441692606260E+02   -2.119423062304170E+02   -2.004072384303410E+02   -2.003995477684408E+02   -2.003956992613926E+02   -1.964850112000113E+02   -1.964780962582155E+02   -1.964746369364386E+02   -1.875908299477360E+02   -1.875840427812867E+02   -1.875806364417241E+02   -1.860083768612515E+02   -1.859921739721373E+02   -1.859840740154962E+02   -1.817896754797875E+02   -1.817785240581478E+02   -1.817729443603530E+02   -1.810564185993357E+02   -1.810563681769422E+02   -1.810563563546590E+02   -1.741674555003075E+02   -1.741484309758584E+02   -1.741388428675103E+02   -1.724034210888518E+02   -1.723753044491580E+02   -1.723612907969426E+02   -1.678744687535595E+02   -1.678584346819367E+02   -1.678504047229411E+02   -1.632458913121321E+02   -1.632456852239300E+02   -1.632456740361699E+02   -1.614971842731465E+02   -1.614595122935262E+02   -1.614388209095947E+02   -1.613638222218367E+02   -1.613517521359723E+02   -1.613463862415212E+02   -1.596077936630809E+02   -1.595655534847481E+02   -1.595445961243551E+02   -1.547807445480794E+02   -1.547598089426271E+02   -1.547492955505226E+02   -1.496711071982454E+02   -1.496418166910072E+02   -1.496168604059901E+02   -1.495434804797138E+02   -1.494838803489018E+02   -1.494556301536676E+02   -1.476515325654393E+02   -1.475952978252437E+02   -1.475675652724605E+02   -1.473232762387483E+02   -1.473225754573436E+02   -1.473225608589121E+02   -1.452786839124557E+02   -1.452783175808163E+02   -1.452782990868383E+02   -1.426158298259040E+02   -1.425893885292803E+02   -1.425760330120274E+02   -1.387099732460161E+02   -1.386471109322500E+02   -1.386076992767195E+02   -1.382728969339055E+02   -1.381823720945568E+02   -1.381401984668836E+02   -1.370688145652760E+02   -1.370526103801690E+02   -1.370444145977252E+02   -1.365840101429288E+02   -1.365167267211905E+02   -1.364838783515900E+02   -1.334842931951506E+02   -1.334825645001416E+02   -1.334825487952584E+02   -1.315995636557799E+02   -1.315610096254829E+02   -1.315413530307811E+02   -1.295902289114677E+02   -1.295893742822558E+02   -1.295893602478692E+02   -1.284990075070692E+02   -1.283963891083904E+02   -1.283362461404886E+02   -1.276251392347595E+02   -1.275214125958351E+02   -1.274750109190145E+02   -1.268501555721167E+02
    8.856016846325794E+00   -2.451737916267193E+02   -2.451732973666094E+02   -2.451730502044137E+02   -2.281641376788268E+02   -2.281624974984538E+02   -2.281616771329017E+02   -2.155810678248629E+02   -2.155785203889308E+02   -2.155772463432374E+02   -2.119288920771126E+02   -2.119251649023990E+02   -2.119233004055540E+02   -2.003915927623882E+02   -2.003838966977398E+02   -2.003800454547025E+02   -1.964611894416372E+02   -1.964542680831194E+02   -1.964508055226623E+02   -1.875787452028376E+02   -1.875719542779000E+02   -1.875685460936801E+02   -1.859878720633234E+02   -1.859716545244195E+02   -1.859635470922547E+02   -1.817606840396735E+02   -1.817495209890209E+02   -1.817439354094390E+02   -1.810152363642989E+02   -1.810151858712947E+02   -1.810151739243549E+02   -1.741504196100792E+02   -1.741313786503502E+02   -1.741217825404057E+02   -1.723776759292102E+02   -1.723495289244282E+02   -1.723354996174743E+02   -1.678400048039084E+02   -1.678239529947300E+02   -1.678159140191351E+02   -1.631984041493824E+02   -1.631981977440863E+02   -1.631981864359739E+02   -1.614747320493941E+02   -1.614371035066459E+02   -1.614162446155033E+02   -1.613503716611896E+02   -1.613383843037574E+02   -1.613330754954849E+02   -1.595764849154806E+02   -1.595341878890756E+02   -1.595132012935926E+02   -1.547406625565728E+02   -1.547197030253898E+02   -1.547091773197531E+02   -1.496518774109403E+02   -1.496220517941978E+02   -1.495978269024789E+02   -1.495155403515159E+02   -1.494553107641274E+02   -1.494268036529083E+02   -1.476144324252040E+02   -1.475581030438106E+02   -1.475303224848502E+02   -1.472707611940509E+02   -1.472700589505786E+02   -1.472700441717865E+02   -1.452283346559209E+02   -1.452279678431109E+02   -1.452279491649689E+02   -1.425704238713046E+02   -1.425439406901743E+02   -1.425305633418390E+02   -1.386842587633796E+02   -1.386212650192289E+02   -1.385820046111377E+02   -1.382372800946220E+02   -1.381465472147077E+02   -1.381042151643932E+02   -1.370536531462198E+02   -1.370374123537532E+02   -1.370292018642931E+02   -1.365410915770078E+02   -1.364736684962416E+02   -1.364407481260065E+02   -1.334238690093242E+02   -1.334221357149581E+02   -1.334221198250316E+02   -1.315496951312321E+02   -1.315110268018898E+02   -1.314913095005447E+02   -1.295294708243226E+02   -1.295286144364543E+02   -1.295286002576784E+02   -1.284651681317817E+02   -1.283623806131879E+02   -1.283022381572495E+02   -1.275846802639660E+02   -1.274814658307395E+02   -1.274353376339256E+02   -1.268239880466349E+02
    8.938358132114663E+00   -2.451645122666808E+02   -2.451640178320237E+02   -2.451637705810233E+02   -2.281510394608926E+02   -2.281493983657577E+02   -2.281485775379376E+02   -2.155711437770546E+02   -2.155685952899892E+02   -2.155673207078338E+02   -2.119116428355445E+02   -2.119079129699323E+02   -2.119060471151131E+02   -2.003775067185967E+02   -2.003698056850016E+02   -2.003659519214785E+02   -1.964394591246270E+02   -1.964325318235477E+02   -1.964290662623455E+02   -1.875680119372313E+02   -1.875612175980323E+02   -1.875578077349296E+02   -1.859692743486327E+02   -1.859530432971906E+02   -1.859449289605220E+02   -1.817341556583069E+02   -1.817229818439925E+02   -1.817173908185827E+02   -1.809785070458071E+02   -1.809784564880661E+02   -1.809784444206295E+02   -1.741350930527200E+02   -1.741160370116347E+02   -1.741064335519574E+02   -1.723542224167451E+02   -1.723260473890462E+02   -1.723120036176970E+02   -1.678084091241307E+02   -1.677923409356006E+02   -1.677842936326250E+02   -1.631559257740444E+02   -1.631557190819453E+02   -1.631557076575067E+02   -1.614543978505149E+02   -1.614168332073944E+02   -1.613957877985019E+02   -1.613383948263137E+02   -1.613265075839922E+02   -1.613212597644076E+02   -1.595478900941140E+02   -1.595055407170608E+02   -1.594845271691292E+02   -1.547038854153227E+02   -1.546829038663696E+02   -1.546723668301706E+02   -1.496346121681684E+02   -1.496043679429687E+02   -1.495807233568162E+02   -1.494900231563324E+02   -1.494292940570250E+02   -1.494005664006852E+02   -1.475805073040525E+02   -1.475240910864565E+02   -1.474962664404412E+02   -1.472237932445109E+02   -1.472230896806706E+02   -1.472230747279130E+02   -1.451833234584159E+02   -1.451829562137569E+02   -1.451829373575330E+02   -1.425287792317170E+02   -1.425022572480637E+02   -1.424888596795729E+02   -1.386610020033496E+02   -1.385978892269402E+02   -1.385587627937912E+02   -1.382047753624541E+02   -1.381138564502162E+02   -1.380713824222033E+02   -1.370401850787784E+02   -1.370239093984786E+02   -1.370156838810727E+02   -1.365018446580443E+02   -1.364342942436024E+02   -1.364013084046009E+02   -1.333698029343979E+02   -1.333680654981958E+02   -1.333680494301267E+02   -1.315040557724053E+02   -1.314652805096033E+02   -1.314455063762645E+02   -1.294749704922423E+02   -1.294741125162389E+02   -1.294740981981683E+02   -1.284344584137427E+02   -1.283315147709100E+02   -1.282713734396528E+02   -1.275479602894374E+02   -1.274452708044503E+02   -1.273994256029590E+02   -1.268001208444902E+02
    9.017977630901115E+00   -2.451562523405246E+02   -2.451557577459914E+02   -2.451555104135021E+02   -2.281392204786473E+02   -2.281375785385850E+02   -2.281367572833731E+02   -2.155623112057887E+02   -2.155597617595918E+02   -2.155584866865047E+02   -2.118959586260846E+02   -2.118922262684699E+02   -2.118903591552104E+02   -2.003648020575704E+02   -2.003570964487612E+02   -2.003532403602406E+02   -1.964196070658752E+02   -1.964126742570987E+02   -1.964092059133829E+02   -1.875584621938552E+02   -1.875516647483873E+02   -1.875482533542754E+02   -1.859523780901619E+02   -1.859361345626614E+02   -1.859280138418022E+02   -1.817098475954768E+02   -1.816986638102402E+02   -1.816930677383642E+02   -1.809457157208348E+02   -1.809456651036502E+02   -1.809456529199237E+02   -1.741212791437407E+02   -1.741022092473347E+02   -1.740925990266778E+02   -1.723328232800882E+02   -1.723046223658628E+02   -1.722905652159324E+02   -1.677794051657768E+02   -1.677633218372925E+02   -1.677552668356674E+02   -1.631178860797722E+02   -1.631176791279548E+02   -1.631176675912590E+02   -1.614359513862167E+02   -1.613984746614268E+02   -1.613772195221304E+02   -1.613277010876975E+02   -1.613159351627249E+02   -1.613107523929065E+02   -1.595217353387442E+02   -1.594793376978917E+02   -1.594582992725343E+02   -1.546700975131817E+02   -1.546490956781240E+02   -1.546385482027875E+02   -1.496190785722702E+02   -1.495885001592389E+02   -1.495653249341498E+02   -1.494667006722354E+02   -1.494055664612264E+02   -1.493766475254419E+02   -1.475494406589639E+02   -1.474929446572524E+02   -1.474650794658737E+02   -1.471817393629917E+02   -1.471810346053742E+02   -1.471810194850601E+02   -1.451430399182203E+02   -1.451426722854671E+02   -1.451426532573219E+02   -1.424905342969313E+02   -1.424639763334209E+02   -1.424505600184539E+02   -1.386399293231752E+02   -1.385767085984618E+02   -1.385377012975417E+02   -1.381750659111285E+02   -1.380839802741278E+02   -1.380413786508643E+02   -1.370281986808504E+02   -1.370118896717331E+02   -1.370036489999898E+02   -1.364659029538286E+02   -1.363982362175281E+02   -1.363651906986150E+02   -1.333213693790474E+02   -1.333196282085717E+02   -1.333196119692285E+02   -1.314622271869390E+02   -1.314233518707564E+02   -1.314035245279927E+02   -1.294260256415490E+02   -1.294251662296593E+02   -1.294251517774311E+02   -1.284065384953852E+02   -1.283034507593456E+02   -1.282433108896956E+02   -1.275145872031877E+02   -1.274124301293906E+02   -1.273668735933476E+02   -1.267783045364486E+02
    9.094820317890356E+00   -2.451488878915088E+02   -2.451483931503621E+02   -2.451481457429969E+02   -2.281285386871425E+02   -2.281268959660706E+02   -2.281260743153879E+02   -2.155544371631113E+02   -2.155518868406251E+02   -2.155506113175666E+02   -2.118816770161500E+02   -2.118779423493818E+02   -2.118760740691928E+02   -2.003533246752847E+02   -2.003456148500121E+02   -2.003417566145233E+02   -1.964014478165309E+02   -1.963945099003213E+02   -1.963910389749786E+02   -1.875499513786097E+02   -1.875431511034750E+02   -1.875397383107451E+02   -1.859370050038662E+02   -1.859207499485916E+02   -1.859126233195106E+02   -1.816875483276228E+02   -1.816763553003214E+02   -1.816707545491648E+02   -1.809164124572354E+02   -1.809163617853927E+02   -1.809163494896305E+02   -1.741088079650197E+02   -1.740897253277509E+02   -1.740801088799084E+02   -1.723132723982456E+02   -1.722850475536478E+02   -1.722709780194615E+02   -1.677527516989219E+02   -1.677366543656433E+02   -1.677285922411344E+02   -1.630837867297653E+02   -1.630835795425040E+02   -1.630835678976641E+02   -1.614191932305295E+02   -1.613818330092753E+02   -1.613603397859539E+02   -1.613181249207969E+02   -1.613065063064237E+02   -1.613013927971227E+02   -1.594977824754289E+02   -1.594553402993910E+02   -1.594342788905992E+02   -1.546390234805485E+02   -1.546180029369181E+02   -1.546074458341596E+02   -1.496050770714392E+02   -1.495742271955064E+02   -1.495514377975307E+02   -1.494453669389050E+02   -1.493838981326673E+02   -1.493548118843217E+02   -1.475209571113777E+02   -1.474643877236428E+02   -1.474364852011434E+02   -1.471440465221821E+02   -1.471433406841229E+02   -1.471433254026817E+02   -1.451069507159639E+02   -1.451065827340166E+02   -1.451065635401892E+02   -1.424553738213156E+02   -1.424287824731188E+02   -1.424153487656141E+02   -1.386208044526063E+02   -1.385574857025928E+02   -1.385185846942995E+02   -1.381478763745498E+02   -1.380566410334454E+02   -1.380139244761789E+02   -1.370175120443799E+02   -1.370011711506384E+02   -1.369929153412467E+02   -1.364329478096018E+02   -1.363651746416469E+02   -1.363320746072982E+02   -1.332779349129743E+02   -1.332761903720366E+02   -1.332761739682669E+02   -1.314238455078226E+02   -1.313848765842451E+02   -1.313649994292646E+02   -1.293820224920152E+02   -1.293811617804762E+02   -1.293811471992724E+02   -1.283811149107021E+02   -1.282778942045143E+02   -1.282177559439233E+02   -1.274842194392280E+02   -1.273825973883614E+02   -1.273373318113834E+02   -1.267583254608700E+02
    9.168833087331507E+00   -2.451423119961521E+02   -2.451418171204280E+02   -2.451415696441888E+02   -2.281188710420773E+02   -2.281172275987210E+02   -2.281164055818968E+02   -2.155474070084242E+02   -2.155448558845277E+02   -2.155435799484914E+02   -2.118686568307060E+02   -2.118649200234941E+02   -2.118630506608188E+02   -2.003429411531007E+02   -2.003352274395106E+02   -2.003313672198277E+02   -1.963848197863179E+02   -1.963778771324134E+02   -1.963744038110348E+02   -1.875423548661604E+02   -1.875355520107148E+02   -1.875321379383476E+02   -1.859230002730357E+02   -1.859067345609184E+02   -1.858986024607279E+02   -1.816670732087520E+02   -1.816558716119390E+02   -1.816502665203456E+02   -1.808902038722376E+02   -1.808901531500798E+02   -1.808901407465849E+02   -1.740975325160975E+02   -1.740784381548860E+02   -1.740688159657130E+02   -1.722953904094966E+02   -1.722671434324626E+02   -1.722530624281099E+02   -1.677282379133550E+02   -1.677121276188291E+02   -1.677040589007261E+02   -1.630531918300973E+02   -1.630529844292003E+02   -1.630529726803736E+02   -1.614039504031788E+02   -1.613667410883704E+02   -1.613449751073193E+02   -1.613095218616534E+02   -1.612980825621250E+02   -1.612930426564404E+02   -1.594758239966116E+02   -1.594333407006159E+02   -1.594122580441382E+02   -1.546104225980126E+02   -1.545893847883591E+02   -1.545788188003486E+02   -1.495924360993457E+02   -1.495613624269911E+02   -1.495388945500479E+02   -1.494258380648266E+02   -1.493640886648288E+02   -1.493348550352918E+02   -1.474948166480342E+02   -1.474381797027423E+02   -1.474102427784707E+02   -1.471102312371899E+02   -1.471095244203894E+02   -1.471095089842750E+02   -1.450745895632332E+02   -1.450742212667509E+02   -1.450742019135593E+02   -1.424230224357099E+02   -1.423964000980724E+02   -1.423829502472365E+02   -1.386034230041305E+02   -1.385400151336500E+02   -1.385012092396773E+02   -1.381229670031574E+02   -1.380315970319516E+02   -1.379887767524186E+02   -1.370079686519477E+02   -1.369915972365257E+02   -1.369833264160879E+02   -1.364027015979275E+02   -1.363348309247946E+02   -1.363016810102216E+02   -1.332389461158388E+02   -1.332371985299123E+02   -1.332371819685526E+02   -1.313885936418753E+02   -1.313495371681481E+02   -1.313296133963619E+02   -1.293424241877588E+02   -1.293415622987673E+02   -1.293415475938164E+02   -1.283579337123629E+02   -1.282545903188907E+02   -1.281944536860182E+02   -1.274565588834209E+02   -1.273554700574024E+02   -1.273104947852026E+02   -1.267400002289477E+02
    9.239964789218227E+00   -2.451364323216144E+02   -2.451359373222799E+02   -2.451356897826354E+02   -2.281101108157766E+02   -2.281084667042928E+02   -2.281076443483788E+02   -2.155411217762065E+02   -2.155385699188450E+02   -2.155372936033777E+02   -2.118567751863825E+02   -2.118530363949508E+02   -2.118511660279988E+02   -2.003335358243550E+02   -2.003258185237644E+02   -2.003219564693172E+02   -1.963695819462353E+02   -1.963626348973948E+02   -1.963591593520546E+02   -1.875355651187920E+02   -1.875287599086897E+02   -1.875253446640374E+02   -1.859102292547798E+02   -1.858939536887590E+02   -1.858858165204683E+02   -1.816482607796639E+02   -1.816370512361758E+02   -1.816314421179794E+02   -1.808667458226859E+02   -1.808666950541713E+02   -1.808666825472941E+02   -1.740873254471369E+02   -1.740682202934640E+02   -1.740585928069398E+02   -1.722790209809704E+02   -1.722507535302395E+02   -1.722366618993081E+02   -1.677056792539248E+02   -1.676895569610392E+02   -1.676814821377834E+02   -1.630257198584642E+02   -1.630255122635741E+02   -1.630255004149620E+02   -1.613900726173119E+02   -1.613530559608420E+02   -1.613309747729234E+02   -1.613017650048858E+02   -1.612905445383936E+02   -1.612855826839144E+02   -1.594556787989787E+02   -1.594131575234249E+02   -1.593920552163613E+02   -1.545840840474202E+02   -1.545630302958909E+02   -1.545524561039899E+02   -1.495810077460263E+02   -1.495497472378187E+02   -1.495275503970380E+02   -1.494079508730193E+02   -1.493459631597408E+02   -1.493165989507760E+02   -1.474708097015103E+02   -1.474141105297202E+02   -1.473861418845018E+02   -1.470798705279057E+02   -1.470791628238435E+02   -1.470791472395378E+02   -1.450455485094111E+02   -1.450451799293473E+02   -1.450451604231903E+02   -1.423932391454014E+02   -1.423665880375631E+02   -1.423531232007767E+02   -1.385876078513084E+02   -1.385241188757409E+02   -1.384853983036967E+02   -1.381001286986571E+02   -1.380086375058657E+02   -1.379657234853302E+02   -1.369994336676098E+02   -1.369830330374759E+02   -1.369747474205681E+02   -1.363749219934757E+02   -1.363069619095316E+02   -1.362737662981863E+02   -1.332039190984304E+02   -1.332021687593740E+02   -1.332021520472574E+02   -1.313561947146423E+02   -1.313170563993415E+02   -1.312970890251836E+02   -1.293067608043388E+02   -1.293058978477744E+02   -1.293058830243497E+02   -1.283367747033989E+02   -1.282333181367641E+02   -1.281731830644535E+02   -1.274313448694145E+02   -1.273307835008294E+02   -1.272860953227480E+02   -1.267231711406887E+02
    9.308166264637542E+00   -2.451311690485086E+02   -2.451306739355956E+02   -2.451304263375500E+02   -2.281021653132659E+02   -2.281005205837873E+02   -2.280996979138301E+02   -2.155354959387948E+02   -2.155329434098619E+02   -2.155316667455137E+02   -2.118459249666448E+02   -2.118421843361737E+02   -2.118403130376407E+02   -2.003250082801011E+02   -2.003172876702614E+02   -2.003134239187852E+02   -1.963556110211107E+02   -1.963486598962040E+02   -1.963451822870167E+02   -1.875294892394255E+02   -1.875226818796614E+02   -1.875192655599816E+02   -1.858985746791339E+02   -1.858822900022573E+02   -1.858741481388961E+02   -1.816309696258024E+02   -1.816197527145067E+02   -1.816141398614384E+02   -1.808457370751166E+02   -1.808456862638664E+02   -1.808456736580042E+02   -1.740780762837461E+02   -1.740589611940985E+02   -1.740493288175841E+02   -1.722640276367741E+02   -1.722357412483598E+02   -1.722216397723843E+02   -1.676849138764642E+02   -1.676687804769751E+02   -1.676607000010417E+02   -1.630010366786398E+02   -1.630008289074953E+02   -1.630008169633456E+02   -1.613774290894802E+02   -1.613406560182860E+02   -1.613182076565038E+02   -1.612947419791698E+02   -1.612837891774413E+02   -1.612789098852581E+02   -1.594371885611914E+02   -1.593946322049038E+02   -1.593735117226174E+02   -1.545598228739346E+02   -1.545387544006545E+02   -1.545281726329530E+02   -1.495706642036614E+02   -1.495392460409312E+02   -1.495172799054676E+02   -1.493915610801050E+02   -1.493293688185609E+02   -1.492998883664450E+02   -1.474487529725979E+02   -1.473919964699932E+02   -1.473639985673431E+02   -1.470525941066002E+02   -1.470518855977742E+02   -1.470518698717909E+02   -1.450194704221236E+02   -1.450191015861923E+02   -1.450190819335466E+02   -1.423658126584975E+02   -1.423391348444913E+02   -1.423256560984281E+02   -1.385732052298099E+02   -1.385096423889272E+02   -1.384709985091579E+02   -1.380791787929178E+02   -1.379875783551663E+02   -1.379445795230616E+02   -1.369917907953763E+02   -1.369753622208487E+02   -1.369670620951445E+02   -1.363493971131066E+02   -1.362813549914150E+02   -1.362481174789753E+02   -1.331724304618216E+02   -1.331706776320049E+02   -1.331706607759653E+02   -1.313264065189758E+02   -1.312871917574964E+02   -1.312671836328666E+02   -1.292746207147064E+02   -1.292737567896354E+02   -1.292737418530533E+02   -1.283174465848935E+02   -1.282138856611673E+02   -1.281537520270725E+02   -1.274083490857140E+02   -1.273083058670975E+02   -1.272638993723180E+02   -1.267077023442687E+02
    9.373390379742345E+00   -2.451264531036117E+02   -2.451259578863337E+02   -2.451257102344857E+02   -2.280949539276461E+02   -2.280933086267508E+02   -2.280924856660299E+02   -2.155304555039424E+02   -2.155279023600404E+02   -2.155266253747524E+02   -2.118360126709185E+02   -2.118322703368021E+02   -2.118303981745050E+02   -2.003172712468879E+02   -2.003095475848080E+02   -2.003056822637849E+02   -1.963427990973012E+02   -1.963358441940134E+02   -1.963323646704939E+02   -1.875240468922282E+02   -1.875172375697402E+02   -1.875138202635239E+02   -1.858879342653004E+02   -1.858716411677494E+02   -1.858634949559599E+02   -1.816150756997552E+02   -1.816038519605718E+02   -1.815982356448021E+02   -1.808269138240984E+02   -1.808268629734420E+02   -1.808268502730382E+02   -1.740696890679852E+02   -1.740505648328765E+02   -1.740409279416867E+02   -1.722502910586932E+02   -1.722219871601847E+02   -1.722078765660009E+02   -1.676657996287837E+02   -1.676496559516261E+02   -1.676415702437728E+02   -1.629788494939299E+02   -1.629786415625993E+02   -1.629786295272023E+02   -1.613659058243388E+02   -1.613294385109014E+02   -1.613065595158183E+02   -1.612883523898739E+02   -1.612777274428103E+02   -1.612729352300837E+02   -1.594202146624554E+02   -1.593776259114553E+02   -1.593564886222173E+02   -1.545374765488351E+02   -1.545163944824088E+02   -1.545058057202347E+02   -1.495612948172922E+02   -1.495297424168206E+02   -1.495079742618292E+02   -1.493765413615936E+02   -1.493141719995211E+02   -1.492845876714999E+02   -1.474284858789222E+02   -1.473716765592890E+02   -1.473436516722955E+02   -1.470280776231710E+02   -1.470273683841806E+02   -1.470273525230668E+02   -1.449960424818992E+02   -1.449956734149811E+02   -1.449956536223991E+02   -1.423405574144991E+02   -1.423138548212785E+02   -1.423003631715144E+02   -1.385600814421664E+02   -1.384964512996953E+02   -1.384578764633106E+02   -1.380599574571977E+02   -1.379682585143829E+02   -1.379251828955643E+02   -1.369849396162151E+02   -1.369684843458566E+02   -1.369601700617824E+02   -1.363259413866493E+02   -1.362578239729747E+02   -1.362245480207305E+02   -1.331441094939069E+02   -1.331423544098145E+02   -1.331423374166930E+02   -1.312990168070223E+02   -1.312597307130906E+02   -1.312396845437350E+02   -1.292456431270847E+02   -1.292447783230740E+02   -1.292447632786919E+02   -1.282997828657994E+02   -1.281961257704077E+02   -1.281359934189394E+02   -1.273873712483873E+02   -1.272878337427320E+02   -1.272437016424172E+02   -1.266934766091030E+02
    9.435592058323962E+00   -2.451222246555030E+02   -2.451217293423556E+02   -2.451214816409488E+02   -2.280884064833561E+02   -2.280867606544787E+02   -2.280859374247140E+02   -2.155259363962128E+02   -2.155233826893067E+02   -2.155221054087492E+02   -2.118269565809855E+02   -2.118232126699324E+02   -2.118213397073637E+02   -2.003102487799325E+02   -2.003025223043275E+02   -2.002986555322393E+02   -1.963310515824995E+02   -1.963240931797040E+02   -1.963206118819629E+02   -1.875191685345885E+02   -1.875123574204969E+02   -1.875089392086197E+02   -1.858782186913742E+02   -1.858619178165726E+02   -1.858537675797456E+02   -1.816004700376274E+02   -1.815892399759343E+02   -1.815836204523027E+02   -1.808100449449948E+02   -1.808099940580053E+02   -1.808099812675486E+02   -1.740620803517330E+02   -1.740429477035186E+02   -1.740333066449098E+02   -1.722377067870746E+02   -1.722093867100904E+02   -1.721952676762559E+02   -1.676482114763743E+02   -1.676320582949313E+02   -1.676239677479043E+02   -1.629589016128600E+02   -1.629586935359397E+02   -1.629586814136290E+02   -1.613554033004931E+02   -1.613193172889248E+02   -1.612959306966971E+02   -1.612825058038586E+02   -1.612722823587346E+02   -1.612675816702692E+02   -1.594046355586373E+02   -1.593620169111308E+02   -1.593408640888509E+02   -1.545169020404757E+02   -1.544958074288870E+02   -1.544852122124409E+02   -1.495528036198460E+02   -1.495211360511182E+02   -1.494995389480498E+02   -1.493627794771290E+02   -1.493002556875727E+02   -1.492705782595200E+02   -1.474098675327688E+02   -1.473530095742576E+02   -1.473249598088343E+02   -1.470060368236747E+02   -1.470053269221715E+02   -1.470053109325081E+02   -1.449749905534903E+02   -1.449746212779848E+02   -1.449746013520953E+02   -1.423173102040720E+02   -1.422905846373581E+02   -1.422770810266990E+02   -1.385481200682629E+02   -1.384844285983829E+02   -1.384459159879615E+02   -1.380423246453676E+02   -1.379505368646471E+02   -1.379073917019639E+02   -1.369787933289139E+02   -1.369623126010306E+02   -1.369539845643633E+02   -1.363043920450919E+02   -1.362362055381522E+02   -1.362028943179503E+02   -1.331186314314434E+02   -1.331168743068281E+02   -1.331168571834750E+02   -1.312738392920705E+02   -1.312344867258104E+02   -1.312144050859187E+02   -1.292195116340172E+02   -1.292186460322852E+02   -1.292186308854977E+02   -1.282836384087330E+02   -1.281798927592525E+02   -1.281197615173667E+02   -1.273682354182484E+02   -1.272691884453784E+02   -1.272253218618563E+02   -1.266803926092873E+02
    9.494728312962060E+00   -2.451184318333845E+02   -2.451179364322324E+02   -2.451176886852004E+02   -2.280824618238706E+02   -2.280808155076607E+02   -2.280799920291947E+02   -2.155218830791528E+02   -2.155193288571361E+02   -2.155180513050024E+02   -2.118186851967622E+02   -2.118149398277631E+02   -2.118130661245799E+02   -2.003038747238469E+02   -2.002961456572659E+02   -2.002922775446922E+02   -1.963202854644671E+02   -1.963133238243121E+02   -1.963098408841115E+02   -1.875147939130067E+02   -1.875079811645410E+02   -1.875045621212646E+02   -1.858693498638596E+02   -1.858530418137972E+02   -1.858448878548206E+02   -1.815870568096421E+02   -1.815758209001482E+02   -1.815701984081248E+02   -1.807949278826679E+02   -1.807948769621966E+02   -1.807948640862197E+02   -1.740551774886447E+02   -1.740360371082929E+02   -1.740263922049562E+02   -1.722261832609100E+02   -1.721978482519781E+02   -1.721837214143964E+02   -1.676320393051960E+02   -1.676158773436694E+02   -1.676077823254477E+02   -1.629409679176485E+02   -1.629407597084416E+02   -1.629407475035936E+02   -1.613458344957243E+02   -1.613102204429019E+02   -1.612862341853462E+02   -1.612771204747580E+02   -1.612673873469689E+02   -1.612627824486281E+02   -1.593903445459327E+02   -1.593476983340793E+02   -1.593265311694153E+02   -1.544979733156428E+02   -1.544768671357850E+02   -1.544662659690328E+02   -1.495451072614833E+02   -1.495133402636458E+02   -1.494918917690328E+02   -1.493501765355719E+02   -1.492875173223982E+02   -1.492577562706613E+02   -1.473927741666720E+02   -1.473358714519613E+02   -1.473077987670398E+02   -1.469862224978381E+02   -1.469855119953584E+02   -1.469854958837616E+02   -1.449560743152067E+02   -1.449557048513430E+02   -1.449556847988458E+02   -1.422959272886926E+02   -1.422691804468729E+02   -1.422556657625969E+02   -1.385372196005486E+02   -1.384734722627784E+02   -1.384350157691259E+02   -1.380261574897346E+02   -1.379342896041264E+02   -1.378910814613945E+02   -1.369732768321454E+02   -1.369567718836193E+02   -1.369484305500134E+02   -1.362846061309275E+02   -1.362163562512744E+02   -1.361830126836539E+02   -1.330957116402626E+02   -1.330939526689070E+02   -1.330939354221846E+02   -1.312507102488576E+02   -1.312112958418789E+02   -1.311911811871340E+02   -1.291959486343478E+02   -1.291950823087734E+02   -1.291950670650080E+02   -1.282688865078860E+02   -1.281650594116755E+02   -1.281049291002602E+02   -1.273507868615654E+02   -1.272522128567845E+02   -1.272086015810418E+02   -1.266683626335154E+02
    9.550758274730082E+00   -2.451150296354798E+02   -2.451145341536323E+02   -2.451142863646371E+02   -2.280770666070903E+02   -2.280754198417270E+02   -2.280745961336844E+02   -2.155182473818645E+02   -2.155156926890494E+02   -2.155144148873110E+02   -2.118111359010153E+02   -2.118073891861946E+02   -2.118055147986494E+02   -2.002980914005135E+02   -2.002903599511950E+02   -2.002864906017758E+02   -1.963104278237654E+02   -1.963034631935179E+02   -1.962999787352045E+02   -1.875108707828484E+02   -1.875040565450059E+02   -1.875006367388534E+02   -1.858612594416815E+02   -1.858449447815709E+02   -1.858367873852464E+02   -1.815747516546639E+02   -1.815635103448232E+02   -1.815578851102420E+02   -1.807813850910588E+02   -1.807813341397612E+02   -1.807813211828379E+02   -1.740489171793244E+02   -1.740297697023020E+02   -1.740201212554346E+02   -1.722156401457624E+02   -1.721872913758507E+02   -1.721731573327218E+02   -1.676171860445939E+02   -1.676010159836107E+02   -1.675929168402461E+02   -1.629248509410125E+02   -1.629246426116830E+02   -1.629246303287138E+02   -1.613371231998378E+02   -1.613020874122828E+02   -1.612773939645111E+02   -1.612721231427296E+02   -1.612629848146676E+02   -1.612584796448702E+02   -1.593772478531391E+02   -1.593345762620974E+02   -1.593133958721845E+02   -1.544805792059379E+02   -1.544594623719708E+02   -1.544488557269011E+02   -1.495381332637704E+02   -1.495062799887133E+02   -1.494849611767534E+02   -1.493386454306305E+02   -1.492758669361614E+02   -1.492460306663365E+02   -1.473770969383277E+02   -1.473201530896187E+02   -1.472920593147539E+02   -1.469684161085323E+02   -1.469677050612299E+02   -1.469676888343512E+02   -1.449390830439763E+02   -1.449387134100821E+02   -1.449386932377441E+02   -1.422762819435831E+02   -1.422495154299473E+02   -1.422359905101194E+02   -1.385272914367433E+02   -1.384634932406807E+02   -1.384250873604603E+02   -1.380113480807637E+02   -1.379194080069921E+02   -1.378761428562494E+02   -1.369683250951104E+02   -1.369517971680949E+02   -1.369434430388821E+02   -1.362664579506031E+02   -1.361981500000255E+02   -1.361647767868012E+02   -1.330751005873339E+02   -1.330733399454733E+02   -1.330733225822564E+02   -1.312294856192824E+02   -1.311900137971856E+02   -1.311698684764727E+02   -1.291747105092596E+02   -1.291738435272674E+02   -1.291738281919796E+02   -1.282554164132942E+02   -1.281515145198632E+02   -1.280913849619519E+02   -1.273348893700687E+02   -1.272367687129662E+02   -1.271934014319260E+02   -1.266573106525672E+02
    9.603643221435153E+00   -2.451119789985880E+02   -2.451114834428650E+02   -2.451112356153310E+02   -2.280721742773786E+02   -2.280705270988470E+02   -2.280697031792760E+02   -2.155149874992280E+02   -2.155124323767670E+02   -2.155111543458992E+02   -2.118042538188340E+02   -2.118005058642032E+02   -2.117986308455297E+02   -2.002928484900136E+02   -2.002851148535045E+02   -2.002812443647885E+02   -1.963014145626073E+02   -1.962944471762858E+02   -1.962909613176181E+02   -1.875073538181447E+02   -1.875005382251227E+02   -1.874971177196435E+02   -1.858538875764801E+02   -1.858375668388452E+02   -1.858294062740205E+02   -1.815634802562248E+02   -1.815522339692635E+02   -1.815466062058533E+02   -1.807692609501448E+02   -1.807692099705087E+02   -1.807691969372543E+02   -1.740432442314778E+02   -1.740240902528769E+02   -1.740144385448888E+02   -1.722060069062235E+02   -1.721776454791300E+02   -1.721635047953158E+02   -1.676035660623729E+02   -1.675873885439389E+02   -1.675792856020574E+02   -1.629103774698337E+02   -1.629101690315437E+02   -1.629101566749091E+02   -1.613292025719284E+02   -1.612948651108737E+02   -1.612693436514932E+02   -1.612674502797919E+02   -1.612590249528154E+02   -1.612546228988716E+02   -1.593652630129781E+02   -1.593225680976214E+02   -1.593013755346387E+02   -1.544646215842112E+02   -1.544434949549240E+02   -1.544328832752640E+02   -1.495318185436842E+02   -1.494998901081116E+02   -1.494786848449855E+02   -1.493281094523913E+02   -1.492652255578743E+02   -1.492353215865078E+02   -1.473627400573171E+02   -1.473057584669387E+02   -1.472776453177263E+02   -1.469524260111085E+02   -1.469517144703993E+02   -1.469516981349250E+02   -1.449238319679695E+02   -1.449234621807061E+02   -1.449234418953617E+02   -1.422582623596691E+02   -1.422314776932215E+02   -1.422179433322260E+02   -1.385182581740858E+02   -1.384544137353888E+02   -1.384160534855561E+02   -1.379978015727474E+02   -1.379057965120587E+02   -1.378624798081132E+02   -1.369638817725234E+02   -1.369473321194142E+02   -1.369389657382310E+02   -1.362498369017868E+02   -1.361814758147735E+02   -1.361480754670525E+02   -1.330565794963587E+02   -1.330548173448086E+02   -1.330547998719861E+02   -1.312100385456991E+02   -1.311705135483519E+02   -1.311503398142991E+02   -1.291555834501927E+02   -1.291547158735306E+02   -1.291547004521987E+02   -1.282431312304215E+02   -1.281391607787371E+02   -1.280790318054051E+02   -1.273204229699377E+02   -1.272227342824186E+02   -1.271795987777173E+02   -1.266471706873337E+02
    9.653346604372143E+00   -2.451092460047648E+02   -2.451087503815543E+02   -2.451085025186979E+02   -2.280677441879953E+02   -2.280660966303304E+02   -2.280652725163283E+02   -2.155120671398038E+02   -2.155095116260602E+02   -2.155082333852384E+02   -2.117979908430012E+02   -2.117942417491304E+02   -2.117923661498781E+02   -2.002881020757936E+02   -2.002803664363699E+02   -2.002764949005650E+02   -1.962931893178041E+02   -1.962862193976319E+02   -1.962827322505187E+02   -1.875042036828954E+02   -1.874973868593338E+02   -1.874939657137799E+02   -1.858471818369542E+02   -1.858308555252277E+02   -1.858226920466863E+02   -1.815531771242823E+02   -1.815419262618824E+02   -1.815362961726287E+02   -1.807584190969006E+02   -1.807583680912651E+02   -1.807583549863339E+02   -1.740381105027870E+02   -1.740189505818065E+02   -1.740092958787147E+02   -1.721972215864338E+02   -1.721688485461920E+02   -1.721547017570876E+02   -1.675911037916276E+02   -1.675749194235125E+02   -1.675668129925181E+02   -1.628973956054700E+02   -1.628971870685003E+02   -1.628971746426934E+02   -1.613220139061851E+02   -1.612885029230196E+02   -1.612630508626577E+02   -1.612620254530405E+02   -1.612554647082177E+02   -1.612511682059708E+02   -1.593543174706941E+02   -1.593116011703502E+02   -1.592903974290836E+02   -1.544500138048083E+02   -1.544288781901164E+02   -1.544182618945895E+02   -1.495261081631837E+02   -1.494941140651028E+02   -1.494730084562827E+02   -1.493185010673932E+02   -1.492555238467397E+02   -1.492255589474015E+02   -1.473496191852827E+02   -1.472926030425587E+02   -1.472644721341939E+02   -1.469380841833677E+02   -1.469373721964993E+02   -1.469373557591493E+02   -1.449101591108807E+02   -1.449097891854532E+02   -1.449097687939961E+02   -1.422417698505930E+02   -1.422149684756426E+02   -1.422014254290505E+02   -1.385100521584779E+02   -1.384461657473455E+02   -1.384078465931690E+02   -1.379854345665589E+02   -1.378933710915267E+02   -1.378500078361464E+02   -1.369598980267415E+02   -1.369433279137366E+02   -1.369349498636875E+02   -1.362346456188938E+02   -1.361662360074131E+02   -1.361328108698288E+02   -1.330399565939922E+02   -1.330381930800226E+02   -1.330381755044972E+02   -1.311922572666495E+02   -1.311526831665323E+02   -1.311324831850408E+02   -1.291383798508112E+02   -1.291375117362363E+02   -1.291374962343557E+02   -1.282319461360875E+02   -1.281279129971648E+02   -1.280677844517251E+02   -1.273072819609843E+02   -1.272100023745403E+02   -1.271670856947208E+02   -1.266378854299257E+02
    9.699834073571942E+00   -2.451068012048214E+02   -2.451063055201293E+02   -2.451060576249860E+02   -2.280637408517504E+02   -2.280620929472544E+02   -2.280612686550783E+02   -2.155094547994767E+02   -2.155068989303462E+02   -2.155056204976184E+02   -2.117923048008653E+02   -2.117885546634763E+02   -2.117866785318229E+02   -2.002838138297504E+02   -2.002760763616720E+02   -2.002722038663067E+02   -1.962857025308168E+02   -1.962787302885146E+02   -1.962752419596771E+02   -1.875013862397971E+02   -1.874945683018585E+02   -1.874911465717736E+02   -1.858410962900292E+02   -1.858247648817425E+02   -1.858165987318808E+02   -1.815437845525125E+02   -1.815325294972081E+02   -1.815268972755657E+02   -1.807487401155767E+02   -1.807486890861535E+02   -1.807486759142357E+02   -1.740334739993028E+02   -1.740143086631807E+02   -1.740046512167347E+02   -1.721892297678856E+02   -1.721608461053409E+02   -1.721466937203148E+02   -1.675797325552481E+02   -1.675635419148889E+02   -1.675554322889194E+02   -1.628857722202245E+02   -1.628855635940807E+02   -1.628855511036301E+02   -1.613155055766412E+02   -1.612829472576435E+02   -1.612588899311386E+02   -1.612553897274873E+02   -1.612522668911357E+02   -1.612480764415846E+02   -1.593443473947932E+02   -1.593016115462968E+02   -1.592803975708495E+02   -1.544366793686705E+02   -1.544155355353877E+02   -1.544049150205757E+02   -1.495209542682916E+02   -1.494889027057249E+02   -1.494678846690531E+02   -1.493097608541173E+02   -1.492467009219616E+02   -1.492166812440103E+02   -1.473376600688840E+02   -1.472806123838143E+02   -1.472524652430673E+02   -1.469252433980359E+02   -1.469245310085885E+02   -1.469245144761160E+02   -1.448979225625049E+02   -1.448975525128417E+02   -1.448975320222235E+02   -1.422267173194304E+02   -1.421999006141406E+02   -1.421863496030074E+02   -1.385026142495456E+02   -1.384386898328246E+02   -1.384004076269325E+02   -1.379741737283163E+02   -1.378820578580910E+02   -1.378386526556940E+02   -1.369563315257417E+02   -1.369397422352418E+02   -1.369313531363967E+02   -1.362207983893360E+02   -1.361523445819685E+02   -1.361188968537632E+02   -1.330250638670623E+02   -1.330232991260493E+02   -1.330232814547362E+02   -1.311760433204601E+02   -1.311364240393434E+02   -1.311161998982329E+02   -1.291229351875771E+02   -1.291220665874613E+02   -1.291220510105393E+02   -1.282217868616765E+02   -1.281176965769004E+02   -1.280575683178207E+02   -1.272953732368571E+02   -1.271984786298407E+02   -1.271557672380264E+02   -1.266294050782707E+02
    9.743073501524098E+00   -2.451046190414698E+02   -2.451041233009650E+02   -2.451038753764111E+02   -2.280601333011338E+02   -2.280584850805679E+02   -2.280576606257358E+02   -2.155071231423020E+02   -2.155045669514951E+02   -2.155032883439364E+02   -2.117871587421196E+02   -2.117834076526223E+02   -2.117815310346432E+02   -2.002799503167140E+02   -2.002722111853304E+02   -2.002683378138445E+02   -1.962789106520690E+02   -1.962719362900200E+02   -1.962684468815825E+02   -1.874988718760553E+02   -1.874920529323716E+02   -1.874886306701158E+02   -1.858355907159164E+02   -1.858192546655352E+02   -1.858110860758601E+02   -1.815352517256713E+02   -1.815239928429950E+02   -1.815183586739728E+02   -1.807401195402087E+02   -1.807400684890977E+02   -1.807400552549185E+02   -1.740292981064168E+02   -1.740101278539033E+02   -1.740004679034718E+02   -1.721819836785780E+02   -1.721535903372493E+02   -1.721394328427193E+02   -1.675693935593907E+02   -1.675531971973816E+02   -1.675450846570411E+02   -1.628753907579106E+02   -1.628751820514174E+02   -1.628751695008848E+02   -1.613096321366943E+02   -1.612781374201987E+02   -1.612549511600697E+02   -1.612494013571298E+02   -1.612493952170535E+02   -1.612453095025537E+02   -1.593352966602920E+02   -1.592925430095954E+02   -1.592713196993745E+02   -1.544245507805375E+02   -1.544033994575095E+02   -1.543927751003841E+02   -1.495163151880703E+02   -1.494842133062267E+02   -1.494632722377628E+02   -1.493018365786367E+02   -1.492387033611366E+02   -1.492086345273144E+02   -1.473267973712966E+02   -1.472697209955289E+02   -1.472415590713676E+02   -1.469137747792035E+02   -1.469130620275346E+02   -1.469130454067246E+02   -1.448869981194030E+02   -1.448866279583175E+02   -1.448866073755427E+02   -1.422130279470063E+02   -1.421861972310410E+02   -1.421726389457277E+02   -1.384958927690220E+02   -1.384319340469212E+02   -1.383936849773301E+02   -1.379639546092494E+02   -1.378717918752642E+02   -1.378283489815894E+02   -1.369531455906109E+02   -1.369365384226715E+02   -1.369281389297576E+02   -1.362082198005032E+02   -1.361397258768056E+02   -1.361062576302681E+02   -1.330117542624919E+02   -1.330099884193800E+02   -1.330099706592069E+02   -1.311613100109452E+02   -1.311216493351229E+02   -1.311014030520120E+02   -1.291091053241432E+02   -1.291082362870087E+02   -1.291082206405591E+02   -1.282125884027648E+02   -1.281084462184152E+02   -1.280483181212639E+02   -1.272846148450842E+02   -1.271880800513054E+02   -1.271455599504970E+02   -1.266216863510736E+02
    9.783035005352831E+00   -2.451026773576209E+02   -2.451021815666744E+02   -2.451019336154486E+02   -2.280568945420975E+02   -2.280552460348564E+02   -2.280544214322337E+02   -2.155050484729215E+02   -2.155024919922145E+02   -2.155012132260597E+02   -2.117825203300927E+02   -2.117787683760657E+02   -2.117768913159800E+02   -2.002764824009814E+02   -2.002687417637233E+02   -2.002648675959929E+02   -1.962727754603003E+02   -1.962657991725947E+02   -1.962623087826197E+02   -1.874966349291419E+02   -1.874898150816476E+02   -1.874863923368576E+02   -1.858306299376788E+02   -1.858142896791436E+02   -1.858061188716102E+02   -1.815275339555456E+02   -1.815162715959583E+02   -1.815106356570930E+02   -1.807324661288367E+02   -1.807324150580412E+02   -1.807324017663585E+02   -1.740255509330659E+02   -1.740063762375088E+02   -1.739967140117607E+02   -1.721754414316690E+02   -1.721470393130117E+02   -1.721328771751991E+02   -1.675600350317208E+02   -1.675438334749406E+02   -1.675357182888554E+02   -1.628661493337500E+02   -1.628659405551357E+02   -1.628659279491144E+02   -1.613043535537983E+02   -1.612740048164168E+02   -1.612512364455381E+02   -1.612468342780937E+02   -1.612440620738255E+02   -1.612427858076853E+02   -1.593271159795513E+02   -1.592843461921084E+02   -1.592631144071732E+02   -1.544135685706379E+02   -1.543924104533364E+02   -1.543817826135092E+02   -1.495121546690363E+02   -1.494800087544547E+02   -1.494591352636266E+02   -1.492946823950234E+02   -1.492314843434155E+02   -1.492013715308657E+02   -1.473169736734749E+02   -1.472598713189585E+02   -1.472316959920150E+02   -1.469035656924601E+02   -1.469028526161044E+02   -1.469028359137702E+02   -1.448772772473517E+02   -1.448769069866837E+02   -1.448768863188056E+02   -1.422006340697562E+02   -1.421737906111527E+02   -1.421602257147382E+02   -1.384898426051626E+02   -1.384258530434383E+02   -1.383876335889116E+02   -1.379547206375572E+02   -1.378625161413494E+02   -1.378190395062966E+02   -1.369503084703984E+02   -1.369336847434048E+02   -1.369252755435968E+02   -1.361968435838782E+02   -1.361283134047113E+02   -1.360948266013926E+02   -1.329998992714531E+02   -1.329981324420523E+02   -1.329981145999577E+02   -1.311479810968418E+02   -1.311082826911189E+02   -1.310880162206413E+02   -1.290967641839821E+02   -1.290958947549772E+02   -1.290958790445145E+02   -1.282042939210625E+02   -1.281001048195285E+02   -1.280399767781594E+02   -1.272749347524473E+02   -1.271787337428123E+02   -1.271363905809762E+02   -1.266146916554176E+02
    9.819690967422517E+00   -2.451009569775887E+02   -2.451004611413085E+02   -2.451002131660302E+02   -2.280540010881202E+02   -2.280523523223869E+02   -2.280515275862688E+02   -2.155032102873425E+02   -2.155006535467974E+02   -2.154993746375617E+02   -2.117783613218695E+02   -2.117746085874957E+02   -2.117727311278904E+02   -2.002733847403038E+02   -2.002656427475673E+02   -2.002617678603733E+02   -1.962672634806908E+02   -1.962602854540763E+02   -1.962567941770446E+02   -1.874946531980398E+02   -1.874878325427122E+02   -1.874844093627099E+02   -1.858261832489899E+02   -1.858098391980086E+02   -1.858016663862228E+02   -1.815205920273685E+02   -1.815093265280059E+02   -1.815036889902387E+02   -1.807257003746020E+02   -1.807256492860408E+02   -1.807256359416430E+02   -1.740222047528794E+02   -1.740030260649916E+02   -1.739933617833921E+02   -1.721695663751883E+02   -1.721411563433385E+02   -1.721269900107490E+02   -1.675516114840192E+02   -1.675354052384558E+02   -1.675272876646640E+02   -1.628579590951669E+02   -1.628577502521374E+02   -1.628577375952494E+02   -1.612996345635349E+02   -1.612704760728193E+02   -1.612477621844916E+02   -1.612445468282753E+02   -1.612407945289211E+02   -1.612390366294488E+02   -1.593197621596811E+02   -1.592769778297884E+02   -1.592557383956682E+02   -1.544036804576383E+02   -1.543825162122824E+02   -1.543718852340168E+02   -1.495084412247089E+02   -1.494762568596535E+02   -1.494554425567770E+02   -1.492882581559427E+02   -1.492250029171807E+02   -1.491948509253647E+02   -1.473081386209435E+02   -1.472510128766174E+02   -1.472228254676591E+02   -1.468945179256247E+02   -1.468938045596437E+02   -1.468937877826272E+02   -1.448686653241182E+02   -1.448682949748601E+02   -1.448682742289757E+02   -1.421894762201979E+02   -1.421626212415683E+02   -1.421490503729247E+02   -1.384844244503336E+02   -1.384204073086941E+02   -1.383822142000948E+02   -1.379464222576457E+02   -1.378541807221583E+02   -1.378106740277665E+02   -1.369477927256950E+02   -1.369311537764034E+02   -1.369227355871437E+02   -1.361866116280240E+02   -1.361180488624704E+02   -1.360845453675143E+02   -1.329893868476880E+02   -1.329876191398276E+02   -1.329876012227598E+02   -1.311359896727880E+02   -1.310962570933883E+02   -1.310759723338351E+02   -1.290858017436051E+02   -1.290849319649286E+02   -1.290849161959648E+02   -1.281968538102248E+02   -1.280926225383703E+02   -1.280324944654970E+02   -1.272662697867548E+02   -1.271703758259411E+02   -1.271281949830212E+02   -1.266083883837834E+02
    9.853016054340980E+00   -2.450994413508799E+02   -2.450989454741429E+02   -2.450986974773277E+02   -2.280514325632917E+02   -2.280497835661801E+02   -2.280489587103629E+02   -2.155015908909490E+02   -2.154990339191148E+02   -2.154977548816982E+02   -2.117746571248628E+02   -2.117709036913250E+02   -2.117690258733572E+02   -2.002706353549881E+02   -2.002628921509400E+02   -2.002590166183890E+02   -1.962623454880782E+02   -1.962553659028198E+02   -1.962518738300711E+02   -1.874929075277875E+02   -1.874860861553167E+02   -1.874826625854645E+02   -1.858222239263223E+02   -1.858058764824505E+02   -1.857977018727522E+02   -1.815143916414404E+02   -1.815031233277010E+02   -1.814974843561759E+02   -1.807197532238452E+02   -1.807197021193657E+02   -1.807196887270682E+02   -1.740192355285334E+02   -1.740000532788991E+02   -1.739903871530425E+02   -1.721643265373059E+02   -1.721359094233980E+02   -1.721217393290635E+02   -1.675440830819859E+02   -1.675278726352940E+02   -1.675197529225065E+02   -1.628507428105096E+02   -1.628505339103161E+02   -1.628505212072099E+02   -1.612954441302661E+02   -1.612674784539651E+02   -1.612445553329812E+02   -1.612425124377459E+02   -1.612388416142329E+02   -1.612347641546713E+02   -1.593131974688533E+02   -1.592704001281049E+02   -1.592491538401414E+02   -1.543948406333087E+02   -1.543736709005804E+02   -1.543630371146069E+02   -1.495051475834363E+02   -1.494729297701866E+02   -1.494521670939542E+02   -1.492825288201897E+02   -1.492192233750676E+02   -1.491890366832521E+02   -1.473002481957603E+02   -1.472431015425705E+02   -1.472149033201169E+02   -1.468865461231413E+02   -1.468858325004423E+02   -1.468858156556107E+02   -1.448610801270372E+02   -1.448607096994445E+02   -1.448606888826919E+02   -1.421795023073802E+02   -1.421526369915305E+02   -1.421390607681083E+02   -1.384796041526369E+02   -1.384155625100121E+02   -1.383773926965565E+02   -1.379390161960637E+02   -1.378467420115731E+02   -1.378032087059273E+02   -1.369455747052756E+02   -1.369289218883451E+02   -1.369204954551502E+02   -1.361774731367160E+02   -1.361088812861199E+02   -1.360753628810019E+02   -1.329801196171942E+02   -1.329783511317552E+02   -1.329783331466703E+02   -1.311252772148437E+02   -1.310855139213891E+02   -1.310652127208577E+02   -1.290761223055999E+02   -1.290752522168808E+02   -1.290752363949201E+02   -1.281902249017601E+02   -1.280859559968846E+02   -1.280258278241451E+02   -1.272585647307580E+02   -1.271629505110781E+02   -1.271209171699924E+02   -1.266027483210470E+02
    9.882987234310306E+00   -2.450981162498722E+02   -2.450976203373528E+02   -2.450973723214273E+02   -2.280491713649257E+02   -2.280475221626087E+02   -2.280466972004562E+02   -2.155001750743964E+02   -2.154976178984889E+02   -2.154963387472701E+02   -2.117713864194123E+02   -2.117676323652574E+02   -2.117657542288373E+02   -2.002682152617630E+02   -2.002604709850755E+02   -2.002565948789743E+02   -1.962579960837295E+02   -1.962510151144033E+02   -1.962475223345340E+02   -1.874913814570897E+02   -1.874845594534826E+02   -1.874811355375031E+02   -1.858187288139929E+02   -1.858023783625449E+02   -1.857942021549842E+02   -1.815089029370996E+02   -1.814976321240963E+02   -1.814919918788836E+02   -1.807145649756282E+02   -1.807145138570154E+02   -1.807145004216601E+02   -1.740166225077800E+02   -1.739974371091485E+02   -1.739877693439464E+02   -1.721596941541072E+02   -1.721312707602309E+02   -1.721170973237394E+02   -1.675374151077998E+02   -1.675212009316276E+02   -1.675130793203772E+02   -1.628444336575176E+02   -1.628442247070164E+02   -1.628442119623656E+02   -1.612917550037090E+02   -1.612649450033132E+02   -1.612416659004596E+02   -1.612406877728853E+02   -1.612371614436283E+02   -1.612309664602512E+02   -1.593073890966701E+02   -1.592645802216655E+02   -1.592433278489533E+02   -1.543870091524706E+02   -1.543658345508782E+02   -1.543551982760424E+02   -1.495022502204455E+02   -1.494700034826076E+02   -1.494492855583306E+02   -1.492774639453678E+02   -1.492141147218047E+02   -1.491838975381896E+02   -1.472932640965476E+02   -1.472360989210518E+02   -1.472078911082564E+02   -1.468795764426057E+02   -1.468788625942240E+02   -1.468788456884682E+02   -1.448544505350004E+02   -1.448540800386931E+02   -1.448540591582456E+02   -1.421706669183045E+02   -1.421437924133514E+02   -1.421302114337298E+02   -1.384753521655477E+02   -1.384112889427815E+02   -1.383731395623021E+02   -1.379324648367566E+02   -1.378401621023699E+02   -1.377966054300946E+02   -1.369436341026570E+02   -1.369269687897802E+02   -1.369185348839937E+02   -1.361693839123017E+02   -1.361007663318941E+02   -1.360672347258035E+02   -1.329720133427766E+02   -1.329702441746182E+02   -1.329702261284793E+02   -1.311157927679455E+02   -1.310760021346315E+02   -1.310556862967554E+02   -1.290676430166581E+02   -1.290667726552962E+02   -1.290667567858319E+02   -1.281843697912126E+02   -1.280800676050107E+02   -1.280199392825968E+02   -1.272517715478808E+02   -1.271564093025678E+02   -1.271145085061476E+02   -1.265977471452009E+02
    9.909583792727499E+00   -2.450969695140799E+02   -2.450964735702753E+02   -2.450962255375903E+02   -2.280472023777253E+02   -2.280455529955556E+02   -2.280447279400578E+02   -2.154989498395028E+02   -2.154963924855716E+02   -2.154951132344896E+02   -2.117685308386536E+02   -2.117647762401274E+02   -2.117628978240876E+02   -2.002661081636910E+02   -2.002583629482197E+02   -2.002544863384137E+02   -1.962541933359967E+02   -1.962472111522165E+02   -1.962437177514462E+02   -1.874900609203841E+02   -1.874832383675268E+02   -1.874798141477771E+02   -1.858156779723535E+02   -1.857993248861683E+02   -1.857911472753914E+02   -1.815041000882772E+02   -1.814928270821749E+02   -1.814871857189356E+02   -1.807100843408659E+02   -1.807100332098522E+02   -1.807100197363024E+02   -1.740143478814650E+02   -1.739951597308842E+02   -1.739854905256177E+02   -1.721556452689377E+02   -1.721272163717885E+02   -1.721130400011368E+02   -1.675315775033124E+02   -1.675153600554367E+02   -1.675072367791298E+02   -1.628389741874850E+02   -1.628387651931911E+02   -1.628387524116897E+02   -1.612885433621169E+02   -1.612628177310115E+02   -1.612394033758694E+02   -1.612387700554922E+02   -1.612357122315753E+02   -1.612276477426630E+02   -1.593023086961393E+02   -1.592594897155633E+02   -1.592382320045407E+02   -1.543801514144693E+02   -1.543589725434033E+02   -1.543483340881800E+02   -1.494997289624372E+02   -1.494674574285887E+02   -1.494467779502635E+02   -1.492730372554263E+02   -1.492096502226453E+02   -1.491794065267665E+02   -1.472871532122728E+02   -1.472299718190606E+02   -1.472017555999577E+02   -1.468735454065338E+02   -1.468728313618932E+02   -1.468728144021246E+02   -1.448487154189835E+02   -1.448483448630348E+02   -1.448483239260983E+02   -1.421629307244118E+02   -1.421360481484614E+02   -1.421224629947033E+02   -1.384716430821877E+02   -1.384075610626299E+02   -1.383694294151100E+02   -1.379267356910809E+02   -1.378344082525992E+02   -1.377908312824875E+02   -1.369419535815583E+02   -1.369252771602704E+02   -1.369168365767524E+02   -1.361623057476232E+02   -1.360936656661247E+02   -1.360601225061939E+02   -1.329649956123988E+02   -1.329632258511947E+02   -1.329632077509702E+02   -1.311074922563868E+02   -1.310676775824662E+02   -1.310473488717907E+02   -1.290602926009367E+02   -1.290594220024113E+02   -1.290594060909239E+02   -1.281792562680968E+02   -1.280749249889829E+02   -1.280147964848818E+02   -1.272458487227562E+02   -1.271507103209172E+02   -1.271089270166241E+02   -1.265933640082387E+02
    9.932787345808407E+00   -2.450959908348883E+02   -2.450954948641430E+02   -2.450952468169855E+02   -2.280455127328341E+02   -2.280438631954546E+02   -2.280430380592835E+02   -2.154979041685756E+02   -2.154953466616579E+02   -2.154940673242850E+02   -2.117660746983385E+02   -2.117623196296994E+02   -2.117604409719485E+02   -2.002643001888546E+02   -2.002565541642735E+02   -2.002526771189504E+02   -1.962509184767562E+02   -1.962439352438551E+02   -1.962404413063630E+02   -1.874889339971827E+02   -1.874821109733666E+02   -1.874786864910821E+02   -1.858130543810055E+02   -1.857966990220985E+02   -1.857885201981546E+02   -1.814999609616106E+02   -1.814886860608624E+02   -1.814830437314638E+02   -1.807062676425292E+02   -1.807062165008012E+02   -1.807062029939431E+02   -1.740123964954448E+02   -1.739932059762597E+02   -1.739835355255179E+02   -1.721521593941703E+02   -1.721237257484540E+02   -1.721095468417412E+02   -1.675265444837693E+02   -1.675103242100587E+02   -1.675021994959494E+02   -1.628343154447184E+02   -1.628341064128574E+02   -1.628340935992200E+02   -1.612857885332427E+02   -1.612610486555095E+02   -1.612379663338562E+02   -1.612365654724611E+02   -1.612344770785309E+02   -1.612247929218025E+02   -1.592979319968663E+02   -1.592551042980450E+02   -1.592338419757813E+02   -1.543742377246780E+02   -1.543530551672058E+02   -1.543424148311016E+02   -1.494975666550227E+02   -1.494652741287261E+02   -1.494446272596362E+02   -1.492692262742040E+02   -1.492058070221451E+02   -1.491755406018495E+02   -1.472818871778289E+02   -1.472246918009523E+02   -1.471964683261583E+02   -1.468683989266031E+02   -1.468676847137504E+02   -1.468676677068997E+02   -1.448438226991295E+02   -1.448434520921489E+02   -1.448434311059553E+02   -1.421562599798802E+02   -1.421293704253296E+02   -1.421157816651758E+02   -1.384684552430965E+02   -1.384043570915066E+02   -1.383662406152695E+02   -1.379218009504413E+02   -1.378294524352569E+02   -1.377858580855017E+02   -1.369405184610667E+02   -1.369238323333174E+02   -1.369153858880458E+02   -1.361562059126133E+02   -1.360875464501615E+02   -1.360539933307175E+02   -1.329590047250365E+02   -1.329572344560356E+02   -1.329572163086981E+02   -1.311003379015798E+02   -1.310605024212593E+02   -1.310401625683189E+02   -1.290540102836312E+02   -1.290531394817819E+02   -1.290531235337372E+02   -1.281748568358655E+02   -1.280705005099859E+02   -1.280103718088783E+02   -1.272407607023983E+02   -1.271458177278404E+02   -1.271041368019685E+02   -1.265895811859388E+02
    9.952581851616742E+00   -2.450951715756758E+02   -2.450946755822053E+02   -2.450944275228079E+02   -2.280440916062373E+02   -2.280424419376850E+02   -2.280416167332439E+02   -2.154970288316917E+02   -2.154944711959576E+02   -2.154931917855653E+02   -2.117640047705381E+02   -2.117602493043481E+02   -2.117583704420152E+02   -2.002627796717757E+02   -2.002550329641733E+02   -2.002511555501396E+02   -1.962481556469478E+02   -1.962411715266103E+02   -1.962376771348472E+02   -1.874879907027101E+02   -1.874811672831302E+02   -1.874777425786341E+02   -1.858108436903191E+02   -1.857944864114389E+02   -1.857863065605164E+02   -1.814964668296886E+02   -1.814851903261934E+02   -1.814795471792787E+02   -1.807030781413348E+02   -1.807030269905428E+02   -1.807030134552777E+02   -1.740107556096959E+02   -1.739915630934547E+02   -1.739818915879681E+02   -1.721492192278390E+02   -1.721207815694743E+02   -1.721066005164565E+02   -1.675222942137108E+02   -1.675060715499482E+02   -1.674979456200497E+02   -1.628304162241416E+02   -1.628302071606927E+02   -1.628301943196499E+02   -1.612834727841923E+02   -1.612595993714392E+02   -1.612368290256462E+02   -1.612346022068452E+02   -1.612334438855262E+02   -1.612223872149801E+02   -1.592942384808843E+02   -1.592514034159152E+02   -1.592301371931359E+02   -1.543692429265791E+02   -1.543480572520105E+02   -1.543374153268753E+02   -1.494957488850110E+02   -1.494634389042810E+02   -1.494428191920444E+02   -1.492660120174792E+02   -1.492025658247887E+02   -1.491722803088339E+02   -1.472774420015756E+02   -1.472202348151606E+02   -1.471920052071146E+02   -1.468640914812026E+02   -1.468633771270212E+02   -1.468633600800342E+02   -1.448397285499282E+02   -1.448393579001330E+02   -1.448393368719389E+02   -1.421506261008072E+02   -1.421237306383185E+02   -1.421101388272572E+02   -1.384657704083111E+02   -1.384016586884177E+02   -1.383635549384636E+02   -1.379176371115308E+02   -1.378252709611166E+02   -1.377816620225428E+02   -1.369393164528842E+02   -1.369226220334286E+02   -1.369141705610182E+02   -1.361510567241227E+02   -1.360823809088143E+02   -1.360488193798074E+02   -1.329539887519569E+02   -1.329522180566777E+02   -1.329521998692036E+02   -1.310942977341564E+02   -1.310544446259866E+02   -1.310340953321409E+02   -1.290487448836525E+02   -1.290478739109356E+02   -1.290478579317842E+02   -1.281711483106214E+02   -1.280667708618443E+02   -1.280066419636830E+02   -1.272364774262925E+02   -1.271417012423686E+02   -1.271001075452967E+02   -1.265863837872750E+02
    9.968953616500450E+00   -2.450945046231776E+02   -2.450940086110876E+02   -2.450937605416397E+02   -2.280429300520284E+02   -2.280412802758335E+02   -2.280404550153037E+02   -2.154963162274752E+02   -2.154937584863654E+02   -2.154924790159807E+02   -2.117623100963563E+02   -2.117585543037584E+02   -2.117566752733256E+02   -2.002615369726780E+02   -2.002537897051300E+02   -2.002499119880598E+02   -1.962458916858680E+02   -1.962389068367314E+02   -1.962354120717110E+02   -1.874872228149628E+02   -1.874803990721984E+02   -1.874769741850888E+02   -1.858090340158519E+02   -1.857926751619644E+02   -1.857844944670690E+02   -1.814936021335220E+02   -1.814823243137099E+02   -1.814766804952350E+02   -1.807004854740548E+02   -1.807004343158175E+02   -1.807004207570640E+02   -1.740094146991874E+02   -1.739902205474761E+02   -1.739805481748575E+02   -1.721468104191122E+02   -1.721183694682672E+02   -1.721041866518009E+02   -1.675188085384578E+02   -1.675025839120390E+02   -1.674944569839822E+02   -1.628272424529223E+02   -1.628270333636623E+02   -1.628270204999598E+02   -1.612815811708456E+02   -1.612584399267035E+02   -1.612359087371478E+02   -1.612329635171196E+02   -1.612326031507614E+02   -1.612204179105057E+02   -1.592912111143029E+02   -1.592483700058281E+02   -1.592271005797224E+02   -1.543651460969455E+02   -1.543439578632055E+02   -1.543333146344764E+02   -1.494942637510862E+02   -1.494619396397165E+02   -1.494413419425703E+02   -1.492633787374747E+02   -1.491999106306609E+02   -1.491696095178083E+02   -1.472737977570083E+02   -1.472165808851992E+02   -1.471883462430105E+02   -1.468605854305529E+02   -1.468598709609630E+02   -1.468598538808005E+02   -1.448363967383026E+02   -1.448360260535870E+02   -1.448360049906690E+02   -1.421460053166653E+02   -1.421191049988679E+02   -1.421055106821007E+02   -1.384635734863629E+02   -1.383994506773743E+02   -1.383613573054321E+02   -1.379142246661932E+02   -1.378218441666615E+02   -1.377782233243109E+02   -1.369383374444394E+02   -1.369216361590993E+02   -1.369131805102292E+02   -1.361468351898930E+02   -1.360781459732087E+02   -1.360445775479502E+02   -1.329499047552969E+02   -1.329481337121710E+02   -1.329481154915379E+02   -1.310893451901354E+02   -1.310494775859850E+02   -1.310291205280558E+02   -1.290444540581104E+02   -1.290435829458368E+02   -1.290435669410145E+02   -1.281681114895537E+02   -1.280637167386699E+02   -1.280035876569746E+02   -1.272329739360428E+02   -1.271383357385504E+02   -1.270968141024856E+02   -1.265837595160613E+02
    9.981891288970520E+00   -2.450939842669201E+02   -2.450934882402283E+02   -2.450932401628835E+02   -2.280420208673029E+02   -2.280403710065820E+02   -2.280395457019663E+02   -2.154957602539673E+02   -2.154932024303268E+02   -2.154919229127838E+02   -2.117609818342908E+02   -2.117572257852745E+02   -2.117553466227013E+02   -2.002605643310537E+02   -2.002528166241725E+02   -2.002489386688354E+02   -1.962441159606919E+02   -1.962371305389139E+02   -1.962336354804889E+02   -1.874866237344797E+02   -1.874797997389619E+02   -1.874763747082718E+02   -1.858076157719156E+02   -1.857912556816328E+02   -1.857830743232137E+02   -1.814913542904729E+02   -1.814800754363374E+02   -1.814744310900768E+02   -1.806984651947512E+02   -1.806984140306625E+02   -1.806984004533514E+02   -1.740083652925628E+02   -1.739891698587934E+02   -1.739794968041962E+02   -1.721449213785442E+02   -1.721164778425504E+02   -1.721022936399337E+02   -1.675160727670922E+02   -1.674998465986306E+02   -1.674917188864810E+02   -1.628247666856097E+02   -1.628245575761513E+02   -1.628245446945460E+02   -1.612801014375386E+02   -1.612575475528111E+02   -1.612351905103344E+02   -1.612319474716375E+02   -1.612316636130116E+02   -1.612188746130278E+02   -1.592888361303086E+02   -1.592459902770204E+02   -1.592247183338638E+02   -1.543619302995586E+02   -1.543407400554013E+02   -1.543300958032879E+02   -1.494931016781627E+02   -1.494607665908305E+02   -1.494401860125715E+02   -1.492613137157483E+02   -1.491978285215771E+02   -1.491675152069037E+02   -1.472709383335389E+02   -1.472137138599211E+02   -1.471854752638920E+02   -1.468578504576603E+02   -1.468571358978060E+02   -1.468571187914396E+02   -1.448337980832384E+02   -1.448334273712358E+02   -1.448334062808867E+02   -1.421423783887163E+02   -1.421154742536793E+02   -1.421018779680131E+02   -1.384618523149853E+02   -1.383977208273006E+02   -1.383596355632295E+02   -1.379115478506678E+02   -1.378191561618111E+02   -1.377755260151902E+02   -1.369375733231423E+02   -1.369208666069833E+02   -1.369124076457491E+02   -1.361435227208414E+02   -1.360748229921816E+02   -1.360412491545164E+02   -1.329467181504515E+02   -1.329449468354207E+02   -1.329449285886087E+02   -1.310854587846520E+02   -1.310455797783405E+02   -1.310252166130983E+02   -1.290411036858715E+02   -1.290402324644282E+02   -1.290402164393565E+02   -1.281657308828671E+02   -1.280613225662213E+02   -1.280011933261193E+02   -1.272302300582083E+02   -1.271357009182260E+02   -1.270942361687159E+02   -1.265816984797938E+02
    9.991385798057930E+00   -2.450936061056289E+02   -2.450931100682837E+02   -2.450928619851691E+02   -2.280413584885820E+02   -2.280397085661306E+02   -2.280388832292938E+02   -2.154953562083866E+02   -2.154927983245935E+02   -2.154915187725810E+02   -2.117600131452286E+02   -2.117562569088848E+02   -2.117543776497274E+02   -2.002598557533670E+02   -2.002521077258388E+02   -2.002482295963132E+02   -1.962428202383176E+02   -1.962358343981301E+02   -1.962323391252528E+02   -1.874861883754832E+02   -1.874793641959558E+02   -1.874759390602954E+02   -1.858065815452124E+02   -1.857902205521826E+02   -1.857820387087235E+02   -1.814897135508786E+02   -1.814784339409666E+02   -1.814727892090038E+02   -1.806969984165653E+02   -1.806969472482013E+02   -1.806969336572735E+02   -1.740076008483687E+02   -1.739884044795349E+02   -1.739787309262562E+02   -1.721435431351221E+02   -1.721150977112968E+02   -1.721009124955433E+02   -1.675140755112616E+02   -1.674978482161147E+02   -1.674897199311633E+02   -1.628229677110249E+02   -1.628227585868536E+02   -1.628227456921130E+02   -1.612790239612145E+02   -1.612569055315216E+02   -1.612346677636826E+02   -1.612314710174389E+02   -1.612307079746844E+02   -1.612177492334216E+02   -1.592871028665690E+02   -1.592442535485148E+02   -1.592229797661541E+02   -1.543595824027504E+02   -1.543383906898518E+02   -1.543277456904902E+02   -1.494922552748595E+02   -1.494599122375616E+02   -1.494393440690107E+02   -1.492598071069092E+02   -1.491963094997627E+02   -1.491659872988644E+02   -1.472688512503071E+02   -1.472116212269409E+02   -1.471833797428501E+02   -1.468558631330680E+02   -1.468551485074911E+02   -1.468551313819021E+02   -1.448319100348653E+02   -1.448315393030109E+02   -1.448315181925360E+02   -1.421397304012294E+02   -1.421128234757649E+02   -1.420992257514527E+02   -1.384605974941258E+02   -1.383964596844856E+02   -1.383583803186796E+02   -1.379095944574484E+02   -1.378171946406489E+02   -1.377735577229561E+02   -1.369370178400833E+02   -1.369203071355609E+02   -1.369118457367659E+02   -1.361411049161945E+02   -1.360723975167657E+02   -1.360388197278173E+02   -1.329444022100768E+02   -1.329426306971572E+02   -1.329426124311471E+02   -1.310826218688313E+02   -1.310427345245372E+02   -1.310223668930979E+02   -1.290386673890580E+02   -1.290377960881170E+02   -1.290377800482065E+02   -1.281639945108489E+02   -1.280595762986169E+02   -1.279994469346616E+02   -1.272282301628300E+02   -1.271337810609177E+02   -1.270923580231253E+02   -1.265801930474059E+02
    9.997429847205039E+00   -2.450933669936903E+02   -2.450928709495907E+02   -2.450926228628141E+02   -2.280409389442445E+02   -2.280392889826280E+02   -2.280384636253374E+02   -2.154951007297552E+02   -2.154925428078520E+02   -2.154912632339564E+02   -2.117593991507949E+02   -2.117556427955740E+02   -2.117537634751021E+02   -2.002594069610337E+02   -2.002516587301614E+02   -2.002477804900415E+02   -1.962419986493132E+02   -1.962350125435756E+02   -1.962315171345610E+02   -1.874859131034136E+02   -1.874790888073985E+02   -1.874756636050880E+02   -1.858059260476401E+02   -1.857895644819559E+02   -1.857813823305570E+02   -1.814886729668676E+02   -1.814773928772760E+02   -1.814717479004917E+02   -1.806960716062796E+02   -1.806960204352009E+02   -1.806960068356065E+02   -1.740071166969341E+02   -1.739879197354004E+02   -1.739782458654504E+02   -1.721426692928498E+02   -1.721142226713514E+02   -1.721000368124484E+02   -1.675128086574317E+02   -1.674965806472305E+02   -1.674884519987911E+02   -1.628218303358998E+02   -1.628216212024105E+02   -1.628216082993092E+02   -1.612783417732708E+02   -1.612565023300713E+02   -1.612343367565561E+02   -1.612311698030798E+02   -1.612300990905362E+02   -1.612170359834207E+02   -1.592860037237904E+02   -1.592431522077022E+02   -1.592218772580207E+02   -1.543580930521889E+02   -1.543369004072139E+02   -1.543262549338232E+02   -1.494917192650118E+02   -1.494593712124683E+02   -1.494388108771402E+02   -1.492588518909999E+02   -1.491953464371280E+02   -1.491650186091547E+02   -1.472675276136447E+02   -1.472102940700872E+02   -1.471820507534172E+02   -1.468546066751385E+02   -1.468538920079507E+02   -1.468538748701280E+02   -1.448307164410043E+02   -1.448303456965869E+02   -1.448303245733025E+02   -1.421380507285084E+02   -1.421111420314780E+02   -1.420975433940956E+02   -1.384598023182834E+02   -1.383956605048191E+02   -1.383575848710839E+02   -1.379083557848546E+02   -1.378159508305378E+02   -1.377723096274317E+02   -1.369366665323757E+02   -1.369199532876574E+02   -1.369114903341752E+02   -1.361395715148700E+02   -1.360708592514523E+02   -1.360372789562236E+02   -1.329429377934655E+02   -1.329411661552955E+02   -1.329411478770705E+02   -1.310808225796221E+02   -1.310409299405222E+02   -1.310205594728901E+02   -1.290371262816090E+02   -1.290362549303316E+02   -1.290362388809846E+02   -1.281628938318173E+02   -1.280584693465160E+02   -1.279983399003341E+02   -1.272269630737717E+02   -1.271325649236015E+02   -1.270911684225388E+02   -1.265792378132819E+02
