    2.570152794961089E-03    1.515008531118834E+06    3.180240801048260E+06    5.451011572073063E+06    5.451011763214411E+06    8.327321588679064E+06    8.327321819278833E+06    1.180917047830621E+07    1.180917053277923E+07    1.180917068370434E+07    1.589655829662954E+07    1.589655839539730E+07    1.589655851975021E+07    2.058948506494527E+07    2.058948513503934E+07    2.058948521203954E+07    2.058948527979562E+07    2.588795075124820E+07    2.588795079248429E+07    2.588795095957705E+07    2.588795097622903E+07    3.179195534149423E+07    3.179195545473510E+07    3.179195555341022E+07    3.179195559886288E+07    3.179195568573119E+07    3.830149889768900E+07    3.830149896572953E+07    3.830149906643447E+07    3.830149913280758E+07    3.830149934203482E+07    4.541658136978450E+07    4.541658144926570E+07    4.541658160829173E+07    4.541658162894287E+07    4.541658178895613E+07    4.541658194526123E+07    5.313720276142900E+07    5.313720290078437E+07    5.313720293003238E+07    5.313720303630102E+07    5.313720313797627E+07    5.313720349496500E+07    6.146336311204466E+07    6.146336319772273E+07    6.146336332279589E+07    6.146336338241871E+07    6.146336359708937E+07    6.146336378182205E+07    6.146336399147279E+07    7.039506237781398E+07    7.039506248602992E+07    7.039506261992641E+07    7.039506268156199E+07    7.039506270664912E+07    7.039506300484470E+07    7.039506343470660E+07    7.993230057429017E+07    7.993230071187465E+07    7.993230077115691E+07    7.993230087623589E+07    7.993230100759520E+07    7.993230136060551E+07    7.993230155767757E+07    7.993230182487215E+07    9.007507772047374E+07    9.007507781890653E+07    9.007507796102233E+07    9.007507802584140E+07    9.007507816916071E+07    9.007507826884416E+07    9.007507866400464E+07    9.007507916195445E+07    1.008233937841016E+08    1.008233939105635E+08    1.008233940226649E+08    1.008233941061453E+08    1.008233941664926E+08    1.008233944794645E+08    1.008233949149894E+08    1.008233951160573E+08    1.008233954460863E+08    1.121772487843361E+08    1.121772489182013E+08    1.121772490068638E+08    1.121772491072736E+08    1.121772492741669E+08    1.121772494372229E+08    1.121772496395281E+08    1.121772501133189E+08    1.121772506772686E+08    1.241366427267820E+08    1.241366428358577E+08    1.241366429826687E+08    1.241366430662595E+08    1.241366431436494E+08    1.241366433388487E+08    1.241366437476953E+08    1.241366442590451E+08    1.241366444570901E+08    1.241366448555919E+08
    8.614201942069855E-03    1.358999458557843E+05    2.841396776624049E+05    4.862829033046655E+05    4.862835901397286E+05    7.423324066712669E+05    7.423332860201717E+05    1.052286529981284E+06    1.052286829151197E+06    1.052287592737122E+06    1.416146242572527E+06    1.416146375752469E+06    1.416147099652240E+06    1.833910482024500E+06    1.833910783821650E+06    1.833910962275517E+06    1.833911730724344E+06    2.305580388221715E+06    2.305580594306019E+06    2.305580659262785E+06    2.305581368938948E+06    2.831154831682962E+06    2.831155096759054E+06    2.831155388253242E+06    2.831155424261766E+06    2.831156167448584E+06    3.410634903406632E+06    3.410635116843669E+06    3.410635237523039E+06    3.410635292841187E+06    3.410636030922830E+06    4.044019592094918E+06    4.044019823852934E+06    4.044020141780669E+06    4.044020233846000E+06    4.044020276535300E+06    4.044020994457265E+06    4.731309841575078E+06    4.731310018743468E+06    4.731310142804161E+06    4.731310292544472E+06    4.731310354151388E+06    4.731311061944966E+06    5.472504762514573E+06    5.472504966730506E+06    5.472505240485746E+06    5.472505353088779E+06    5.472505462880271E+06    5.472505531713201E+06    5.472506219375360E+06    6.267605191580715E+06    6.267605344330457E+06    6.267605484697705E+06    6.267605587649016E+06    6.267605745149413E+06    6.267605807738847E+06    6.267606479308439E+06    7.116610342052459E+06    7.116610521605206E+06    7.116610805113658E+06    7.116610841429973E+06    7.116610947874303E+06    7.116611102619951E+06    7.116611186295655E+06    7.116611836087829E+06    8.019520952640687E+06    8.019521079399338E+06    8.019521232911878E+06    8.019521299520837E+06    8.019521425588748E+06    8.019521572510326E+06    8.019521664863077E+06    8.019522291286006E+06    8.976336330022283E+06    8.976336487800526E+06    8.976336754763419E+06    8.976336805029113E+06    8.976336869379180E+06    8.976336960034091E+06    8.976337136255953E+06    8.976337243224796E+06    8.976337845994029E+06    9.987057124250654E+06    9.987057225325676E+06    9.987057380454898E+06    9.987057468759464E+06    9.987057531760627E+06    9.987057632621028E+06    9.987057798249304E+06    9.987057921811637E+06    9.987058499199271E+06    1.105168272590570E+07    1.105168286410069E+07    1.105168310677627E+07    1.105168315447199E+07    1.105168321261349E+07    1.105168329216852E+07    1.105168338572178E+07    1.105168356213901E+07    1.105168370044084E+07    1.105168425185540E+07
    1.810871102947953E-02    3.159493591425036E+04    6.514063041030311E+04    1.108808347508444E+05    1.108822810973546E+05    1.688214148255243E+05    1.688232689811443E+05    2.389588655768259E+05    2.389595003083340E+05    2.389611193506664E+05    3.212952508254537E+05    3.212955476375087E+05    3.212970716035619E+05    4.158283075132556E+05    4.158289512283154E+05    4.158293466330721E+05    4.158309727422555E+05    5.225604676893291E+05    5.225609342825696E+05    5.225610548322866E+05    5.225625686766051E+05    6.414893122953159E+05    6.414898853563692E+05    6.414905392541761E+05    6.414905945244773E+05    6.414921870128036E+05    7.726171900844971E+05    7.726176853048996E+05    7.726179492872083E+05    7.726180177719546E+05    7.726196254404958E+05    9.159419068003346E+05    9.159424136891444E+05    9.159431451426592E+05    9.159433277552449E+05    9.159434027620031E+05    9.159449564636518E+05    1.071465525293666E+06    1.071465963538631E+06    1.071466224302811E+06    1.071466546210243E+06    1.071466634104250E+06    1.071468190921349E+06    1.239186089445488E+06    1.239186543434876E+06    1.239187190065948E+06    1.239187458480081E+06    1.239187691089415E+06    1.239187749309102E+06    1.239189297098903E+06    1.419105454102952E+06    1.419105859301999E+06    1.419106130401596E+06    1.419106416609141E+06    1.419106751100448E+06    1.419106759027932E+06    1.419108302495206E+06    1.611221858274994E+06    1.611222266785669E+06    1.611222929672212E+06    1.611223077263398E+06    1.611223302108804E+06    1.611223639407860E+06    1.611223674063574E+06    1.611225195162445E+06    1.815536974325984E+06    1.815537343956288E+06    1.815537633375373E+06    1.815537846925760E+06    1.815538137897354E+06    1.815538451722213E+06    1.815538481006581E+06    1.815539977935025E+06    2.032049211743537E+06    2.032049581744184E+06    2.032050217987296E+06    2.032050436579811E+06    2.032050516902244E+06    2.032050762349522E+06    2.032051148153075E+06    2.032051176296968E+06    2.032052653633819E+06    2.260760084657460E+06    2.260760420469334E+06    2.260760704029666E+06    2.260761034699972E+06    2.260761066628295E+06    2.260761372017031E+06    2.260761731115586E+06    2.260761764707441E+06    2.260763219796801E+06    2.501668148684884E+06    2.501668486021263E+06    2.501669082254367E+06    2.501669315053659E+06    2.501669459871005E+06    2.501669499494291E+06    2.501669833114828E+06    2.501670213583588E+06    2.501670245606635E+06    2.501671678534744E+06
    3.104638349955113E-02    1.142588318540826E+04    2.284065896688394E+04    3.839953647231403E+04    3.840201525983239E+04    5.811256824964656E+04    5.811574721907239E+04    8.197374752716041E+04    8.197483541910262E+04    8.197761236865236E+04    1.099866115137124E+05    1.099871224017627E+05    1.099897352102217E+05    1.421472807074717E+05    1.421483846642300E+05    1.421490648663199E+05    1.421518541027611E+05    1.784599256560152E+05    1.784607303944587E+05    1.784609341018535E+05    1.784635326970015E+05    2.189203963101936E+05    2.189213803332452E+05    2.189225059498077E+05    2.189225994562840E+05    2.189253331727744E+05    2.635327241990896E+05    2.635335803113992E+05    2.635340338386055E+05    2.635341437543053E+05    2.635369085221066E+05    3.122931403639921E+05    3.122940116824901E+05    3.122952745114248E+05    3.122955841815417E+05    3.122957146152405E+05    3.122983828576914E+05    3.652051903399215E+05    3.652059520321407E+05    3.652063982769662E+05    3.652069488806147E+05    3.652070979233806E+05    3.652097751161918E+05    4.222655101605443E+05    4.222662916038959E+05    4.222674104208236E+05    4.222678762623423E+05    4.222682738241750E+05    4.222683624116917E+05    4.222710306253787E+05    4.834772917353674E+05    4.834780000619737E+05    4.834784601338097E+05    4.834789620148147E+05    4.834795287880802E+05    4.834795367824244E+05    4.834821966702127E+05    5.488375023391370E+05    5.488382067545572E+05    5.488393524983211E+05    5.488396188030570E+05    5.488400036879276E+05    5.488405816187257E+05    5.488406222751975E+05    5.488432527705225E+05    6.183490245694530E+05    6.183496753799471E+05    6.183501643619305E+05    6.183505438799036E+05    6.183510464928704E+05    6.183515803453093E+05    6.183516132790128E+05    6.183542037096210E+05    6.920091142379520E+05    6.920097536202745E+05    6.920108553599047E+05    6.920112492427399E+05    6.920113787333211E+05    6.920118081482715E+05    6.920124683482737E+05    6.920124911627761E+05    6.920150544038467E+05    7.698203865446439E+05    7.698209831124723E+05    7.698214604980886E+05    7.698220477741646E+05    7.698220949418667E+05    7.698226291812090E+05    7.698232460514688E+05    7.698232674304942E+05    7.698258005837575E+05    8.517803438472381E+05    8.517809282753355E+05    8.517819635397788E+05    8.517823853779634E+05    8.517826351851422E+05    8.517826872048610E+05    8.517832787374886E+05    8.517839321767901E+05    8.517839453240539E+05    8.517864458808741E+05
    4.741814838325720E-02    5.438620378105047E+03    1.033469312117372E+04    1.700089399043519E+04    1.700467544027878E+04    2.545255742820409E+04    2.545741022684059E+04    3.568052658531804E+04    3.568218445735890E+04    3.568642280926750E+04    4.769018807511509E+04    4.769096672185174E+04    4.769495626983812E+04    6.147563193136689E+04    6.147731482247377E+04    6.147835113083290E+04    6.148261034881521E+04    7.704321402928735E+04    7.704444222833894E+04    7.704475139136509E+04    7.704871993289678E+04    9.438660810339557E+04    9.438810863471484E+04    9.438982490295451E+04    9.438996798208884E+04    9.439414261767422E+04    1.135119610450160E+05    1.135132684983829E+05    1.135139594997402E+05    1.135141254628456E+05    1.135183488655602E+05    1.344135255935792E+05    1.344148545729497E+05    1.344167819259495E+05    1.344172534878847E+05    1.344174529128325E+05    1.344215282044490E+05    1.570967090584536E+05    1.570978731428136E+05    1.570985529695007E+05    1.570993924077789E+05    1.570996195203128E+05    1.571037094115713E+05    1.815563802932502E+05    1.815575725319451E+05    1.815592802412075E+05    1.815599928307427E+05    1.815605990328465E+05    1.815607313637338E+05    1.815648091313613E+05    2.077974087487231E+05    2.077984925491278E+05    2.077991922815770E+05    2.077999602013540E+05    2.078008205626396E+05    2.078008377576653E+05    2.078048994932854E+05    2.358151670874400E+05    2.358162421633275E+05    2.358179914208566E+05    2.358183998914172E+05    2.358189881384466E+05    2.358198693996262E+05    2.358199270938260E+05    2.358239492528835E+05    2.656140543278141E+05    2.656150514118652E+05    2.656157948651272E+05    2.656163756242568E+05    2.656171446355852E+05    2.656179572460402E+05    2.656180051352340E+05    2.656219657113828E+05    2.971898819190373E+05    2.971908581160188E+05    2.971925409295179E+05    2.971931462909561E+05    2.971933407710600E+05    2.971939991661964E+05    2.971950048153901E+05    2.971950360031730E+05    2.971989563686906E+05    3.305466423060558E+05    3.305475577006968E+05    3.305482830970931E+05    3.305491820755333E+05    3.305492537261943E+05    3.305500719177193E+05    3.305510134856272E+05    3.305510366731450E+05    3.305549147147714E+05    3.656805217225777E+05    3.656814144132467E+05    3.656829964717361E+05    3.656836457374376E+05    3.656840258842623E+05    3.656841015752775E+05    3.656850098130202E+05    3.656860073731575E+05    3.656860165572512E+05    3.656898462870916E+05
    6.721265419159206E-02    3.135357115560844E+03    5.575805819983415E+03    8.889168267805167E+03    8.894515464629552E+03    1.309713345895334E+04    1.310400441295820E+04    1.818676763573253E+04    1.818910818223297E+04    1.819510679158321E+04    2.416566426571863E+04    2.416676282126540E+04    2.417241405487079E+04    3.102548741721326E+04    3.102786398150638E+04    3.102932493006034E+04    3.103535834233861E+04    3.877520780892085E+04    3.877694352919561E+04    3.877737852781173E+04    3.878300014743894E+04    4.740589297610724E+04    4.740801259438811E+04    4.741043504882157E+04    4.741063884349135E+04    4.741655203628639E+04    5.692622451611844E+04    5.692807318492846E+04    5.692904755119448E+04    5.692928228859923E+04    5.693526494763296E+04    6.732808480211050E+04    6.732996235257783E+04    6.733268538492089E+04    6.733335199139020E+04    6.733363378445363E+04    6.733940735401868E+04    7.861911197537436E+04    7.862075755708937E+04    7.862171724707932E+04    7.862290385215559E+04    7.862322495672775E+04    7.862901953376654E+04    9.079205714221456E+04    9.079374176835780E+04    9.079615328743384E+04    9.079716275187231E+04    9.079802004589397E+04    9.079820626234585E+04    9.080398391447996E+04    1.038538001996739E+05    1.038553331272036E+05    1.038563201659300E+05    1.038574055307989E+05    1.038586222634182E+05    1.038586484327097E+05    1.038644023635010E+05    1.177978027947442E+05    1.177993220577311E+05    1.178017940548547E+05    1.178023695052341E+05    1.178032046818126E+05    1.178044509656534E+05    1.178045308626294E+05    1.178102307290252E+05    1.326302811320408E+05    1.326316919511687E+05    1.326327413512362E+05    1.326335592945160E+05    1.326346505012294E+05    1.326358000023283E+05    1.326358669696163E+05    1.326414793742332E+05    1.483453160365582E+05    1.483466957309869E+05    1.483490745155349E+05    1.483499307151617E+05    1.483502028077499E+05    1.483511373729721E+05    1.483525597351996E+05    1.483526030663388E+05    1.483581588577398E+05    1.649485499150100E+05    1.649498456550754E+05    1.649508695270995E+05    1.649521374967995E+05    1.649522407542143E+05    1.649534006942974E+05    1.649547331581013E+05    1.649547627220782E+05    1.649602600199231E+05    1.824345925385212E+05    1.824358543693208E+05    1.824380910572152E+05    1.824390103919047E+05    1.824395452434049E+05    1.824396512723752E+05    1.824409396936045E+05    1.824423518919320E+05    1.824423613215174E+05    1.824477906678258E+05
    9.041620727250166E-02    2.067713392578366E+03    3.420652849858819E+03    5.246077102055111E+03    5.253239091580281E+03    7.573067024024731E+03    7.582291497113831E+03    1.038432277435689E+04    1.038745196862414E+04    1.039550087289415E+04    1.368996946417060E+04    1.369143734317110E+04    1.369902925824612E+04    1.747888302285738E+04    1.748206086566524E+04    1.748400970375263E+04    1.749211594503888E+04    2.176304674105404E+04    2.176537036863648E+04    2.176594955913238E+04    2.177350214918876E+04    2.653052029637498E+04    2.653335587778137E+04    2.653659268603760E+04    2.653686817482360E+04    2.654481261858388E+04    3.179291417578547E+04    3.179539053788957E+04    3.179669013653994E+04    3.179700588273354E+04    3.180504357953928E+04    3.753937109681498E+04    3.754188327896863E+04    3.754552679616748E+04    3.754641951211676E+04    3.754679621882753E+04    3.755455529290265E+04    4.378010838316150E+04    4.378231110356997E+04    4.378359428116776E+04    4.378518329527466E+04    4.378561356312112E+04    4.379340104738982E+04    5.050542783557680E+04    5.050768227119332E+04    5.051090579719966E+04    5.051226172155637E+04    5.051341031695813E+04    5.051365959058282E+04    5.052142397833519E+04    5.772453518472653E+04    5.772658814527286E+04    5.772790671309170E+04    5.772935883746515E+04    5.773099182940819E+04    5.773102770126292E+04    5.773876017627066E+04    6.542868091852908E+04    6.543071426288037E+04    6.543402236820546E+04    6.543478725363793E+04    6.543591354599557E+04    6.543758376631427E+04    6.543768973427657E+04    6.544535065632244E+04    7.362618406287294E+04    7.362807386243291E+04    7.362947744105312E+04    7.363056494161062E+04    7.363203451964734E+04    7.363357681757621E+04    7.363366599058644E+04    7.364120934223989E+04    8.230912270101544E+04    8.231096938444702E+04    8.231415382847226E+04    8.231529868443374E+04    8.231565872589189E+04    8.231691719267399E+04    8.231882496465581E+04    8.231888285497604E+04    8.232635027544662E+04    9.148504868042326E+04    9.148678454199730E+04    9.148815417437028E+04    9.148984399823326E+04    9.148998684840945E+04    9.149154615274246E+04    9.149333350735897E+04    9.149337185203662E+04    9.150076131249018E+04    1.011467473915189E+05    1.011484364225169E+05    1.011514308761971E+05    1.011526618784396E+05    1.011533730093172E+05    1.011535153846391E+05    1.011552476009701E+05    1.011571431572950E+05    1.011571543400151E+05    1.011644528359613E+05
    1.170127656896938E-01    1.491379465330770E+03    2.304336988095642E+03    3.387753295138644E+03    3.396953570011782E+03    4.779087178419204E+03    4.790984664099741E+03    6.456143320001561E+03    6.460157788371605E+03    6.470532425135758E+03    8.431852750417556E+03    8.433736541037375E+03    8.443536891563923E+03    1.069199371621690E+04    1.069606939909937E+04    1.069856209221903E+04    1.070902968202377E+04    1.325190911867336E+04    1.325489574146926E+04    1.325563511540404E+04    1.326538689963543E+04    1.609629369501893E+04    1.609993348381787E+04    1.610408204060921E+04    1.610443906420509E+04    1.611469919188147E+04    1.924004195231332E+04    1.924322737135024E+04    1.924488771581407E+04    1.924529630162685E+04    1.925567629613359E+04    2.266922265842936E+04    2.267244815258936E+04    2.267712768664211E+04    2.267827381324408E+04    2.267875647132306E+04    2.268878147360899E+04    2.639694900707322E+04    2.639977883428084E+04    2.640142562848510E+04    2.640346709163014E+04    2.640402056390105E+04    2.641408254695486E+04    3.041077107152560E+04    3.041366632455306E+04    3.041779973458037E+04    3.041955073965143E+04    3.042102675507438E+04    3.042134750394705E+04    3.043137902377524E+04    3.472250884669855E+04    3.472514781936617E+04    3.472683752680366E+04    3.472870240472273E+04    3.473080740849725E+04    3.473085393028882E+04    3.474084492811181E+04    3.932092666983659E+04    3.932353832094022E+04    3.932778665222717E+04    3.932875945198550E+04    3.933022187575534E+04    3.933237015973144E+04    3.933250542331313E+04    3.934240498173857E+04    4.421670846214816E+04    4.421913807589634E+04    4.422093977078488E+04    4.422232346904343E+04    4.422422776724055E+04    4.422621509654110E+04    4.422632912392200E+04    4.423607703864263E+04    4.939967964766458E+04    4.940205173559583E+04    4.940614308774956E+04    4.940761100032795E+04    4.940806671959467E+04    4.940969697304390E+04    4.941215447610347E+04    4.941222901291143E+04    4.942187896809401E+04    5.487954002339738E+04    5.488177179756716E+04    5.488353037894790E+04    5.488568745922495E+04    5.488587931741217E+04    5.488789467751530E+04    5.489019697233044E+04    5.489024584596486E+04    5.489979545501637E+04    6.064702256259604E+04    6.064919226398072E+04    6.065303978384148E+04    6.065462103100023E+04    6.065552589412170E+04    6.065571091686036E+04    6.065794927855286E+04    6.066039340731605E+04    6.066040704993367E+04    6.066983964323151E+04
    1.469839456590210E-01    1.135968361683292E+03    1.657180381871209E+03    2.336407481897035E+03    2.347825640015036E+03    3.220396714185027E+03    3.235259537825452E+03    4.281619101778063E+03    4.286603971530339E+03    4.299556515413442E+03    5.536012958284121E+03    5.538357725705473E+03    5.550614136633578E+03    6.966026979305775E+03    6.971081187435743E+03    6.974164790334135E+03    6.987264840199270E+03    8.590635040235682E+03    8.594353100913750E+03    8.595266532360369E+03    8.607468884620062E+03    1.039087531908000E+04    1.039539559004115E+04    1.040053915841493E+04    1.040098429318320E+04    1.041383155539445E+04    1.238522526042180E+04    1.238919467555429E+04    1.239124194072670E+04    1.239175440017930E+04    1.240475043404134E+04    1.455639482681421E+04    1.456040210347700E+04    1.456622161271435E+04    1.456764167666400E+04    1.456823896985212E+04    1.458079959724290E+04    1.692066558946811E+04    1.692418483004615E+04    1.692623128382642E+04    1.692876675293700E+04    1.692945575659892E+04    1.694206339790382E+04    1.946257402798548E+04    1.946617222716849E+04    1.947129967197046E+04    1.947349332321188E+04    1.947532571277240E+04    1.947572539315625E+04    1.948829449734625E+04    2.219680536738998E+04    2.220008947412692E+04    2.220218393848436E+04    2.220450375867989E+04    2.220712922743840E+04    2.220718722538771E+04    2.221970719261944E+04    2.510939772383393E+04    2.511264405213153E+04    2.511792398110659E+04    2.511911827083409E+04    2.512096271852497E+04    2.512363531623970E+04    2.512380259064591E+04    2.513620935577934E+04    2.821362928332853E+04    2.821665327369688E+04    2.821889128450795E+04    2.822059058610867E+04    2.822298585069532E+04    2.822546415146993E+04    2.822560519365894E+04    2.823782284427200E+04    3.149685371521507E+04    3.149980257278801E+04    3.150489035613931E+04    3.150671103087295E+04    3.150726710654561E+04    3.150931694973102E+04    3.151238136965482E+04    3.151247438139923E+04    3.152456959235078E+04    3.497112813665465E+04    3.497390583100560E+04    3.497609110535172E+04    3.497875109989837E+04    3.497900290679717E+04    3.498152960371441E+04    3.498440040290126E+04    3.498446127440019E+04    3.499643118753344E+04    3.862493272614166E+04    3.862763017015857E+04    3.863241511332972E+04    3.863438079004864E+04    3.863549139771163E+04    3.863572631164621E+04    3.863853086808842E+04    3.864158277333875E+04    3.864159934707666E+04    3.865342349299087E+04
    1.803090325774841E-01    8.899584639963559E+02    1.243179253573036E+03    1.686310408684622E+03    1.700054285709020E+03    2.276173591835973E+03    2.294248441657472E+03    2.979605743663841E+03    2.985634151292212E+03    3.001380212903643E+03    3.815654014574455E+03    3.818506652996492E+03    3.833432407194743E+03    4.763314447966697E+03    4.769406358127475E+03    4.773117820431127E+03    4.789092670647337E+03    5.845355566655056E+03    5.849865583458409E+03    5.850967082762817E+03    5.865842701504846E+03    7.038959106958401E+03    7.044420549583669E+03    7.050625064539393E+03    7.051157906691358E+03    7.066843915145770E+03    8.366407371924510E+03    8.371228544261059E+03    8.373675796474243E+03    8.374301489283822E+03    8.390166664334352E+03    9.806832750437583E+03    9.811677035396617E+03    9.818727518214189E+03    9.820430568920196E+03    9.821147643058224E+03    9.836497245432036E+03    1.137989965045628E+04    1.138416115585308E+04    1.138663917426008E+04    1.138969683223549E+04    1.139053119924258E+04    1.140593987566731E+04    1.306692214915276E+04    1.307127391466262E+04    1.307746271392967E+04    1.308014576188877E+04    1.308235156352675E+04    1.308283626349719E+04    1.309819882383560E+04    1.488565280967960E+04    1.488963247606100E+04    1.489215799991076E+04    1.489497145324305E+04    1.489815326624293E+04    1.489822309821654E+04    1.491352867465053E+04    1.681920887917300E+04    1.682313608850280E+04    1.682952261981335E+04    1.683094681796334E+04    1.683321989136753E+04    1.683645059402486E+04    1.683665216223625E+04    1.685182152266819E+04    1.888364971203556E+04    1.888731458687369E+04    1.889001976442703E+04    1.889204600554081E+04    1.889498790691262E+04    1.889799264816282E+04    1.889816230239871E+04    1.891310271853893E+04    2.106367809666644E+04    2.106724596617601E+04    2.107340455569885E+04    2.107560207953432E+04    2.107625984808362E+04    2.107877671208414E+04    2.108249392845537E+04    2.108260688651209E+04    2.109739835580327E+04    2.337388008079967E+04    2.337724620720272E+04    2.337988895289839E+04    2.338307613009773E+04    2.338339995506661E+04    2.338649145036591E+04    2.338997412495719E+04    2.339004827752346E+04    2.340468744451193E+04    2.580031850141070E+04    2.580358247740612E+04    2.580937504413311E+04    2.581175378950268E+04    2.581307558191874E+04    2.581336910936900E+04    2.581679658605700E+04    2.582050576567923E+04    2.582052572971433E+04    2.583498812404525E+04
    2.169649946471690E-01    7.028599158289494E+02    9.546045246734991E+02    1.251751730746062E+03    1.267816904039285E+03    1.661754690944262E+03    1.683212141006757E+03    2.145725516087707E+03    2.152862122952696E+03    2.171559843140910E+03    2.725791717007899E+03    2.729207103570993E+03    2.746959122305775E+03    3.377518505051420E+03    3.384679838389605E+03    3.389044947618102E+03    3.408090902425558E+03    4.127485516441295E+03    4.132837950106522E+03    4.134149520844174E+03    4.151872465590303E+03    4.948942316819987E+03    4.955386403726826E+03    4.962697534023671E+03    4.963304964092444E+03    4.982051452555104E+03    5.868096193623416E+03    5.873829777550039E+03    5.876672441287655E+03    5.877417509166967E+03    5.896374030312597E+03    6.860367939205491E+03    6.866088190360552E+03    6.874447543453913E+03    6.876424647604046E+03    6.877261209822155E+03    6.895628794898801E+03    7.948946538108690E+03    7.953992310564110E+03    7.956930482527607E+03    7.960518058713651E+03    7.961504117075809E+03    7.979945885173120E+03    9.111780890840324E+03    9.116922719337692E+03    9.124220863892848E+03    9.127439975476686E+03    9.130017320990906E+03    9.130591214553990E+03    9.148982203535450E+03    1.036983249264743E+04    1.037454782422922E+04    1.037752233376569E+04    1.038086596958269E+04    1.038461950683264E+04    1.038470052098197E+04    1.040302879959523E+04    1.170315912178370E+04    1.170780096242297E+04    1.171534916856217E+04    1.171700715997670E+04    1.171975579768697E+04    1.172355937853740E+04    1.172379721106147E+04    1.174196583550341E+04    1.313073593759232E+04    1.313507851821162E+04    1.313827271708145E+04    1.314062920251746E+04    1.314417217441742E+04    1.314772214736750E+04    1.314792137387144E+04    1.316582061338127E+04    1.463448481852028E+04    1.463870277436791E+04    1.464598799871413E+04    1.464858037832290E+04    1.464933778763532E+04    1.465236838235752E+04    1.465676697904959E+04    1.465690082296512E+04    1.467462328421529E+04    1.623164602227821E+04    1.623563400295551E+04    1.623875648185612E+04    1.624248294774735E+04    1.624289093224897E+04    1.624659860225268E+04    1.625072106508325E+04    1.625080959672324E+04    1.626835153283614E+04    1.790574442803159E+04    1.790960358484746E+04    1.791645664205419E+04    1.791927064029382E+04    1.792080181299595E+04    1.792116430006919E+04    1.792526723103794E+04    1.792966817134913E+04    1.792969213362448E+04    1.794702466233854E+04
    2.569264984759032E-01    5.501819703306728E+02    7.384401568109347E+02    9.410236147940986E+02    9.592373745897071E+02    1.236129539560502E+03    1.261013270353996E+03    1.579375102830549E+03    1.587688113549560E+03    1.609404764271431E+03    1.995780159970021E+03    1.999831004522380E+03    2.020476181043997E+03    2.457683146806462E+03    2.465913110396757E+03    2.470944512462102E+03    2.493185852649526E+03    2.995297668466588E+03    3.001527291800470E+03    3.003100699285770E+03    3.023761477010940E+03    3.578029092971314E+03    3.585474802846829E+03    3.593915143124760E+03    3.594563357963382E+03    3.616547137011898E+03    4.235998289450529E+03    4.242698805714765E+03    4.245909961069824E+03    4.246774822807577E+03    4.268998876419015E+03    4.940885911389246E+03    4.947502107657820E+03    4.957236008288903E+03    4.959453016225882E+03    4.960399634258039E+03    4.981978474078780E+03    5.719459603398328E+03    5.725320067385588E+03    5.728745771272082E+03    5.732840581021501E+03    5.733979832186793E+03    5.755652764186317E+03    6.546239086124257E+03    6.552190998954675E+03    6.560625503556726E+03    6.564428812776608E+03    6.567347040002059E+03    6.568011787802860E+03    6.589636460251964E+03    7.445464750470796E+03    7.450944341924362E+03    7.454376762070571E+03    7.458287722774096E+03    7.462596568301742E+03    7.462686265808254E+03    7.484247016314905E+03    8.394062293569945E+03    8.399438010682414E+03    8.408179738391060E+03    8.410072555137718E+03    8.413343652821763E+03    8.417706701053407E+03    8.417982637347755E+03    8.439361035569698E+03    9.413995997344984E+03    9.419042115943010E+03    9.422736620000036E+03    9.425419667226583E+03    9.429616251356285E+03    9.433704727697508E+03    9.433933793962276E+03    9.455004546881457E+03    1.048433425113891E+04    1.048922036277645E+04    1.049766635711469E+04    1.050066569714388E+04    1.050151751028415E+04    1.050510756930487E+04    1.051019050252244E+04    1.051034540192272E+04    1.053121135978716E+04    1.162504266604619E+04    1.162967549973378E+04    1.163328999824718E+04    1.163755599794057E+04    1.163805850603036E+04    1.164243172207156E+04    1.164719912436667E+04    1.164730291342215E+04    1.166796026073035E+04    1.281703883067292E+04    1.282151000284671E+04    1.282945617024309E+04    1.283272061455199E+04    1.283445212421938E+04    1.283489492485406E+04    1.283972127122163E+04    1.284482607251235E+04    1.284485495539883E+04    1.286526953609523E+04
    3.001659264280585E-01    4.194348569025460E+02    5.669436228067295E+02    7.060530083697688E+02    7.260022650334865E+02    9.250028008112874E+02    9.531458853452311E+02    1.174622557194498E+03    1.184211884137003E+03    1.208871032808928E+03    1.482458792597126E+03    1.487250511002862E+03    1.510714168096953E+03    1.818037891423493E+03    1.827301723734365E+03    1.832993750829780E+03    1.858443355841290E+03    2.214786762559278E+03    2.221899208718322E+03    2.223865702474568E+03    2.247410077958612E+03    2.638565924980725E+03    2.647007328952034E+03    2.656572969933287E+03    2.657198163533341E+03    2.682527438979124E+03    3.123230309996680E+03    3.130947265633193E+03    3.134475256158633E+03    3.135450617986746E+03    3.161049071475389E+03    3.636821073288824E+03    3.644332190934861E+03    3.655493915082987E+03    3.657888442841082E+03    3.658917902604183E+03    3.683849006332849E+03    4.209635849254627E+03    4.216330036878136E+03    4.220273450876221E+03    4.224808776486490E+03    4.226096054532538E+03    4.251148872996001E+03    4.812791900845658E+03    4.819555658344866E+03    4.829131763581498E+03    4.833571862872216E+03    4.836757995823342E+03    4.837512370459194E+03    4.862533419241367E+03    5.473797073775198E+03    5.480057517634593E+03    5.483947731193858E+03    5.488468330400528E+03    5.493268648932683E+03    5.493361563981737E+03    5.518326374080746E+03    6.166446743924093E+03    6.172559511791154E+03    6.182500530576685E+03    6.184629152057206E+03    6.188469753918957E+03    6.193338042583220E+03    6.193654016074363E+03    6.218416325766819E+03    6.915698892006036E+03    6.921462652914292E+03    6.925656775539427E+03    6.928657692766721E+03    6.933558401918109E+03    6.938140885891854E+03    6.938399329862667E+03    6.962822233773936E+03    7.697760010271488E+03    7.703317924388022E+03    7.712934465958506E+03    7.716347916077266E+03    7.717286166453741E+03    7.721480665838115E+03    7.727213873563627E+03    7.727388928552382E+03    7.751580660753099E+03    8.535331846740730E+03    8.540621227142959E+03    8.544728804673357E+03    8.549524132399010E+03    8.550127064851231E+03    8.555214023579072E+03    8.560598772594236E+03    8.560718445278317E+03    8.584675774674139E+03    9.406712484650890E+03    9.411799384005752E+03    9.420848632505964E+03    9.424571721291983E+03    9.426487983110461E+03    9.427021904805097E+03    9.432615591392534E+03    9.438403950491764E+03    9.438439171832433E+03    9.462121023067341E+03
    3.466533956278584E-01    3.040294838141626E+02    4.247773277828207E+02    5.204115409402123E+02    5.413631760172661E+02    6.872121334265096E+02    7.181075970483471E+02    8.725789843939413E+02    8.836288212470220E+02    9.109328677423143E+02    1.106058221034222E+03    1.111751085278505E+03    1.137737786641223E+03    1.354989010437364E+03    1.365225935840260E+03    1.371542429949210E+03    1.400041209673573E+03    1.655303744245002E+03    1.663254619770129E+03    1.665910783557399E+03    1.692041531198007E+03    1.969883660413260E+03    1.979289175618228E+03    1.989941166950709E+03    1.990447398791651E+03    2.019119791360717E+03    2.335923928088966E+03    2.344699585043186E+03    2.348475834835177E+03    2.349536468164466E+03    2.378508507254359E+03    2.718085112466108E+03    2.726468245256360E+03    2.739089331056068E+03    2.741589243667614E+03    2.742633663207831E+03    2.770980950920053E+03    3.150027091018340E+03    3.157563858780469E+03    3.162065072963620E+03    3.166912052821574E+03    3.168332755442355E+03    3.196841975009740E+03    3.599593439245924E+03    3.607151664182547E+03    3.617852430217258E+03    3.622991776033294E+03    3.626312749481270E+03    3.627153422003300E+03    3.655670982951745E+03    4.097458665236796E+03    4.104505054479558E+03    4.108844609059187E+03    4.114029529341972E+03    4.119188680660446E+03    4.119275354236555E+03    4.147761658984470E+03    4.614370081977266E+03    4.621206196459812E+03    4.632323837048393E+03    4.634693012578823E+03    4.639152322275310E+03    4.644413481741660E+03    4.644771739785609E+03    4.673041185588452E+03    5.178210223723386E+03    5.184694111194839E+03    5.189374079979374E+03    5.192681693488587E+03    5.198336446756154E+03    5.203313990575396E+03    5.203600593585665E+03    5.231511967132147E+03    5.762383708808421E+03    5.768601874809179E+03    5.779372389461093E+03    5.783203802820334E+03    5.784218737612704E+03    5.789063283170703E+03    5.795360180028443E+03    5.795553064207967E+03    5.823211472584424E+03    6.392275015389042E+03    6.398221130710014E+03    6.402810682717887E+03    6.408116995566151E+03    6.408818329649061E+03    6.414668398416743E+03    6.420596585922828E+03    6.420732539308966E+03    6.448136415761624E+03    7.043611161953937E+03    7.049303623519465E+03    7.059441625375535E+03    7.063625242185167E+03    7.065705257378111E+03    7.066338256063892E+03    7.072741198833894E+03    7.079146949733206E+03    7.079190622174404E+03    7.106289144801399E+03
    3.963567785648463E-01    2.004148140113458E+02    3.030099283673967E+02    3.689763586117756E+02    3.898257933745195E+02    4.989715980896177E+02    5.316079010948624E+02    6.390417585555747E+02    6.518866061454200E+02    6.812301636268676E+02    8.201326910425212E+02    8.269742564322853E+02    8.548486382264484E+02    1.008174653046498E+03    1.019326597780263E+03    1.026177133236677E+03    1.057300604544673E+03    1.240595454546165E+03    1.249278402945725E+03    1.253186464601617E+03    1.281230345690250E+03    1.478180667329928E+03    1.488495618078526E+03    1.500097513543692E+03    1.500459755928541E+03    1.532244320798936E+03    1.760801258660470E+03    1.770653571319926E+03    1.774630411547725E+03    1.775730653325779E+03    1.807897441171596E+03    2.050193026153800E+03    2.059404245904926E+03    2.073450280426111E+03    2.076066005722848E+03    2.076954520518889E+03    2.108665108875355E+03    2.383070298396933E+03    2.391450282957359E+03    2.396572071092934E+03    2.401516314992976E+03    2.403042035197335E+03    2.434976601881828E+03    2.724246285857208E+03    2.732562862126305E+03    2.744347958524367E+03    2.750267321710807E+03    2.753508411644896E+03    2.754435240783855E+03    2.786452716292196E+03    3.107365428788270E+03    3.115193115974740E+03    3.119967105999997E+03    3.125894481092168E+03    3.131180904200291E+03    3.131249538850095E+03    3.163294960095414E+03    3.500293509154443E+03    3.507822609127707E+03    3.520063703385057E+03    3.522686563460598E+03    3.527822087341164E+03    3.533281820347023E+03    3.533685039343182E+03    3.565512282310863E+03    3.933692663872982E+03    3.940888825979026E+03    3.946027130514940E+03    3.949630044062294E+03    3.956093078751686E+03    3.961289744013743E+03    3.961602505139324E+03    3.993076150173824E+03    4.378295301258452E+03    4.385147055016979E+03    4.397027374623484E+03    4.401279192556103E+03    4.402361744951980E+03    4.407906173029881E+03    4.414606390419982E+03    4.414812964270160E+03    4.446021278447257E+03    4.862050245692073E+03    4.868642524352927E+03    4.873690264483791E+03    4.879483818753528E+03    4.880269522471371E+03    4.886938492708526E+03    4.893271381558318E+03    4.893423960600095E+03    4.924368505818072E+03    5.358223131360200E+03    5.364497090425433E+03    5.375684512141090E+03    5.380325690394663E+03    5.382544176477990E+03    5.383278805466064E+03    5.390535360385503E+03    5.397428375897574E+03    5.397483541068471E+03    5.428099338486802E+03
    4.492417252699186E-01    1.066379004836660E+02    1.962603883671823E+02    2.426989986496742E+02    2.620474045023224E+02    3.460096609751035E+02    3.787724902698490E+02    4.533480076631864E+02    4.684598991580375E+02    4.989215156980014E+02    5.965819615790460E+02    6.049486131599458E+02    6.335740008373616E+02    7.410471699542086E+02    7.531246936697084E+02    7.603302343355674E+02    7.932522154594408E+02    9.244088667005944E+02    9.336715063433544E+02    9.397365558847841E+02    9.684922781952944E+02    1.106570174601975E+03    1.117726631331857E+03    1.129786888329568E+03    1.130543730934492E+03    1.164633049070113E+03    1.329088366900530E+03    1.339952764342265E+03    1.344186635828425E+03    1.345321325510929E+03    1.380165341812400E+03    1.551479106551245E+03    1.561457055124570E+03    1.576704304665363E+03    1.579753241838703E+03    1.580130699670905E+03    1.614938281889982E+03    1.813030668677310E+03    1.822247482418978E+03    1.828098921259197E+03    1.832811896362355E+03    1.834393791825175E+03    1.869558289735030E+03    2.075902525923733E+03    2.084924662032993E+03    2.097725958111389E+03    2.104531315155475E+03    2.107377065558656E+03    2.108416154771871E+03    2.143773261768464E+03    2.376408547582214E+03    2.385006158145738E+03    2.390197792439086E+03    2.396985662414206E+03    2.402017767219808E+03    2.402079427847152E+03    2.437590234862763E+03    2.679786598586923E+03    2.687963156213727E+03    2.701241650326156E+03    2.704144845657832E+03    2.710036457281444E+03    2.715386021744499E+03    2.715837055213713E+03    2.751166598710803E+03    3.019258006132902E+03    3.027151062734870E+03    3.032706707309701E+03    3.036593846518455E+03    3.043935183544434E+03    3.049067855176521E+03    3.049403990017600E+03    3.084422843344857E+03    3.363080478456040E+03    3.370525162442045E+03    3.383442891543618E+03    3.388116874424769E+03    3.389265712944225E+03    3.395571131917546E+03    3.402410941580259E+03    3.402624954462006E+03    3.437383770368275E+03    3.741586299985849E+03    3.748805406257438E+03    3.754274907805240E+03    3.760528922947849E+03    3.761368439416519E+03    3.768929089386321E+03    3.775437646412485E+03    3.775607651007574E+03    3.810112478611634E+03    4.125747941173279E+03    4.132566282590419E+03    4.144739105926382E+03    4.149832254554600E+03    4.152160470547330E+03    4.152991742497955E+03    4.161157207187766E+03    4.168318838690642E+03    4.168389761266461E+03    4.202555199951889E+03
    5.052716870379399E-01    2.158545527558852E+01    1.014103345321606E+02    1.357017867002220E+02    1.522313883367119E+02    2.194144710289318E+02    2.503128654218148E+02    3.025486693027234E+02    3.202244622445984E+02    3.508236706257828E+02    4.178057114658368E+02    4.282263208945770E+02    4.558218486544135E+02    5.306645341374413E+02    5.438458311723205E+02    5.511266341725061E+02    5.844647531498140E+02    6.777016734850772E+02    6.873847536451201E+02    6.968608225997793E+02    7.244870279557410E+02    8.193699123358695E+02    8.313129763087832E+02    8.432008272333801E+02    8.450052319036738E+02    8.800975489745324E+02    9.975884586482941E+02    1.009210674165565E+03    1.013858166898640E+03    1.015493552310614E+03    1.051741005936310E+03    1.170664366615602E+03    1.181338815529069E+03    1.197250381625389E+03    1.200560088953134E+03    1.201860365035235E+03    1.238124067547383E+03    1.379752899050802E+03    1.389788751057456E+03    1.396566894080436E+03    1.400578025249155E+03    1.402140093769306E+03    1.440080043509172E+03    1.584904660413400E+03    1.594567133578378E+03    1.608276584133730E+03    1.616067326684160E+03    1.618121818652393E+03    1.619424537010867E+03    1.657635443097998E+03    1.824682908068665E+03    1.834035503969938E+03    1.839638239027364E+03    1.847465248081598E+03    1.851642642426002E+03    1.851775685184369E+03    1.890441586471034E+03    2.062044582995507E+03    2.070810854516665E+03    2.085003628486357E+03    2.088232923685925E+03    2.095009869980007E+03    2.099783377851832E+03    2.100283722293574E+03    2.138900508023077E+03    2.332474655280029E+03    2.341046231056880E+03    2.346967181706088E+03    2.351124108336289E+03    2.359451497478384E+03    2.364090977408225E+03    2.364447094853207E+03    2.402857286123917E+03    2.602018105817428E+03    2.610003337450069E+03    2.623857241717480E+03    2.628951028850525E+03    2.630191300227009E+03    2.637341347663350E+03    2.643912004203491E+03    2.644125300266316E+03    2.682312995265689E+03    2.903152338473393E+03    2.910973743812883E+03    2.916816858110615E+03    2.923502265007204E+03    2.924343801141450E+03    2.932905550650640E+03    2.939235274270090E+03    2.939425068102599E+03    2.977400284730944E+03    3.204777767032281E+03    3.212092126291053E+03    3.225162871968641E+03    3.230702425196370E+03    3.233109017402423E+03    3.234023397236319E+03    3.243179180367588E+03    3.250268595779047E+03    3.250361122993994E+03    3.288010023325111E+03
    5.644079416760377E-01   -5.540510714334846E+01    1.694731565311474E+01    4.364569658498556E+01    5.678296729132433E+01    1.133175852115564E+02    1.407000940781894E+02    1.782573658786072E+02    1.979623102487944E+02    2.281843396256907E+02    2.724227491959550E+02    2.854801494759433E+02    3.097421936352778E+02    3.620791039076298E+02    3.767253733673959E+02    3.838102314895312E+02    4.156193210211263E+02    4.816449112521672E+02    4.916339963540751E+02    5.058608142840213E+02    5.300749227736349E+02    5.934764489975455E+02    6.062210284994592E+02    6.172303811136021E+02    6.207280118751114E+02    6.549435565423482E+02    7.383049331176683E+02    7.502132036148907E+02    7.554777387459171E+02    7.588710118734496E+02    7.941510321757444E+02    8.745666423207349E+02    8.858777925996071E+02    9.016775541019792E+02    9.051821137871702E+02    9.092176112190800E+02    9.445238067120531E+02    1.044277142280148E+03    1.055080894084707E+03    1.063112438085884E+03    1.065826526624713E+03    1.067292282160208E+03    1.107116151381832E+03    1.206154460728373E+03    1.216387157354455E+03    1.230828496100795E+03    1.239464063001712E+03    1.240468915553257E+03    1.242687165043549E+03    1.282487779174251E+03    1.400435577325458E+03    1.410523256766784E+03    1.416574084451890E+03    1.425676905965348E+03    1.428198606978493E+03    1.428475462758631E+03    1.469696764517553E+03    1.588256576665968E+03    1.597547213556931E+03    1.612485064503743E+03    1.616111726233558E+03    1.623993634513041E+03    1.627524073987593E+03    1.628066468214084E+03    1.669511679679346E+03    1.806989408503511E+03    1.816223761557667E+03    1.822455441653243E+03    1.826851847554951E+03    1.836342366584074E+03    1.839873695344404E+03    1.840247206065999E+03    1.881680711845233E+03    2.020791936710255E+03    2.029257056801079E+03    2.043914985522418E+03    2.049410296352412E+03    2.050835404542248E+03    2.058951427681567E+03    2.064641071964254E+03    2.064845647536496E+03    2.106154902571116E+03    2.263996052089773E+03    2.272395413426120E+03    2.278555007221527E+03    2.285637371833780E+03    2.286403583326547E+03    2.296145960821214E+03    2.301769380875618E+03    2.301984922220205E+03    2.343174884389189E+03    2.503697077685088E+03    2.511450590159693E+03    2.525309895314403E+03    2.531292119810565E+03    2.533746121060314E+03    2.534722573547359E+03    2.545001195616017E+03    2.551509475856318E+03    2.551631437237271E+03    2.592550885576577E+03
    6.266096202576552E-01   -1.247309933423925E+02   -5.780898762180800E+01   -3.678398688183921E+01   -2.646173446568321E+01    2.360387265977886E+01    4.684363414915731E+01    7.485870659183342E+01    9.492700120436621E+01    1.248963328164845E+02    1.528637604890060E+02    1.687876586020191E+02    1.876889198900984E+02    2.252054480217884E+02    2.415908256578438E+02    2.483866910429974E+02    2.767397172979445E+02    3.236534667960760E+02    3.339394724101659E+02    3.533779259974392E+02    3.726617495614704E+02    4.134147386100580E+02    4.271202753721152E+02    4.364692122611684E+02    4.423959861408737E+02    4.732556594135496E+02    5.325297296839624E+02    5.442027096572003E+02    5.504680992086735E+02    5.568994637340845E+02    5.881957407436664E+02    6.410977101214196E+02    6.530392876493916E+02    6.678033635268562E+02    6.717093378875461E+02    6.799841116681157E+02    7.114672683632523E+02    7.806455199295629E+02    7.920743894317770E+02    8.015343899595180E+02    8.026032139139943E+02    8.043738631127035E+02    8.441483657757608E+02    9.096497522895197E+02    9.203917756836677E+02    9.352604698725622E+02    9.440865238453973E+02    9.442144990458100E+02    9.489323275386216E+02    9.877420683371729E+02    1.069220570361562E+03    1.079999132496633E+03    1.086662032823923E+03    1.096588848851777E+03    1.097383161769914E+03    1.098160890964970E+03    1.140397335422142E+03    1.219295780891180E+03    1.229044624542765E+03    1.244492784847615E+03    1.248620970252260E+03    1.257900017908921E+03    1.259421366328530E+03    1.259916420384294E+03    1.303361085804479E+03    1.398651644771982E+03    1.408538574235883E+03    1.415049486393958E+03    1.419609272846211E+03    1.430473154237120E+03    1.432164206013317E+03    1.432583734899446E+03    1.476288142034212E+03    1.569959065986906E+03    1.578839770327115E+03    1.594131903636503E+03    1.599976777776958E+03    1.601814928571107E+03    1.611075288669711E+03    1.614994938105239E+03    1.615190590680530E+03    1.659029795491844E+03    1.769060966333232E+03    1.778020928199552E+03    1.784438355427007E+03    1.791865437827707E+03    1.792453581490633E+03    1.803673545909483E+03    1.807833000426198E+03    1.808087358383116E+03    1.851982339873052E+03    1.961555925171282E+03    1.969686836277637E+03    1.984203973438423E+03    1.990623689679976E+03    1.993106561675853E+03    1.994122095898879E+03    2.005741601256309E+03    2.010932961800424E+03    2.011094659680186E+03    2.054849418330365E+03
    6.918337353624580E-01   -1.866301865290035E+02   -1.235035610075120E+02   -1.077008211548941E+02   -9.889259766557825E+01   -5.270773834830209E+01   -3.331804052616798E+01   -1.162650449286156E+01    6.756499817784629E+00    3.664044021718348E+01    5.397796830431514E+01    7.198114746075339E+01    8.504828071480927E+01    1.130975178717320E+02    1.310792553958429E+02    1.373203038432072E+02    1.616492723146133E+02    1.950604318038098E+02    2.057796734227700E+02    2.283225145490075E+02    2.445395226736447E+02    2.684067613903496E+02    2.833211875657155E+02    2.904906877925566E+02    2.993660500944454E+02    3.244403417189253E+02    3.673743486668681E+02    3.784437058359980E+02    3.861646505991532E+02    3.961212745222227E+02    4.208013707302470E+02    4.551100290640213E+02    4.678082342156523E+02    4.804881975813902E+02    4.850417272394563E+02    4.988111773940457E+02    5.234650031190799E+02    5.710706400340296E+02    5.827990586585470E+02    5.924053903457793E+02    5.933600277705013E+02    5.973929955859705E+02    6.328977463840226E+02    6.749131978376931E+02    6.861428091733424E+02    7.008923883918214E+02    7.087452429124689E+02    7.094686091697497E+02    7.176881162402760E+02    7.522778450073013E+02    8.075109810176627E+02    8.188542982822551E+02    8.265728187040031E+02    8.344462942883122E+02    8.354295332759075E+02    8.398959010064416E+02    8.784458479950497E+02    9.284786040379865E+02    9.386295967197541E+02    9.542493953485848E+02    9.590194827281889E+02    9.681661657387297E+02    9.689893382382811E+02    9.707208614680962E+02    1.013139465120837E+03    1.077346345698043E+03    1.087868204149341E+03    1.094719829812151E+03    1.099260472740981E+03    1.110270217806790E+03    1.110796787256724E+03    1.112770058399989E+03    1.155997814170989E+03    1.215811938076502E+03    1.225046318433978E+03    1.240747851409154E+03    1.246851411904281E+03    1.249530498358962E+03    1.260169223029811E+03    1.261119234279246E+03    1.261317770400992E+03    1.306678615528515E+03    1.380815193264772E+03    1.390330690363025E+03    1.396966698529425E+03    1.404613595134425E+03    1.404953181328116E+03    1.418071944063680E+03    1.419749330311689E+03    1.420078278979994E+03    1.465779267026053E+03    1.536814002309905E+03    1.545260028535957E+03    1.560279264623066E+03    1.567109555016382E+03    1.569650370173062E+03    1.570704688131837E+03    1.583985825440222E+03    1.586845186942352E+03    1.587061327339059E+03    1.632882225487953E+03
    7.600352107817727E-01   -2.412792906773844E+02   -1.809967390092585E+02   -1.700498386185859E+02   -1.616661573180647E+02   -1.177497623462748E+02   -1.016615406910481E+02   -8.432307315762023E+01   -6.886755493302502E+01   -3.943106830968594E+01   -2.786605668990757E+01   -9.834744466429925E+00   -1.087201411583635E+00    2.089261518827482E+01    3.971151972398161E+01    4.485392591405378E+01    6.635016865174600E+01    8.972475823294428E+01    1.010714654262238E+02    1.225384350371863E+02    1.401552502706985E+02    1.507168253060489E+02    1.666601955003463E+02    1.722497273233095E+02    1.836674287777108E+02    2.017696275404057E+02    2.337004844165144E+02    2.440774675952326E+02    2.536220682384953E+02    2.658907984010199E+02    2.834777217494197E+02    3.058280912591902E+02    3.195761190667386E+02    3.291803758690171E+02    3.346732250724808E+02    3.538325316782960E+02    3.703995351354221E+02    4.030053847779625E+02    4.144994075125273E+02    4.233360163377625E+02    4.263016287486586E+02    4.330494018169931E+02    4.607923340509420E+02    4.875943871532883E+02    4.993926225477716E+02    5.130781470903480E+02    5.197219716334089E+02    5.216665222651279E+02    5.338588274215153E+02    5.613831197539535E+02    5.988170076742315E+02    6.104372518946498E+02    6.199440645727404E+02    6.244296593858455E+02    6.258946674511737E+02    6.357393888012052E+02    6.669776936236922E+02    6.971762757853633E+02    7.077048768692250E+02    7.229892422619721E+02    7.285417649018423E+02    7.358897387642310E+02    7.366769730096883E+02    7.428779728878490E+02    7.796297919682690E+02    8.220393591641018E+02    8.331145043248189E+02    8.406074540960062E+02    8.447562477329066E+02    8.539424906558784E+02    8.544290441777823E+02    8.607633135698347E+02    8.992025068919841E+02    9.348430131108441E+02    9.443802837213625E+02    9.601756388401586E+02    9.664243088047899E+02    9.706213268025360E+02    9.792930016232592E+02    9.796213915474302E+02    9.829373034554869E+02    1.024983826480753E+03    1.073085588710415E+03    1.083156547974313E+03    1.090048365637507E+03    1.097412104278232E+03    1.097975880152861E+03    1.111216312099160E+03    1.111526311937573E+03    1.113441721960531E+03    1.157797257431627E+03    1.200520277440453E+03    1.209223813310319E+03    1.224550724788971E+03    1.231689613547000E+03    1.234412048409242E+03    1.235652186389492E+03    1.250072867186174E+03    1.250333114852384E+03    1.251131814764356E+03    1.297118330113743E+03
    8.311669126684924E-01   -2.888798590480728E+02   -2.311799369812996E+02   -2.242287742877193E+02   -2.157721710815624E+02   -1.730967496385336E+02   -1.599183641759060E+02   -1.458950375676898E+02   -1.332080215124188E+02   -1.048313361943323E+02   -9.550417855313987E+01   -8.004332913516168E+01   -7.310244754033829E+01   -5.500343380888995E+01   -3.711546003127654E+01   -3.218832456318381E+01   -1.256553962491762E+01    3.202576937219135E+00    1.512587733882731E+01    3.311479237676144E+01    5.314070186839479E+01    5.477817023189095E+01    7.075831475254051E+01    7.619736967008669E+01    8.914267796532511E+01    1.008389481435552E+02    1.248672081652015E+02    1.347711635545260E+02    1.462195847535747E+02    1.578046561141365E+02    1.711085901647981E+02    1.852917607221789E+02    2.001679451386451E+02    2.064935292146416E+02    2.130551740903330E+02    2.344993062050551E+02    2.467596468261364E+02    2.673406101919717E+02    2.780589344066691E+02    2.863214009254223E+02    2.926052861389086E+02    3.003023401809154E+02    3.195395405573122E+02    3.373034101790814E+02    3.499322109575576E+02    3.612107550431368E+02    3.669972595753326E+02    3.707141991735106E+02    3.858273991536522E+02    4.051502133280994E+02    4.312645403824822E+02    4.427072523217204E+02    4.532222389457552E+02    4.558720490886283E+02    4.581778585234598E+02    4.728856632955959E+02    4.944449122645721E+02    5.120704106027453E+02    5.230313933994809E+02    5.372205087965242E+02    5.434717158116632E+02    5.489054679343515E+02    5.500044047387116E+02    5.608051754414821E+02    5.893636971933724E+02    6.176845606258380E+02    6.290654509859826E+02    6.377988556765324E+02    6.411354411160476E+02    6.476603572905194E+02    6.482072556918054E+02    6.598636811969150E+02    6.906184491702909E+02    7.103017322987916E+02    7.201183663576596E+02    7.355429205625210E+02    7.418190543753055E+02    7.484631331354351E+02    7.528259749912979E+02    7.533157372142671E+02    7.623192142841926E+02    7.967736671146504E+02    8.272171000359408E+02    8.378014303413800E+02    8.451910421001430E+02    8.515140321254426E+02    8.529265492390630E+02    8.635511172664296E+02    8.639888754347032E+02    8.707111979099020E+02    9.088967462619726E+02    9.320720232412361E+02    9.409871733107739E+02    9.563564350406120E+02    9.635770816273882E+02    9.666697333536740E+02    9.686837231509896E+02    9.801157298744254E+02    9.804668669733182E+02    9.860972819934423E+02    1.026408164759639E+03
    9.051796821096438E-01   -3.297050256299125E+02   -2.747495390789066E+02   -2.706544335797830E+02   -2.619789351858967E+02   -2.201076607730830E+02   -2.094738145590248E+02   -1.984012803813029E+02   -1.873594001422646E+02   -1.602941346312762E+02   -1.513320479000425E+02   -1.403576728322705E+02   -1.333960254553287E+02   -1.176011988280789E+02   -1.022918781516855E+02   -9.594281972457787E+01   -7.822163081818513E+01   -6.776774305758698E+01   -5.584206644096491E+01   -4.157537072267246E+01   -2.345518992733207E+01   -2.050558113226123E+01   -7.931988644398359E+00   -3.445872654996151E+00    1.074201127556574E+01    1.815008786320664E+01    3.595594512015555E+01    4.575712196079860E+01    5.867415007994680E+01    6.680653860876419E+01    7.979637378641723E+01    8.757569057078206E+01    1.025456467939866E+02    1.073661843715139E+02    1.142722223169269E+02    1.336568663734420E+02    1.477298947836641E+02    1.572935330032276E+02    1.670253073695202E+02    1.750067414061264E+02    1.854709105484047E+02    1.909079997811285E+02    2.037981224327234E+02    2.162167005208152E+02    2.299380058700265E+02    2.377024845180030E+02    2.432787869250192E+02    2.490881843150057E+02    2.646534336847147E+02    2.771977242782638E+02    2.960679425860576E+02    3.068299121264554E+02    3.158944530934807E+02    3.196579418304733E+02    3.255834764372856E+02    3.410207152330944E+02    3.536043658287649E+02    3.633607895494630E+02    3.749669942124392E+02    3.870034674992892E+02    3.932283742081778E+02    3.974187599652945E+02    4.005135647366376E+02    4.134244918206468E+02    4.332101883274331E+02    4.532456140582253E+02    4.644901360295208E+02    4.743553832031274E+02    4.779375543455898E+02    4.809263656937561E+02    4.815887379115308E+02    4.978561134774237E+02    5.197374287152298E+02    5.299913323315177E+02    5.401281069155957E+02    5.544979884448783E+02    5.606825691931565E+02    5.688997136876978E+02    5.702312206661720E+02    5.715951678857114E+02    5.852867358447222E+02    6.100423341616347E+02    6.296170339934545E+02    6.405272517468993E+02    6.489730185951353E+02    6.534678342515831E+02    6.561398492582973E+02    6.632404985788969E+02    6.638168997420466E+02    6.757406211800251E+02    7.055137870626534E+02    7.165143120453379E+02    7.256195549395479E+02    7.406383700849071E+02    7.476424535921103E+02    7.513294767041627E+02    7.551015558168681E+02    7.618279227621920E+02    7.622859385292595E+02    7.737205249163537E+02    8.056207657754633E+02
    9.820223690988863E-01   -3.641048522252939E+02   -3.121486415193843E+02   -3.098658967361840E+02   -3.009552379593060E+02   -2.601104846976787E+02   -2.513134124349515E+02   -2.430314577761782E+02   -2.326029023069677E+02   -2.066613922232744E+02   -1.973653449341790E+02   -1.915563498024034E+02   -1.839217898287672E+02   -1.696142933296387E+02   -1.567077827986345E+02   -1.489860407963754E+02   -1.330709039420701E+02   -1.256532429959426E+02   -1.148128477847068E+02   -1.035848138314637E+02   -8.708579718331072E+01   -8.281206362091649E+01   -7.177860749404977E+01   -6.998253292911585E+01   -5.583544010455495E+01   -4.941677518092172E+01   -3.671224785497589E+01   -2.685175979354085E+01   -1.337700575446712E+01   -9.231365616767107E+00    5.402458336319512E+00    8.395090808609382E+00    2.197019137180644E+01    2.721282153418349E+01    3.355347090250120E+01    4.970116264557112E+01    6.594006598731573E+01    6.773030851361614E+01    7.673532534315405E+01    8.459280811642134E+01    9.769018798339266E+01    1.005071611485906E+02    1.096680567540014E+02    1.183440009212352E+02    1.325662465743681E+02    1.373476403441630E+02    1.430541293862918E+02    1.507121663561936E+02    1.641279505068335E+02    1.732206568429165E+02    1.865687043193510E+02    1.962891204851913E+02    2.037867216105954E+02    2.092814888136321E+02    2.178086918535842E+02    2.310298776202744E+02    2.408743221978730E+02    2.435617752484677E+02    2.561180062723805E+02    2.648924274758155E+02    2.704951009984377E+02    2.743869621132583E+02    2.812504000876473E+02    2.924697383866013E+02    3.049756630407575E+02    3.204199057103469E+02    3.310279539135994E+02    3.403477010526922E+02    3.443363875813501E+02    3.472838260866247E+02    3.487895570987888E+02    3.653117971116218E+02    3.794996838750687E+02    3.847996165946707E+02    3.954332202659308E+02    4.078044564307066E+02    4.137465421605251E+02    4.198229542229195E+02    4.217582859910713E+02    4.290216476270184E+02    4.416299420322480E+02    4.566814910581153E+02    4.701488083314852E+02    4.809894168116291E+02    4.906395094192193E+02    4.936526063082945E+02    4.973962581128524E+02    5.004733933932748E+02    5.015046419664968E+02    5.172181480078686E+02    5.382843684408140E+02    5.427748842846083E+02    5.521031049416142E+02    5.661775876853703E+02    5.727108050199465E+02    5.771997077573030E+02    5.835664101850077E+02    5.843040070800662E+02    5.850287860379633E+02    6.015911134845619E+02    6.241957214191036E+02
    1.061641867885337E+00   -3.924896990424495E+02   -3.436861880399240E+02   -3.424598080575755E+02   -3.333407692692812E+02   -2.942347884550703E+02   -2.861911139553771E+02   -2.804408451467672E+02   -2.701757354151213E+02   -2.451037643131318E+02   -2.358363059664208E+02   -2.339989042920595E+02   -2.258416029422449E+02   -2.130965927785255E+02   -2.014258822320141E+02   -1.930874175685193E+02   -1.788318374233124E+02   -1.724975302421725E+02   -1.640483097980527E+02   -1.547647019397600E+02   -1.389097791811332E+02   -1.350150924787382E+02   -1.249181495251885E+02   -1.234938546589895E+02   -1.124185387522990E+02   -1.049713830192496E+02   -9.590298458557254E+01   -8.627464157990681E+01   -7.316098363188934E+01   -7.209232336834805E+01   -5.626328724366476E+01   -5.505658499740707E+01   -4.370338841133065E+01   -3.875162340442711E+01   -3.237056062326150E+01   -1.939546985891099E+01   -5.288959285878946E+00   -2.967781706351445E+00    3.471065452289679E+00    1.135254904274223E+01    2.212732514105653E+01    2.764875165378658E+01    3.366423250594858E+01    3.922822096716754E+01    5.214934234898692E+01    5.653781520198675E+01    6.155075900175109E+01    7.054525419493223E+01    8.030139598264520E+01    8.950875211406492E+01    9.762611989456059E+01    1.063021376369616E+02    1.125612658805651E+02    1.201247851364573E+02    1.277488666429389E+02    1.383468505095659E+02    1.468218680949354E+02    1.509810331470487E+02    1.600827811205627E+02    1.653886723063220E+02    1.705877770696774E+02    1.745477843253465E+02    1.856295748770876E+02    1.924283190102234E+02    2.001628766154129E+02    2.128225784625600E+02    2.224094165449576E+02    2.300169313267057E+02    2.341862679491447E+02    2.393504310227690E+02    2.428779774826886E+02    2.557838191868175E+02    2.649295084088773E+02    2.676827637630558E+02    2.791158359776048E+02    2.884344965537143E+02    2.939285294190591E+02    2.981052400494316E+02    3.014338288269960E+02    3.130948280332068E+02    3.236902520595937E+02    3.315816932612814E+02    3.410749383084952E+02    3.513516527604949E+02    3.605132042620130E+02    3.645216737579747E+02    3.678484299240866E+02    3.681906875585497E+02    3.719346367625674E+02    3.867648921809414E+02    4.006249227538092E+02    4.024636834343100E+02    4.121662529846377E+02    4.244445446729790E+02    4.303750086648669E+02    4.354944388651611E+02    4.395593729502650E+02    4.401999534946908E+02    4.455564998604334E+02    4.601957199012134E+02    4.747866476201413E+02
    1.143983153674207E+00   -4.153086188896958E+02   -3.696802385216531E+02   -3.690377547659106E+02   -3.597416024109014E+02   -3.230943790261488E+02   -3.149121886422439E+02   -3.112383309408259E+02   -3.010411068607028E+02   -2.769366838555623E+02   -2.705612101444369E+02   -2.663860417840776E+02   -2.598855458187067E+02   -2.492319254300412E+02   -2.379271331786599E+02   -2.294644051737828E+02   -2.167205777078171E+02   -2.102337113813561E+02   -2.049710534946506E+02   -1.966554412349707E+02   -1.815407600880559E+02   -1.779951858035201E+02   -1.692607632206672E+02   -1.660268242477352E+02   -1.598172833705432E+02   -1.507801352381030E+02   -1.437091112943025E+02   -1.350137026427205E+02   -1.236832410021556E+02   -1.226773599596200E+02   -1.074830947992659E+02   -1.062031138474197E+02   -9.678524937443336E+01   -9.289319579824189E+01   -8.655802120482218E+01   -7.598719901304310E+01   -6.465200836487116E+01   -6.077220037097788E+01   -5.611009124915057E+01   -4.787716463940370E+01   -4.069667146725567E+01   -3.388369273058004E+01   -2.771510287813027E+01   -2.447637059909403E+01   -1.407672848167607E+01   -8.495179757200788E+00   -5.144862119818072E+00    4.484427679846817E+00    1.080356139775716E+01    2.172036670792727E+01    2.524325728066776E+01    3.322055361725563E+01    3.863142840044020E+01    4.794616926690890E+01    5.233430469557140E+01    6.229779463141585E+01    6.868770249093882E+01    7.638407578940212E+01    8.108359628620474E+01    8.482870900934415E+01    8.946591952568997E+01    9.360662540268754E+01    1.076554539243344E+02    1.094009993329839E+02    1.154460251983985E+02    1.254575525366331E+02    1.338905969544676E+02    1.396581036966119E+02    1.447969776839186E+02    1.520210885460230E+02    1.547004705688925E+02    1.651302354595931E+02    1.722322032206389E+02    1.730538680664156E+02    1.852301217331487E+02    1.910133822688895E+02    1.959627569605129E+02    1.989655948992740E+02    2.042644763152338E+02    2.167027054291702E+02    2.240400443831928E+02    2.325704460148208E+02    2.363710863105068E+02    2.456711119109987E+02    2.532471308641246E+02    2.571839252293373E+02    2.599892650877566E+02    2.644006282709225E+02    2.684017980693681E+02    2.789386569936698E+02    2.875357364515691E+02    2.890257939549200E+02    2.993869191730008E+02    3.088523872443757E+02    3.141859723520105E+02    3.185230214570482E+02    3.214695290302813E+02    3.236832794641357E+02    3.326336139168804E+02    3.429831853645666E+02    3.520317736224810E+02
    1.228989320653839E+00   -4.330304051571547E+02   -3.905110909410454E+02   -3.901808796502785E+02   -3.807294724037716E+02   -3.469366479775820E+02   -3.382780455815274E+02   -3.360893388628825E+02   -3.259594217887283E+02   -3.033098153781785E+02   -2.995884029548440E+02   -2.928360184888346E+02   -2.867675571304324E+02   -2.787618258461529E+02   -2.675799357151839E+02   -2.592384645341706E+02   -2.478235320563506E+02   -2.412244396558968E+02   -2.377901500823389E+02   -2.305456100594425E+02   -2.166992946967796E+02   -2.129953766694263E+02   -2.048907260169156E+02   -2.010606799432837E+02   -1.989653325282722E+02   -1.883110869550956E+02   -1.818217223202799E+02   -1.749297752893629E+02   -1.655450285755817E+02   -1.634094336739699E+02   -1.493278358209033E+02   -1.481741936399371E+02   -1.397726095393766E+02   -1.364776351587953E+02   -1.316256857173686E+02   -1.220983833287406E+02   -1.125886682135428E+02   -1.086554705948019E+02   -1.045870691027085E+02   -9.593450937445243E+01   -9.196528451289754E+01   -8.574476584417425E+01   -7.794676892168457E+01   -7.576791797767885E+01   -6.789677479480355E+01   -6.137546542853141E+01   -5.936176743809392E+01   -5.040464243041248E+01   -4.623539693515312E+01   -3.401648215960824E+01   -3.357125781259049E+01   -2.608482863401701E+01   -2.100511015377515E+01   -1.111064726437945E+01   -9.911866454571623E+00    3.495470105235086E-01    5.772896860945764E+00    1.360653481710813E+01    1.547880666443064E+01    2.044099389313317E+01    2.333573586272712E+01    2.794994820250758E+01    4.001468830028966E+01    4.243509776078656E+01    4.777868826850761E+01    5.437767689709290E+01    6.182858044217812E+01    6.610715175350413E+01    7.247019312971156E+01    8.035834218864500E+01    8.093936430197562E+01    9.008401415447406E+01    9.657742054554046E+01    9.773411839330413E+01    1.082743964038482E+02    1.117539845802652E+02    1.159212739967020E+02    1.186042986958253E+02    1.257340780988615E+02    1.358210386350164E+02    1.409343683811580E+02    1.512719494324508E+02    1.527559248402010E+02    1.593970539608391E+02    1.649848199098294E+02    1.691288964146715E+02    1.724099604966801E+02    1.791234757073649E+02    1.843060170090188E+02    1.900562006975642E+02    1.951314749612897E+02    1.972045953493463E+02    2.082704305894047E+02    2.142920953659138E+02    2.190439309006005E+02    2.218097056384667E+02    2.253382113635200E+02    2.299972752645650E+02    2.391012909655079E+02    2.455781755890301E+02    2.519385686869549E+02
    1.316601621322798E+00   -4.461289196380156E+02   -4.066073398130839E+02   -4.064402386684719E+02   -3.968496905658245E+02   -3.660207679314840E+02   -3.568983735445831E+02   -3.556568242706675E+02   -3.455918494465613E+02   -3.249532070885874E+02   -3.229132586209697E+02   -3.146540198155084E+02   -3.077685226944171E+02   -3.023923981017317E+02   -2.913731990202291E+02   -2.835295372726201E+02   -2.730601381700087E+02   -2.679432623140982E+02   -2.624563986688198E+02   -2.573721417465833E+02   -2.453093896203251E+02   -2.412624128038922E+02   -2.335511776494114E+02   -2.315981804401322E+02   -2.292137497817682E+02   -2.186918241054997E+02   -2.120058917174115E+02   -2.071582249146481E+02   -1.991256124582206E+02   -1.965495843038746E+02   -1.836688249849292E+02   -1.824223223702819E+02   -1.741501887828754E+02   -1.714786953372654E+02   -1.689222641308774E+02   -1.595072996094923E+02   -1.508369729441241E+02   -1.479707708344799E+02   -1.438862994139992E+02   -1.351572192336562E+02   -1.333101447276409E+02   -1.288925595510432E+02   -1.191497132003886E+02   -1.171301296645087E+02   -1.113458588136475E+02   -1.044025619958831E+02   -1.031952328411759E+02   -9.589680023388269E+01   -9.259273275393269E+01   -8.121034556155166E+01   -7.995801370916774E+01   -7.407404945200580E+01   -6.916969179903316E+01   -6.064052052855357E+01   -6.011671852599846E+01   -5.005829559652591E+01   -4.478849167338194E+01   -3.893807430290428E+01   -3.813465381180112E+01   -3.145575133531747E+01   -3.045699451585142E+01   -2.535590947018807E+01   -1.667887940072842E+01   -1.340264625886175E+01   -6.957290351038466E+00   -3.437609909745618E+00    3.238110165270882E+00    6.614174901112449E+00    1.377090314603151E+01    1.957396326893786E+01    2.120676727668285E+01    2.822958673257494E+01    3.492312801468768E+01    3.713940984287376E+01    4.404359599076406E+01    4.825788886493069E+01    5.074702058470598E+01    5.352233930023726E+01    6.180821640192619E+01    6.796819653612772E+01    7.379721577216003E+01    8.196983865222558E+01    8.583734316800053E+01    8.897393232276215E+01    9.268053172991029E+01    9.755716460128531E+01    1.014437993167396E+02    1.073245193593253E+02    1.150063239442568E+02    1.164641008301139E+02    1.207876574710317E+02    1.228661645872257E+02    1.336909159096101E+02    1.370565168238873E+02    1.408196258060887E+02    1.429463759398710E+02    1.474240438375275E+02    1.535642819912212E+02    1.605540456396113E+02    1.650689060719461E+02    1.711656312464401E+02
    1.406759507089841E+00   -4.550721511892741E+02   -4.184180585802107E+02   -4.183345317218096E+02   -4.086233799039417E+02   -3.807110446956132E+02   -3.712420476512548E+02   -3.705609626623935E+02   -3.605432639935865E+02   -3.422755254183134E+02   -3.411919513769016E+02   -3.320749366859817E+02   -3.241795766663507E+02   -3.208476614422698E+02   -3.100459544777913E+02   -3.032734196028961E+02   -2.932068742662459E+02   -2.898353099519020E+02   -2.820884842238663E+02   -2.776396026932056E+02   -2.681233255430500E+02   -2.639600909395525E+02   -2.575338974527247E+02   -2.564642469929494E+02   -2.525998739786668E+02   -2.428830812265323E+02   -2.366480005147330E+02   -2.318611757531736E+02   -2.256988068982365E+02   -2.232418136027193E+02   -2.115096086709448E+02   -2.103130342249912E+02   -2.020625355447448E+02   -1.995191632224863E+02   -1.988842534978774E+02   -1.895609215629819E+02   -1.810154543897830E+02   -1.798145560744632E+02   -1.755479871993710E+02   -1.673491564846562E+02   -1.661880455219130E+02   -1.644207208130999E+02   -1.528868409075399E+02   -1.505621779694853E+02   -1.460456470513490E+02   -1.394205988162241E+02   -1.383913180342759E+02   -1.332196196626306E+02   -1.299284653587519E+02   -1.191992008596521E+02   -1.179826369003279E+02   -1.126507516677722E+02   -1.080621327046378E+02   -1.016129114836774E+02   -1.010051791649321E+02   -9.105820069662855E+01   -8.545920061147314E+01   -8.245278493910274E+01   -8.146294594611760E+01   -7.464900833154201E+01   -7.270344477160700E+01   -6.891064715385801E+01   -6.275132600661345E+01   -6.021141937518473E+01   -5.206845352587982E+01   -5.017891032974507E+01   -4.424981583307914E+01   -4.138874552658530E+01   -3.424177990246079E+01   -3.022892914751600E+01   -2.837837403143635E+01   -2.237288971250553E+01   -1.466946108882433E+01   -1.299781725566714E+01   -8.881959579158604E+00   -3.635866204146907E+00   -1.094965857063073E+00    5.720450986645460E-01    8.964749520611576E+00    1.209011276129047E+01    1.928018196133621E+01    2.550472971934755E+01    2.947361653499206E+01    3.150458100766366E+01    3.392275850835449E+01    3.933966941307665E+01    4.374848288034059E+01    4.771536604432094E+01    5.510473007398878E+01    5.614180286343844E+01    6.154338638158981E+01    6.280398426824763E+01    7.124110556248775E+01    7.486992236864330E+01    7.678962730992009E+01    7.913033355133553E+01    8.408303484202804E+01    9.026319960563603E+01    9.430775976635755E+01    9.914733878692914E+01    1.058354706258963E+02
    1.499400670118658E+00   -4.603141198048961E+02   -4.263918965203263E+02   -4.263505104869181E+02   -4.165445937338349E+02   -3.914269914592773E+02   -3.817326146386570E+02   -3.813678745979970E+02   -3.713752994033499E+02   -3.556111308456477E+02   -3.550447282803337E+02   -3.454518487340413E+02   -3.367693259031148E+02   -3.348108446377714E+02   -3.242276638375754E+02   -3.190484493750757E+02   -3.090197086747204E+02   -3.070018199045770E+02   -2.981260825949757E+02   -2.924705743192458E+02   -2.858827614026504E+02   -2.821378062680232E+02   -2.782061253272769E+02   -2.744550671569203E+02   -2.712957193698908E+02   -2.618396098278598E+02   -2.571225549792222E+02   -2.500731035694614E+02   -2.462616036569455E+02   -2.445316987318523E+02   -2.337358537320063E+02   -2.326894998958372E+02   -2.259152932468687E+02   -2.217497839184203E+02   -2.217117615877110E+02   -2.132296825109535E+02   -2.053327034422082E+02   -2.049249884438333E+02   -2.002553938633634E+02   -1.937850891496333E+02   -1.932021485679543E+02   -1.921184352142331E+02   -1.801963622198390E+02   -1.778152478146430E+02   -1.734232177065185E+02   -1.683589604634157E+02   -1.658403169982200E+02   -1.634207990046638E+02   -1.597921912468051E+02   -1.492393725146931E+02   -1.490515865059018E+02   -1.437137786024518E+02   -1.392157469356926E+02   -1.349069701477953E+02   -1.343600269351867E+02   -1.243560820027093E+02   -1.182812690718168E+02   -1.180309896672707E+02   -1.163523331772965E+02   -1.098152328784948E+02   -1.062318374784386E+02   -1.046040848723889E+02   -9.991371318175607E+01   -9.910245689024509E+01   -8.918099164955510E+01   -8.773729666611905E+01   -8.231181891984590E+01   -8.028295365027930E+01   -7.371180130096565E+01   -7.050450441407702E+01   -6.954106549961028E+01   -6.341861634677616E+01   -5.463304215566853E+01   -5.461904289890930E+01   -5.172634969713670E+01   -4.632480757532034E+01   -4.258886800382948E+01   -4.210182299250135E+01   -3.526546171593100E+01   -3.333547100664197E+01   -2.528428131878405E+01   -2.032449729861969E+01   -1.767267719639239E+01   -1.546528433436146E+01   -1.330746672321925E+01   -8.176163109267804E+00   -3.682530209298761E+00   -9.809507539112019E-01    4.886546909341689E+00    6.137935467135037E+00    1.292794381376996E+01    1.433326342019677E+01    1.936922763649932E+01    2.326523243407610E+01    2.615834870148740E+01    2.756610908105074E+01    3.222797233976462E+01    3.724508999482941E+01    3.955512504743479E+01    4.492121021293519E+01    5.205024476182984E+01
    1.594461086388473E+00   -4.622889411439917E+02   -4.309641879484819E+02   -4.309437837380859E+02   -4.210769197539780E+02   -3.985985346647175E+02   -3.887823483026531E+02   -3.885905363735993E+02   -3.786080766599162E+02   -3.653229536980793E+02   -3.650297344795626E+02   -3.552012148176704E+02   -3.460042146739328E+02   -3.448944608151144E+02   -3.344922387143256E+02   -3.312063827077339E+02   -3.211220770090332E+02   -3.199935988570671E+02   -3.105744101415614E+02   -3.034785236966279E+02   -2.992998423292485E+02   -2.965487842816614E+02   -2.942773157961691E+02   -2.881695353922071E+02   -2.859737107887927E+02   -2.764869754741648E+02   -2.733682710240840E+02   -2.644686900844238E+02   -2.614105916587563E+02   -2.611265521479394E+02   -2.510866694299855E+02   -2.503543436443933E+02   -2.455005111356071E+02   -2.394526036229523E+02   -2.392019962884421E+02   -2.314123203976907E+02   -2.254054506718736E+02   -2.245643795284695E+02   -2.184383082264731E+02   -2.170409132518728E+02   -2.136680477249609E+02   -2.131153691792778E+02   -2.020148921587132E+02   -1.996943590205938E+02   -1.955757694648157E+02   -1.910309866282921E+02   -1.875662530978058E+02   -1.875397564907823E+02   -1.833867787775022E+02   -1.740921790550557E+02   -1.730280806468247E+02   -1.682777525827321E+02   -1.645828437440659E+02   -1.619750361809328E+02   -1.605589437442704E+02   -1.511601226606307E+02   -1.469223260485252E+02   -1.448512524451573E+02   -1.440156020389315E+02   -1.381185192984209E+02   -1.336397788103751E+02   -1.329883596850635E+02   -1.312178998562994E+02   -1.296351862046265E+02   -1.195190234105586E+02   -1.176852678484684E+02   -1.125547173249284E+02   -1.117300723348839E+02   -1.061107460509510E+02   -1.034263359277131E+02   -1.028946647039671E+02   -9.647738745423601E+01   -8.896020976223292E+01   -8.711354007093399E+01   -8.605671200728136E+01   -8.072044699523957E+01   -7.769607672175511E+01   -7.495640641462467E+01   -7.218744223173275E+01   -7.009484297954361E+01   -6.183906658906653E+01   -5.729274787913880E+01   -5.676649566641623E+01   -5.367617142245160E+01   -5.118782979811436E+01   -4.696262858107622E+01   -4.291816059221640E+01   -4.048930149426423E+01   -3.625279183741230E+01   -3.547347210907833E+01   -2.747091615370277E+01   -2.485892320493485E+01   -2.278993262408812E+01   -1.914875099660605E+01   -1.579569276402952E+01   -1.279707989815478E+01   -1.059265014681483E+01   -7.157768981658592E+00   -5.064872852855558E+00    4.084065427559267E-01    7.199036003468848E+00
    1.691875059940726E+00   -4.614066006275452E+02   -4.325493183405606E+02   -4.325392677513151E+02   -4.226515362137312E+02   -4.026429883427446E+02   -3.927929386963859E+02   -3.926934410559710E+02   -3.827184902888854E+02   -3.717957283679058E+02   -3.716448428551176E+02   -3.617405971923419E+02   -3.522513494455777E+02   -3.516392043891719E+02   -3.413696581218775E+02   -3.400666105237764E+02   -3.299714346449197E+02   -3.293682036228250E+02   -3.197009329574435E+02   -3.115232165638117E+02   -3.090162160136591E+02   -3.076477926023406E+02   -3.063755226280891E+02   -2.981720426407036E+02   -2.972087088816721E+02   -2.876140547572983E+02   -2.857342216681965E+02   -2.761984528327031E+02   -2.746789585074612E+02   -2.712716746069989E+02   -2.642670811013550E+02   -2.640409386374595E+02   -2.608718270013621E+02   -2.533275850373786E+02   -2.526829191002954E+02   -2.451454523645695E+02   -2.412170011161310E+02   -2.402377542227544E+02   -2.355810908700806E+02   -2.317734542773815E+02   -2.296931808673741E+02   -2.291757521932790E+02   -2.191661933656940E+02   -2.168371795465804E+02   -2.139382586336991E+02   -2.081505635103993E+02   -2.066057073898999E+02   -2.047368370530377E+02   -2.015254171062351E+02   -1.940622539271873E+02   -1.922651325493063E+02   -1.867088545012624E+02   -1.861732114125028E+02   -1.826926619987867E+02   -1.810486989423963E+02   -1.724637663585268E+02   -1.700440427939562E+02   -1.664479263638920E+02   -1.657200540513032E+02   -1.605441028533833E+02   -1.576749179855082E+02   -1.567669502714877E+02   -1.542996828276686E+02   -1.532780605390446E+02   -1.441917491540702E+02   -1.414202582626629E+02   -1.367774992682619E+02   -1.365983318642411E+02   -1.324039187766699E+02   -1.309266356534930E+02   -1.287823956975613E+02   -1.229802825394393E+02   -1.169751484870481E+02   -1.141936052044381E+02   -1.128200036313535E+02   -1.083886195110232E+02   -1.061963426756707E+02   -1.026800139434720E+02   -1.011759610284452E+02   -9.971165260762382E+01   -9.177714545957986E+01   -8.888924635043173E+01   -8.692221834607676E+01   -8.445613283977900E+01   -8.162746214487754E+01   -7.847860274974948E+01   -7.533658674352466E+01   -7.241597386994829E+01   -7.094380930038392E+01   -6.870565714897413E+01   -6.091622040321926E+01   -5.747382293080420E+01   -5.604073949654764E+01   -5.325044027604690E+01   -5.054474037803993E+01   -4.622800859045287E+01   -4.485243668768919E+01   -4.403675712414628E+01   -4.127006959148542E+01   -3.592231417648935E+01   -3.016900702081620E+01
    1.791575268281242E+00   -4.580501356181566E+02   -4.315362892253272E+02   -4.315313215344561E+02   -4.216667375903647E+02   -4.039545500194674E+02   -3.941490041055000E+02   -3.940978851831168E+02   -3.841394848347077E+02   -3.754113754393886E+02   -3.753339083977958E+02   -3.654707535918006E+02   -3.558525165388685E+02   -3.555216444329891E+02   -3.459710225764121E+02   -3.453418279148815E+02   -3.359452571219464E+02   -3.356324218889466E+02   -3.259016363614488E+02   -3.170389483878618E+02   -3.157619686881447E+02   -3.155864695445874E+02   -3.150508841589005E+02   -3.054586036969043E+02   -3.049726129548019E+02   -2.958014353248838E+02   -2.947380785701575E+02   -2.850461224236254E+02   -2.848553956809121E+02   -2.783972688678082E+02   -2.744591426277458E+02   -2.738917290725996E+02   -2.725329045589206E+02   -2.640195831320963E+02   -2.626503744032524E+02   -2.554543854818511E+02   -2.535573142195171E+02   -2.522758582037874E+02   -2.499782909512375E+02   -2.426543030995862E+02   -2.424653719700556E+02   -2.397308310702377E+02   -2.324002305430925E+02   -2.299710004950541E+02   -2.286594935188676E+02   -2.215692166483126E+02   -2.213647035504505E+02   -2.180990137873570E+02   -2.149681139717138E+02   -2.098222089054829E+02   -2.076971808444298E+02   -2.039342607453361E+02   -2.000826129283828E+02   -1.987922150941792E+02   -1.967929265331547E+02   -1.891644265105708E+02   -1.882862356878745E+02   -1.836315370358001E+02   -1.831982914251407E+02   -1.787142894442437E+02   -1.775650562414289E+02   -1.756557571735062E+02   -1.716861709703198E+02   -1.712583170840588E+02   -1.639870764201015E+02   -1.605580602228733E+02   -1.569991045562755E+02   -1.552088402810383E+02   -1.532042177413015E+02   -1.528633948733757E+02   -1.491616349264126E+02   -1.440577031362640E+02   -1.396432037354728E+02   -1.360329326897851E+02   -1.341262990813822E+02   -1.305856269656080E+02   -1.294722402252660E+02   -1.272563517281161E+02   -1.233951076345705E+02   -1.221634190220119E+02   -1.162418795265815E+02   -1.149232189555422E+02   -1.105951898825492E+02   -1.091649563009263E+02   -1.057823994932346E+02   -1.039577693602260E+02   -1.019594240604785E+02   -9.982572465731130E+01   -9.800609651692741E+01   -9.522440169151770E+01   -8.840578668214818E+01   -8.480968008280723E+01   -8.200740420053080E+01   -8.058420504998696E+01   -7.887481124210410E+01   -7.592275062544167E+01   -7.428914869737895E+01   -7.078561932282309E+01   -7.040620566844780E+01   -6.546160316621558E+01   -6.110526303847013E+01
    1.893492808906530E+00   -4.525739983504317E+02   -4.282863386444005E+02   -4.282838631839829E+02   -4.184884688955784E+02   -4.028996992094861E+02   -3.932128681303694E+02   -3.931867426676238E+02   -3.832615870631131E+02   -3.765333073217073E+02   -3.764934477044654E+02   -3.667679437112404E+02   -3.571390467821537E+02   -3.569628475414183E+02   -3.492608778918973E+02   -3.468472853327078E+02   -3.393943646926906E+02   -3.392354283416445E+02   -3.295652850205391E+02   -3.211801344103890E+02   -3.207943789530151E+02   -3.203166918859685E+02   -3.195074814367752E+02   -3.110689040802333E+02   -3.090630789001282E+02   -3.014565275901678E+02   -3.008776760508943E+02   -2.923717000784634E+02   -2.911483535395307E+02   -2.833013391939667E+02   -2.820987916962246E+02   -2.810244942791453E+02   -2.805429331455181E+02   -2.719695101116438E+02   -2.696049341913140E+02   -2.631428053008713E+02   -2.629551324838632E+02   -2.611960188229407E+02   -2.608024412990417E+02   -2.523688241647608E+02   -2.512506996891483E+02   -2.465045015952231E+02   -2.424275427811656E+02   -2.400684421696064E+02   -2.396820013101088E+02   -2.331353113692473E+02   -2.317486458417195E+02   -2.281787347245347E+02   -2.247804662468116E+02   -2.220343124823013E+02   -2.196962208856846E+02   -2.179212515032871E+02   -2.113671255847567E+02   -2.100719678625453E+02   -2.083975437293923E+02   -2.025058319513673E+02   -2.020469511247951E+02   -1.976886580592501E+02   -1.966386903825427E+02   -1.955146576874648E+02   -1.905737785639199E+02   -1.904165879346695E+02   -1.854897832753852E+02   -1.846385706836098E+02   -1.796309570449931E+02   -1.760024843752221E+02   -1.738197049557432E+02   -1.704770336333334E+02   -1.689801340837470E+02   -1.689242410209018E+02   -1.650085978275914E+02   -1.605686176441026E+02   -1.577802834101732E+02   -1.535391085151782E+02   -1.511628291931850E+02   -1.492263237615988E+02   -1.477245100278423E+02   -1.462342318723642E+02   -1.420534527197094E+02   -1.390211623975895E+02   -1.365856133321709E+02   -1.352141845773530E+02   -1.298189541328643E+02   -1.289458548608674E+02   -1.244779426179745E+02   -1.243602941378647E+02   -1.238625256372854E+02   -1.231637849720961E+02   -1.183313429742284E+02   -1.163768132577828E+02   -1.108290801487738E+02   -1.067644735098734E+02   -1.031351786942904E+02   -1.028294460620113E+02   -1.014244901780961E+02   -1.004876735203480E+02   -9.871243396513501E+01   -9.425576742708608E+01   -9.132408212813351E+01   -8.940960804865267E+01   -8.651612922627066E+01
    1.997557246922015E+00   -4.453034045901327E+02   -4.231319868076494E+02   -4.231307366445719E+02   -4.134515401139790E+02   -3.998153503439462E+02   -3.903218398794386E+02   -3.903084931202754E+02   -3.804361194088625E+02   -3.754989829229634E+02   -3.754783268896297E+02   -3.659803427200738E+02   -3.564293766574655E+02   -3.563364317689155E+02   -3.502703943978355E+02   -3.462691718149908E+02   -3.406523383832060E+02   -3.405725745899145E+02   -3.310527029264596E+02   -3.242144497608090E+02   -3.240016361875755E+02   -3.216412356147075E+02   -3.211946379064994E+02   -3.143770116929572E+02   -3.108617330887511E+02   -3.049047798394915E+02   -3.045957518772290E+02   -2.973971048501878E+02   -2.949743114234278E+02   -2.873794584833521E+02   -2.867949906653336E+02   -2.863131616128700E+02   -2.847298020032715E+02   -2.775506781376253E+02   -2.740045914507356E+02   -2.699529821788118E+02   -2.686925829453252E+02   -2.684825566529483E+02   -2.673907101494156E+02   -2.596022590552418E+02   -2.575612503629706E+02   -2.510616207903579E+02   -2.498576918500053E+02   -2.484602379610126E+02   -2.466627557501581E+02   -2.419655050994210E+02   -2.396587885165347E+02   -2.354327415264414E+02   -2.320335681082188E+02   -2.312756651562289E+02   -2.288987737641063E+02   -2.284592427814723E+02   -2.210228896662077E+02   -2.186023406295691E+02   -2.156213440789675E+02   -2.134694569169920E+02   -2.118391153533554E+02   -2.090002110744365E+02   -2.085126969404407E+02   -2.066869338315994E+02   -2.021963053759071E+02   -2.005520838578162E+02   -1.953932138868318E+02   -1.949459104031391E+02   -1.917838490416168E+02   -1.882381452685514E+02   -1.873548627365168E+02   -1.840625540055624E+02   -1.813103034436787E+02   -1.790811953175327E+02   -1.771876290598099E+02   -1.732886471487989E+02   -1.720963453034433E+02   -1.677130908357842E+02   -1.654473187448835E+02   -1.645805077958064E+02   -1.610794093128605E+02   -1.605801616371231E+02   -1.564121964347592E+02   -1.532139583137389E+02   -1.525026243625656E+02   -1.508469195567542E+02   -1.457007602617712E+02   -1.448882528894949E+02   -1.428869614034558E+02   -1.407983825371327E+02   -1.400926185842689E+02   -1.386340030160973E+02   -1.343191460574056E+02   -1.330527714336426E+02   -1.289379785527323E+02   -1.244393722487283E+02   -1.215028397237647E+02   -1.205116579896387E+02   -1.202355175095919E+02   -1.187832262977366E+02   -1.179462004059066E+02   -1.131045799778366E+02   -1.087760081831642E+02   -1.081545212956391E+02   -1.071439401291869E+02
    2.103696663719330E+00   -4.365344898398587E+02   -4.163771277589071E+02   -4.163764841059193E+02   -4.068614150245475E+02   -3.950083369462378E+02   -3.857875418211463E+02   -3.857806871427429E+02   -3.759792091148584E+02   -3.726169436165478E+02   -3.726061078806303E+02   -3.634269812918529E+02   -3.540245822737471E+02   -3.539757277695721E+02   -3.493070778228433E+02   -3.439484270978978E+02   -3.400318936901086E+02   -3.399919804043695E+02   -3.306936018505847E+02   -3.251621168920052E+02   -3.250447019752020E+02   -3.212575266397906E+02   -3.210147944284919E+02   -3.156882742201241E+02   -3.107506415494028E+02   -3.064417283420770E+02   -3.062776254045478E+02   -3.002424778864598E+02   -2.968278083901172E+02   -2.905637664657540E+02   -2.902516618728097E+02   -2.877479900695867E+02   -2.868391577613306E+02   -2.810810828029742E+02   -2.762647649732828E+02   -2.746447950701493E+02   -2.738909330199147E+02   -2.720407104431311E+02   -2.714081445028252E+02   -2.646586120072001E+02   -2.617342563248192E+02   -2.552075964425640E+02   -2.544300709971276E+02   -2.539051975416688E+02   -2.512693413784958E+02   -2.484510017502546E+02   -2.454260414315501E+02   -2.402856511907243E+02   -2.382410834126441E+02   -2.372487352051951E+02   -2.365894732374726E+02   -2.351799731747473E+02   -2.282964100239301E+02   -2.252276267265370E+02   -2.217859805029971E+02   -2.202335713409154E+02   -2.191855020054291E+02   -2.186505660238218E+02   -2.173255616919805E+02   -2.140542056692021E+02   -2.110705907754553E+02   -2.085766901763818E+02   -2.026095749195569E+02   -2.025248540412480E+02   -2.010430142072381E+02   -1.983132721916227E+02   -1.972767029148876E+02   -1.945089402299312E+02   -1.909753751721788E+02   -1.872209526509934E+02   -1.855990122584284E+02   -1.834044197883929E+02   -1.827987913314931E+02   -1.791714789147960E+02   -1.782014414166605E+02   -1.749679513525526E+02   -1.727259709059284E+02   -1.705855208480068E+02   -1.669563490136616E+02   -1.662636272682858E+02   -1.631119114027390E+02   -1.630223834900360E+02   -1.589656333698473E+02   -1.581823622789066E+02   -1.574819995135765E+02   -1.544431030421773E+02   -1.524969581760628E+02   -1.492427008605952E+02   -1.468496016851927E+02   -1.459446527013426E+02   -1.433628364602867E+02   -1.388563146324087E+02   -1.370567049262086E+02   -1.365137135982896E+02   -1.338868161223297E+02   -1.330011066186138E+02   -1.318715775979159E+02   -1.279281866626200E+02   -1.245943413245056E+02   -1.234163142219876E+02   -1.218063361835090E+02
    2.211837706678996E+00   -4.265351111997020E+02   -4.082979210194894E+02   -4.082975808857634E+02   -3.989966419308929E+02   -3.887554957001874E+02   -3.798966698274432E+02   -3.798931062823004E+02   -3.701761173779372E+02   -3.681660617013522E+02   -3.681602800874432E+02   -3.593978235470968E+02   -3.502056882402469E+02   -3.501799219934709E+02   -3.466516468910556E+02   -3.401856216141040E+02   -3.378210504689617E+02   -3.378008944356804E+02   -3.287861328999691E+02   -3.242994251527459E+02   -3.242342763998772E+02   -3.194200054640054E+02   -3.192887611861868E+02   -3.152901036756512E+02   -3.090613016884520E+02   -3.063442484248835E+02   -3.062565699816149E+02   -3.011700984778526E+02   -2.970223519186047E+02   -2.919472999064918E+02   -2.917848356663001E+02   -2.877482331715747E+02   -2.872382483769120E+02   -2.828467134151598E+02   -2.773390229010861E+02   -2.768978468375598E+02   -2.767544270832047E+02   -2.739266167041755E+02   -2.735689144515958E+02   -2.678209064290082E+02   -2.640936797975430E+02   -2.586879727941948E+02   -2.582655070335610E+02   -2.555126501012232E+02   -2.539361625390973E+02   -2.528700434201650E+02   -2.493388600009556E+02   -2.431295067035018E+02   -2.430980750345146E+02   -2.422065512161265E+02   -2.408358223177065E+02   -2.396502224909141E+02   -2.336014913185699E+02   -2.298834284378040E+02   -2.278879195047382E+02   -2.259010983817712E+02   -2.247194199622693E+02   -2.236182882654784E+02   -2.230834582413091E+02   -2.192009658946320E+02   -2.177056145680322E+02   -2.146825078544155E+02   -2.083347835978009E+02   -2.080066911352469E+02   -2.075228940632747E+02   -2.063289484621963E+02   -2.043023859075672E+02   -2.024007372174695E+02   -1.984586587816087E+02   -1.942306174152350E+02   -1.918837465330706E+02   -1.907654011125792E+02   -1.900974282917788E+02   -1.887172488526900E+02   -1.874616223548911E+02   -1.828277648823068E+02   -1.817745283053352E+02   -1.787856093406490E+02   -1.762860800957598E+02   -1.744239092894373E+02   -1.723919499903889E+02   -1.712385571292683E+02   -1.705439764306889E+02   -1.693315900460649E+02   -1.672970949528496E+02   -1.651588506106693E+02   -1.622571478057001E+02   -1.573328527657063E+02   -1.564488316291194E+02   -1.557805799528131E+02   -1.545891680030232E+02   -1.507630632557586E+02   -1.494790121523483E+02   -1.490775033332004E+02   -1.447617894066866E+02   -1.446547123988357E+02   -1.419858868094621E+02   -1.392876109731644E+02   -1.376243305004641E+02   -1.358259779430093E+02   -1.327672765681825E+02
    2.321905639864155E+00   -4.155461556573487E+02   -3.991443275379871E+02   -3.991441415994226E+02   -3.901121261591887E+02   -3.813038524549418E+02   -3.729126104205345E+02   -3.729107188252561E+02   -3.632859707676087E+02   -3.623960376405670E+02   -3.623928866845864E+02   -3.541536618225308E+02   -3.452329708465605E+02   -3.452192204726115E+02   -3.425571658010456E+02   -3.352480270118673E+02   -3.342808868414997E+02   -3.342704535168199E+02   -3.255970558005621E+02   -3.218805507099829E+02   -3.218441011989544E+02   -3.163697024702456E+02   -3.162984979807059E+02   -3.134460835326411E+02   -3.060819184364886E+02   -3.048679749647740E+02   -3.048203944711025E+02   -3.004297652929532E+02   -2.958353426794002E+02   -2.917826128094326E+02   -2.916981127059352E+02   -2.865212891914425E+02   -2.862369503102195E+02   -2.831101848365427E+02   -2.782694420044151E+02   -2.780117741218404E+02   -2.757949879179087E+02   -2.743922229613322E+02   -2.741894772730636E+02   -2.693382510985903E+02   -2.649353177246196E+02   -2.606077328274749E+02   -2.603842486759237E+02   -2.559299715430732E+02   -2.554498422309303E+02   -2.550140337200101E+02   -2.516580514490734E+02   -2.462497691028193E+02   -2.457486819023634E+02   -2.443165600992686E+02   -2.430969174638650E+02   -2.423922520465540E+02   -2.372326575837580E+02   -2.328501182342610E+02   -2.320699229361388E+02   -2.308340941311155E+02   -2.285574159398858E+02   -2.279250863293781E+02   -2.249417270913522E+02   -2.225181585016126E+02   -2.224951297981276E+02   -2.190866646845165E+02   -2.134409161567169E+02   -2.124445099497866E+02   -2.115135602464823E+02   -2.112659805436363E+02   -2.093230994551889E+02   -2.081828042404968E+02   -2.041513937126500E+02   -1.994570737913066E+02   -1.983032708965940E+02   -1.964202380628103E+02   -1.957979637269617E+02   -1.942218907053495E+02   -1.937735751548729E+02   -1.887399720159007E+02   -1.885846588356770E+02   -1.853205594480119E+02   -1.838266308099073E+02   -1.803010176106337E+02   -1.797595383508706E+02   -1.792253325267352E+02   -1.777001309265996E+02   -1.772407745442236E+02   -1.748047588376882E+02   -1.734265843820095E+02   -1.700363558011620E+02   -1.646382128928294E+02   -1.640686781780774E+02   -1.629571971118554E+02   -1.620147065451107E+02   -1.606296999650223E+02   -1.589445531771777E+02   -1.587256959177926E+02   -1.540568707800471E+02   -1.530592358874818E+02   -1.503517276046661E+02   -1.480153253386090E+02   -1.474917456321955E+02   -1.453470474403555E+02   -1.430158439599849E+02
    2.433824395670318E+00   -4.037832485872038E+02   -3.891422210213767E+02   -3.891421148932099E+02   -3.804435221238440E+02   -3.728705116642976E+02   -3.650772424878035E+02   -3.650762053759420E+02   -3.555475567631952E+02   -3.555290224845922E+02   -3.555272626658063E+02   -3.479243583243357E+02   -3.393465549225110E+02   -3.393390515731218E+02   -3.372508006488978E+02   -3.296441545004561E+02   -3.296385192258471E+02   -3.293771642935326E+02   -3.213607425946044E+02   -3.181368108178250E+02   -3.181161986004010E+02   -3.123337172451653E+02   -3.122945616832778E+02   -3.103934586179563E+02   -3.022430289956513E+02   -3.022166074566714E+02   -3.020654799814434E+02   -2.982544121063748E+02   -2.935084373477271E+02   -2.903053287790412E+02   -2.902604732091065E+02   -2.842623542315555E+02   -2.841031179789206E+02   -2.821092267205552E+02   -2.776633150603909E+02   -2.775129005138677E+02   -2.736642262753179E+02   -2.736492005636882E+02   -2.735334779230055E+02   -2.694424551060229E+02   -2.645181576670153E+02   -2.611833772427900E+02   -2.610642271463184E+02   -2.564059229991370E+02   -2.553300431393832E+02   -2.548019325879644E+02   -2.526180377610555E+02   -2.479124397897802E+02   -2.476340385559184E+02   -2.441559636688354E+02   -2.441239601245522E+02   -2.437088247967504E+02   -2.394217814514154E+02   -2.345575705385039E+02   -2.344040313933315E+02   -2.338015302462313E+02   -2.310224682100595E+02   -2.306639994265265E+02   -2.258038325727455E+02   -2.257128585392798E+02   -2.243410637366149E+02   -2.220172959885442E+02   -2.171327866817199E+02   -2.165599688811059E+02   -2.139336137301185E+02   -2.134587966283272E+02   -2.127147102397530E+02   -2.121692319972981E+02   -2.083232521599897E+02   -2.030954657958258E+02   -2.030254124296766E+02   -2.018336611124515E+02   -2.000743148839165E+02   -1.990716370027273E+02   -1.959958524567517E+02   -1.940420033428371E+02   -1.926058477702612E+02   -1.902843359603376E+02   -1.893393485138433E+02   -1.866333661049589E+02   -1.855886237633559E+02   -1.843608015101309E+02   -1.832910500654773E+02   -1.814539745514374E+02   -1.804339816785189E+02   -1.797297243548809E+02   -1.761797558406650E+02   -1.707855944557772E+02   -1.704801934737181E+02   -1.691727098462123E+02   -1.682213411464272E+02   -1.662155033533822E+02   -1.659694805237598E+02   -1.658781206874148E+02   -1.614346884496600E+02   -1.594599744444666E+02   -1.573539961122328E+02   -1.560451059280751E+02   -1.538746723070602E+02   -1.524282894481256E+02   -1.523463789658234E+02
    2.547516627395418E+00   -3.914388063854929E+02   -3.784961207408246E+02   -3.784960567825045E+02   -3.702127976724423E+02   -3.636422123200208E+02   -3.566120123322132E+02   -3.566114156352420E+02   -3.477628537258075E+02   -3.477618426379626E+02   -3.471874929285883E+02   -3.409035785040545E+02   -3.327671842576193E+02   -3.327629416622319E+02   -3.309373746238363E+02   -3.241144422126804E+02   -3.241112135873180E+02   -3.227987233076889E+02   -3.162742859030904E+02   -3.132796600007482E+02   -3.132678454377933E+02   -3.075242524440670E+02   -3.075021595773630E+02   -3.063423222084184E+02   -2.986701354258340E+02   -2.986550432203106E+02   -2.972403725867553E+02   -2.948610014941747E+02   -2.902454349184900E+02   -2.877287306165871E+02   -2.877037955201256E+02   -2.811622796102481E+02   -2.810715926110513E+02   -2.800533573589764E+02   -2.757398110814250E+02   -2.756519825699418E+02   -2.718849535486270E+02   -2.718180644485258E+02   -2.706040938191834E+02   -2.683478618637489E+02   -2.630627747598246E+02   -2.606181680884144E+02   -2.605527993740073E+02   -2.559532206007541E+02   -2.538624478746848E+02   -2.535560587391551E+02   -2.524226590084133E+02   -2.482928937517688E+02   -2.481355488049924E+02   -2.440898305849757E+02   -2.438446938732693E+02   -2.429144824859323E+02   -2.403738752581776E+02   -2.355598573938671E+02   -2.351041386302078E+02   -2.347876352513785E+02   -2.322810818622667E+02   -2.320742670838331E+02   -2.275717246286102E+02   -2.258318788798635E+02   -2.249570220039331E+02   -2.236849800906670E+02   -2.195418395919523E+02   -2.192204380244923E+02   -2.155088651907534E+02   -2.147628644894912E+02   -2.145974044976084E+02   -2.141362678920235E+02   -2.111706875248303E+02   -2.063197652313346E+02   -2.056092559931656E+02   -2.053993623425734E+02   -2.030493459797948E+02   -2.024485897124917E+02   -1.979604724898449E+02   -1.973413709021714E+02   -1.952088563562350E+02   -1.938638812570955E+02   -1.931675201563473E+02   -1.914258199108209E+02   -1.897766742572960E+02   -1.890090810256796E+02   -1.864071511844924E+02   -1.845127418429464E+02   -1.844625533311629E+02   -1.841866702911927E+02   -1.809038956378096E+02   -1.760839761467857E+02   -1.749118610156717E+02   -1.748199669845040E+02   -1.731361539053133E+02   -1.716488955650977E+02   -1.712642976843469E+02   -1.686018178381501E+02   -1.672791094039770E+02   -1.642063159683843E+02   -1.629144875137841E+02   -1.622508680758511E+02   -1.600123619235881E+02   -1.592250553194996E+02   -1.576786867722929E+02
    2.662903762693859E+00   -3.786844641803621E+02   -3.673927846972377E+02   -3.673927434189367E+02   -3.596336474421928E+02   -3.537760602969304E+02   -3.477173372687755E+02   -3.477169693291164E+02   -3.392765940577960E+02   -3.392759940474326E+02   -3.384319239957483E+02   -3.332387014361050E+02   -3.256953903899612E+02   -3.256928642239002E+02   -3.238043578755443E+02   -3.178669676353848E+02   -3.178649820207542E+02   -3.157384183136530E+02   -3.104843887891196E+02   -3.075055590759621E+02   -3.074986651308293E+02   -3.021386254169389E+02   -3.021256488097334E+02   -3.014765089401994E+02   -2.943170159725245E+02   -2.943081124674164E+02   -2.918269510991533E+02   -2.904530567077755E+02   -2.862042263676323E+02   -2.842431390854999E+02   -2.842282912457461E+02   -2.774057139394486E+02   -2.773524072810204E+02   -2.771210203891168E+02   -2.727132544740462E+02   -2.726619103012255E+02   -2.692537145897625E+02   -2.692147744711579E+02   -2.668399245533562E+02   -2.662445706108567E+02   -2.607486076828410E+02   -2.590923559952724E+02   -2.590547532650623E+02   -2.543123620275134E+02   -2.516809046158218E+02   -2.514993138524629E+02   -2.512360644325940E+02   -2.475851197647975E+02   -2.474924513949076E+02   -2.431429783813232E+02   -2.429976037182938E+02   -2.408319317229981E+02   -2.402683756506893E+02   -2.352974698952252E+02   -2.350285927489323E+02   -2.342034909402368E+02   -2.324747651774088E+02   -2.323514643703849E+02   -2.282645526502573E+02   -2.251393934812005E+02   -2.246117776919265E+02   -2.242730822274737E+02   -2.208366716016979E+02   -2.206523292342975E+02   -2.161523790050104E+02   -2.156975516231279E+02   -2.156905989827384E+02   -2.138044197987434E+02   -2.128416281023591E+02   -2.083891390515603E+02   -2.079650004002726E+02   -2.065952101538685E+02   -2.049284386702371E+02   -2.045685100277316E+02   -2.006880286796180E+02   -1.979950770949710E+02   -1.966678089824383E+02   -1.962511291396689E+02   -1.955822825470264E+02   -1.945131761461278E+02   -1.927862579664275E+02   -1.923039470980762E+02   -1.885118688598472E+02   -1.878984055632859E+02   -1.873056946450187E+02   -1.857169624797056E+02   -1.843718629515062E+02   -1.801495688016475E+02   -1.794299139746699E+02   -1.778873679556569E+02   -1.766285524431759E+02   -1.756860813948268E+02   -1.749894126450350E+02   -1.718198201973657E+02   -1.704872336680547E+02   -1.675975154611873E+02   -1.671597240270031E+02   -1.670159254497970E+02   -1.655540855464685E+02   -1.638993529814613E+02   -1.628125386814446E+02
    2.779906057877598E+00   -3.656740943243268E+02   -3.560062779297797E+02   -3.560062488472853E+02   -3.489120130684213E+02   -3.434066192238328E+02   -3.385701911826112E+02   -3.385699422254492E+02   -3.302383270634926E+02   -3.302379556749880E+02   -3.295152660121791E+02   -3.250226451575364E+02   -3.183065687405128E+02   -3.183049568105772E+02   -3.160275097475101E+02   -3.110533551301784E+02   -3.110520376154780E+02   -3.084444236595361E+02   -3.040651444586538E+02   -3.010018459839721E+02   -3.009977189280447E+02   -2.963578992355904E+02   -2.963498440908231E+02   -2.959564824330466E+02   -2.893158982458239E+02   -2.893104551795708E+02   -2.860738760009663E+02   -2.852116975603810E+02   -2.814800247107950E+02   -2.800180719200997E+02   -2.800085110705619E+02   -2.734568820541623E+02   -2.731704483649665E+02   -2.731375548061879E+02   -2.688005726642087E+02   -2.687705125506274E+02   -2.658691000093570E+02   -2.658464828765652E+02   -2.633463881123321E+02   -2.625515416756014E+02   -2.577047462640535E+02   -2.567584323440713E+02   -2.567354437023382E+02   -2.517239333880780E+02   -2.491664457709656E+02   -2.489431690582185E+02   -2.488312489836525E+02   -2.459674325698419E+02   -2.459096632282729E+02   -2.414118114414952E+02   -2.413251100157072E+02   -2.392946366838414E+02   -2.380947241540060E+02   -2.340303325993657E+02   -2.338790166399209E+02   -2.328096150200026E+02   -2.316856065818735E+02   -2.316072852565864E+02   -2.279737546243465E+02   -2.239354169095201E+02   -2.238468337149201E+02   -2.235199624909782E+02   -2.211704765189066E+02   -2.210597873258350E+02   -2.159809190626149E+02   -2.157195396220082E+02   -2.157023923245810E+02   -2.134319062141950E+02   -2.126711345928759E+02   -2.094156256581934E+02   -2.091561830484293E+02   -2.068691283679370E+02   -2.058355140262356E+02   -2.056183582267699E+02   -2.023833448523205E+02   -1.980559488420232E+02   -1.976181070998722E+02   -1.972220228733973E+02   -1.968676993472481E+02   -1.962700642904387E+02   -1.946512124163831E+02   -1.943073215629879E+02   -1.902369222764949E+02   -1.897914596145239E+02   -1.890303310620105E+02   -1.867353998330094E+02   -1.862735509157541E+02   -1.831450603288107E+02   -1.827033372743078E+02   -1.798903524778526E+02   -1.791121183299155E+02   -1.785253633354914E+02   -1.774875849957539E+02   -1.751401143165519E+02   -1.717733344654499E+02   -1.706209703610588E+02   -1.702635863143373E+02   -1.698964926786662E+02   -1.697073506833638E+02   -1.674189178022667E+02   -1.667197718483451E+02
    2.898442653026749E+00   -3.525481191249636E+02   -3.445059270835968E+02   -3.445059040845844E+02   -3.382360719419110E+02   -3.326657793312849E+02   -3.293209713312672E+02   -3.293207832351763E+02   -3.208137869966686E+02   -3.208135423229281E+02   -3.206517773633473E+02   -3.163217277770290E+02   -3.107401909863981E+02   -3.107390727320849E+02   -3.077763941836477E+02   -3.038116960681959E+02   -3.038107538623985E+02   -3.011769087781346E+02   -2.970266879693409E+02   -2.939538143151901E+02   -2.939512445029255E+02   -2.903394102869285E+02   -2.903340710819082E+02   -2.899235185592363E+02   -2.837653733716567E+02   -2.837619095405156E+02   -2.802798618136086E+02   -2.792860650875775E+02   -2.761034674498712E+02   -2.752063229183242E+02   -2.751997025964602E+02   -2.691676477211464E+02   -2.686249796588563E+02   -2.686033401623370E+02   -2.642298663930658E+02   -2.642122715396484E+02   -2.617995790052287E+02   -2.617866772194699E+02   -2.597661054233471E+02   -2.580268137214683E+02   -2.539947509176056E+02   -2.537367815393732E+02   -2.537217714297157E+02   -2.484683662265556E+02   -2.462458668086818E+02   -2.458117754998783E+02   -2.457387650366720E+02   -2.435962736880554E+02   -2.435581512744419E+02   -2.390053378258930E+02   -2.389532991844942E+02   -2.375490815280659E+02   -2.349599650383650E+02   -2.320878029174897E+02   -2.320094441421851E+02   -2.307073043548841E+02   -2.299034160362338E+02   -2.298465415158720E+02   -2.268677824710630E+02   -2.227980400697543E+02   -2.220966383495114E+02   -2.218848193331793E+02   -2.206630339384927E+02   -2.205929333186226E+02   -2.150962691092580E+02   -2.150518401397709E+02   -2.149245481405369E+02   -2.128684890757673E+02   -2.109794816093161E+02   -2.095716976945989E+02   -2.094070132108177E+02   -2.063601494976004E+02   -2.058774178827109E+02   -2.057448185876212E+02   -2.031830031835741E+02   -1.981094278946636E+02   -1.976806453129216E+02   -1.974115504269173E+02   -1.971827932555589E+02   -1.969872709236249E+02   -1.952832891912528E+02   -1.949975777950272E+02   -1.916563691978642E+02   -1.903378331715728E+02   -1.898576341281205E+02   -1.880811367110192E+02   -1.861072076461179E+02   -1.852023608560580E+02   -1.849210663003234E+02   -1.810037241863165E+02   -1.807158008554330E+02   -1.803508945870763E+02   -1.792072942566481E+02   -1.771274592873948E+02   -1.732873320869163E+02   -1.727532246447635E+02   -1.725035230660229E+02   -1.723783525090328E+02   -1.713115557550030E+02   -1.699023181379895E+02   -1.694448407382192E+02
    3.018431627871602E+00   -3.394414175803209E+02   -3.330702548164710E+02   -3.330702335527027E+02   -3.277630538802383E+02   -3.217089985828367E+02   -3.200894957498651E+02   -3.200893364429353E+02   -3.119480454663605E+02   -3.111755248322642E+02   -3.111753461342753E+02   -3.072588769832546E+02   -3.030845022695894E+02   -3.030836551575010E+02   -2.992204715525450E+02   -2.962779776904675E+02   -2.962772532313631E+02   -2.940826997966001E+02   -2.894378912644952E+02   -2.865575710960945E+02   -2.865558622961025E+02   -2.841962936222954E+02   -2.841925477039096E+02   -2.835023700896738E+02   -2.777389039087374E+02   -2.777365942111429E+02   -2.746080781157865E+02   -2.728947905644591E+02   -2.701384364753662E+02   -2.699482408288927E+02   -2.699433717964740E+02   -2.643133960503100E+02   -2.639159147886856E+02   -2.639006370283495E+02   -2.592305745016731E+02   -2.592201753660630E+02   -2.570993444888342E+02   -2.570918376308427E+02   -2.556883817684666E+02   -2.534772385998838E+02   -2.501083880464871E+02   -2.500979794115920E+02   -2.496417416682085E+02   -2.448056981863467E+02   -2.424948689436194E+02   -2.424508791849234E+02   -2.424001837865230E+02   -2.405979616475336E+02   -2.405717511170646E+02   -2.360251483410657E+02   -2.359934788321865E+02   -2.351492832646247E+02   -2.316549140697476E+02   -2.297421348037030E+02   -2.297005616204274E+02   -2.279365785905622E+02   -2.271489959902978E+02   -2.271052958852024E+02   -2.250868979834370E+02   -2.209737495525412E+02   -2.201040698470287E+02   -2.199722821926204E+02   -2.193299424389805E+02   -2.192789447994433E+02   -2.139729034345904E+02   -2.135885177189730E+02   -2.134822290977009E+02   -2.111916832728168E+02   -2.090093269498488E+02   -2.089345450849948E+02   -2.089002570416058E+02   -2.051595333953389E+02   -2.051496831740855E+02   -2.050743830088116E+02   -2.031883695083673E+02   -1.978470728222402E+02   -1.976517808502196E+02   -1.974986001733441E+02   -1.966701693918261E+02   -1.963365091117750E+02   -1.946848007791281E+02   -1.944675397791804E+02   -1.923150780960125E+02   -1.902270623116039E+02   -1.899230424462976E+02   -1.885465883325184E+02   -1.864316277449781E+02   -1.862437219642197E+02   -1.854067681868451E+02   -1.815395243392414E+02   -1.813759520618798E+02   -1.813101135376468E+02   -1.804934520353931E+02   -1.777101388470167E+02   -1.751405096493649E+02   -1.747888304747518E+02   -1.736387064817828E+02   -1.729078974589158E+02   -1.720861517414926E+02   -1.714152695084586E+02   -1.711113541456147E+02
    3.139790058407463E+00   -3.265037245588911E+02   -3.219127365627323E+02   -3.219127123996816E+02   -3.176158540028397E+02   -3.109542054697880E+02   -3.109540555895008E+02   -3.107339409766229E+02   -3.033657278273989E+02   -3.015192794276902E+02   -3.015191222832707E+02   -2.980344468732012E+02   -2.953575058446692E+02   -2.953568151852339E+02   -2.905403585886480E+02   -2.885908055319791E+02   -2.885902053074301E+02   -2.871178022239122E+02   -2.815003806536386E+02   -2.790796109071224E+02   -2.790781981278436E+02   -2.779302295892958E+02   -2.779277927625625E+02   -2.767973104988617E+02   -2.712937303032477E+02   -2.712921081120400E+02   -2.690529355536231E+02   -2.662533016163633E+02   -2.643741567392494E+02   -2.643703854155133E+02   -2.638062478282180E+02   -2.591427729853091E+02   -2.591312694322284E+02   -2.588940604488319E+02   -2.539711097665136E+02   -2.539645995194759E+02   -2.519130642290043E+02   -2.519078065259415E+02   -2.512632673225408E+02   -2.490213675169698E+02   -2.459010247633281E+02   -2.458935373908799E+02   -2.447665946732250E+02   -2.407905092394516E+02   -2.389894626781044E+02   -2.389523414904141E+02   -2.381185923224629E+02   -2.370881787103317E+02   -2.370696007072416E+02   -2.325860236524480E+02   -2.325660069983657E+02   -2.321449181826078E+02   -2.283879042279634E+02   -2.270079333125315E+02   -2.269822394912446E+02   -2.245741739977548E+02   -2.236845976400065E+02   -2.236527961499976E+02   -2.227045868385388E+02   -2.185758757531683E+02   -2.180638387633604E+02   -2.179892605051288E+02   -2.171646582718134E+02   -2.171125783522133E+02   -2.124616254300327E+02   -2.115541919427681E+02   -2.114868251064583E+02   -2.087166731204819E+02   -2.078368690466047E+02   -2.077619583865196E+02   -2.067683776886767E+02   -2.037919472076313E+02   -2.037384770238461E+02   -2.033469481454049E+02   -2.023868669800709E+02   -1.973292066718071E+02   -1.972297039229674E+02   -1.969347037422757E+02   -1.955097764677379E+02   -1.952667719576801E+02   -1.931867251585168E+02   -1.930375372314306E+02   -1.923291527498531E+02   -1.895330423075692E+02   -1.893392145416101E+02   -1.882580567766554E+02   -1.869068944654512E+02   -1.867764814425782E+02   -1.844092934111851E+02   -1.816708545675244E+02   -1.815495039213216E+02   -1.815238952501943E+02   -1.807611673044258E+02   -1.772768731792223E+02   -1.763203038330317E+02   -1.760893417275782E+02   -1.741399257950185E+02   -1.729953409437178E+02   -1.724688761763340E+02   -1.720092324671320E+02   -1.718008635940039E+02
    3.262434074203153E+00   -3.139766721234920E+02   -3.113227925378954E+02   -3.113227579682492E+02   -3.078383799505851E+02   -3.019280480551409E+02   -3.019278943546351E+02   -3.000200338805421E+02   -2.947472051893241E+02   -2.921017063667392E+02   -2.921015175144598E+02   -2.888498969899386E+02   -2.874755866386027E+02   -2.874750098795707E+02   -2.819699104896595E+02   -2.808861309613691E+02   -2.808855912024333E+02   -2.801373088956886E+02   -2.734381159163223E+02   -2.722063739659983E+02   -2.722040138928162E+02   -2.710829633325167E+02   -2.710818926495002E+02   -2.698717412992526E+02   -2.644729330758329E+02   -2.644717324296583E+02   -2.635468715471479E+02   -2.595723141619144E+02   -2.586035913655641E+02   -2.586005245714144E+02   -2.573661117592424E+02   -2.543419185214870E+02   -2.543327955390941E+02   -2.528693726855433E+02   -2.485238485523679E+02   -2.485193878043592E+02   -2.466425835529565E+02   -2.465375614151081E+02   -2.465330927588178E+02   -2.446019136132297E+02   -2.410852860085978E+02   -2.410798376629582E+02   -2.396447694012335E+02   -2.363150310431567E+02   -2.354663311281282E+02   -2.354378561438553E+02   -2.334898469191263E+02   -2.332128248698635E+02   -2.331991643166010E+02   -2.288253936353922E+02   -2.288117172487036E+02   -2.285199133828766E+02   -2.251895076799357E+02   -2.238142625757867E+02   -2.237966873723778E+02   -2.209869475244049E+02   -2.198962405481350E+02   -2.198722210633806E+02   -2.196101729936837E+02   -2.157240012304411E+02   -2.156923977473231E+02   -2.156333821894561E+02   -2.145153938159418E+02   -2.144792220549959E+02   -2.104473988393520E+02   -2.091202176409525E+02   -2.090754152507366E+02   -2.061021671947797E+02   -2.060455376697826E+02   -2.058802143298021E+02   -2.045592972274758E+02   -2.019264446173027E+02   -2.018901405845790E+02   -2.014537352339320E+02   -2.003479189129616E+02   -1.964706776912151E+02   -1.963979405478739E+02   -1.954736336875087E+02   -1.941240483090247E+02   -1.939425906666924E+02   -1.917610151749436E+02   -1.911527487203588E+02   -1.910575014381068E+02   -1.883400952057808E+02   -1.882158562911516E+02   -1.873806014051873E+02   -1.866253371632151E+02   -1.865346790571239E+02   -1.833435833520289E+02   -1.817115015820245E+02   -1.812000316061496E+02   -1.811065311855432E+02   -1.797216481071714E+02   -1.768946763766749E+02   -1.767250312910552E+02   -1.762363847761393E+02   -1.739365145059031E+02   -1.728895307926282E+02   -1.725471678166260E+02   -1.718758137781536E+02   -1.716987497207587E+02
    3.386278916363608E+00   -3.025430578188488E+02   -3.016796860071170E+02   -3.016796283893420E+02   -2.980616814649775E+02   -2.929624740187353E+02   -2.929623045450019E+02   -2.900235747553712E+02   -2.857703749587445E+02   -2.832436634923632E+02   -2.832433689226638E+02   -2.798667971020156E+02   -2.792627586028188E+02   -2.792623012336796E+02   -2.740146958367889E+02   -2.732852305304988E+02   -2.732847002525970E+02   -2.727438434533757E+02   -2.659180914384864E+02   -2.659157790996787E+02   -2.654871999401574E+02   -2.638473979832781E+02   -2.638464016411871E+02   -2.626909870933785E+02   -2.580223166357612E+02   -2.573251265873467E+02   -2.573241742374113E+02   -2.531082113822238E+02   -2.527412598375368E+02   -2.527386315308474E+02   -2.508831573783656E+02   -2.494975604521440E+02   -2.494900436299932E+02   -2.462839091122061E+02   -2.429360786940220E+02   -2.429327407181224E+02   -2.419681047266452E+02   -2.412703733069069E+02   -2.412659645450838E+02   -2.401178435590811E+02   -2.356602202129693E+02   -2.356559599157128E+02   -2.345322433179048E+02   -2.318544293146884E+02   -2.318318982947293E+02   -2.313083159674911E+02   -2.291216868577496E+02   -2.291103924386358E+02   -2.289704115272339E+02   -2.248729748528657E+02   -2.248625698992831E+02   -2.242739753580101E+02   -2.219211303602420E+02   -2.201411071651829E+02   -2.201284574759797E+02   -2.175842402604586E+02   -2.162096902716944E+02   -2.161897740666460E+02   -2.157411671976906E+02   -2.129056867874994E+02   -2.128511203045827E+02   -2.125042442353758E+02   -2.113774785317204E+02   -2.113587752924862E+02   -2.079054590509606E+02   -2.064618885968135E+02   -2.064295421597340E+02   -2.037765271389573E+02   -2.037374037998316E+02   -2.033299602826792E+02   -2.020517414533701E+02   -1.997256615800897E+02   -1.996987597125089E+02   -1.992326548598712E+02   -1.974185552390962E+02   -1.950503891617178E+02   -1.949930760828415E+02   -1.935747665671940E+02   -1.925884172362732E+02   -1.924500440592947E+02   -1.905761005316972E+02   -1.890372267499568E+02   -1.889690259867585E+02   -1.866909420568385E+02   -1.866143768330963E+02   -1.861138361199336E+02   -1.854789330279899E+02   -1.854194132965198E+02   -1.823105243425338E+02   -1.812589606094517E+02   -1.802380757049076E+02   -1.801739928880390E+02   -1.780570215265948E+02   -1.768310116623825E+02   -1.767085528471096E+02   -1.750479518166103E+02   -1.730209886713130E+02   -1.725725894430193E+02   -1.723077732593782E+02   -1.717588728714071E+02   -1.712799753368055E+02
    3.511238996106465E+00   -2.934186075365167E+02   -2.932984752073111E+02   -2.932983810318105E+02   -2.874254971850517E+02   -2.841240875171804E+02   -2.841238792203193E+02   -2.810687275197986E+02   -2.762703227216552E+02   -2.750218594622982E+02   -2.750214388411554E+02   -2.712100099931806E+02   -2.707773056423231E+02   -2.707769245986761E+02   -2.668600432454071E+02   -2.658729307023449E+02   -2.658723640777274E+02   -2.648360699350278E+02   -2.596616694576968E+02   -2.596594912812415E+02   -2.579618912481141E+02   -2.568428775495910E+02   -2.568418478155413E+02   -2.551212935579882E+02   -2.523820957652395E+02   -2.499745625898299E+02   -2.499736774598973E+02   -2.470198904425601E+02   -2.468724709822714E+02   -2.468700484145331E+02   -2.445494603969239E+02   -2.445432204157112E+02   -2.443030445890340E+02   -2.393554523011335E+02   -2.373224445864601E+02   -2.372713033930507E+02   -2.372686033980175E+02   -2.362097834535620E+02   -2.362054757172195E+02   -2.355111684539033E+02   -2.298758476263590E+02   -2.298699700800274E+02   -2.294846496065846E+02   -2.280325539551913E+02   -2.280164048557611E+02   -2.259009374537655E+02   -2.249321780947721E+02   -2.249229335805112E+02   -2.246764015550463E+02   -2.207871879044196E+02   -2.207785146007171E+02   -2.199198699319729E+02   -2.181020369708174E+02   -2.160457942385548E+02   -2.160362271988245E+02   -2.141518005408738E+02   -2.128716261783993E+02   -2.128525169012215E+02   -2.117064820508376E+02   -2.099692866948483E+02   -2.099246454994049E+02   -2.088635410895891E+02   -2.074976218250924E+02   -2.074868055550334E+02   -2.048587836899583E+02   -2.037222250653599E+02   -2.036966275759046E+02   -2.011784374420481E+02   -2.008893338777809E+02   -2.008628560027632E+02   -1.993780102637269E+02   -1.973207034756618E+02   -1.972973751514197E+02   -1.962815537574628E+02   -1.941946303719076E+02   -1.930768166348130E+02   -1.930286220014767E+02   -1.913597833234117E+02   -1.909267001182443E+02   -1.908226981070877E+02   -1.886863493675600E+02   -1.872396640631814E+02   -1.871849629997031E+02   -1.846667491160694E+02   -1.845643767664458E+02   -1.845163354426664E+02   -1.834485224366534E+02   -1.834097536239594E+02   -1.811734174129109E+02   -1.802037363215175E+02   -1.789488722094890E+02   -1.788970692822071E+02   -1.761075267474459E+02   -1.760342179653561E+02   -1.759491043404416E+02   -1.739819193414727E+02   -1.720988171607864E+02   -1.718770061128807E+02   -1.715764983487265E+02   -1.708689714377976E+02   -1.704166937251880E+02
    3.637227953912205E+00   -2.862114184626089E+02   -2.861998754242838E+02   -2.861997384752600E+02   -2.769767242494237E+02   -2.758215666282352E+02   -2.758212724194718E+02   -2.725183035907475E+02   -2.671029188464722E+02   -2.671024004822435E+02   -2.668413309921809E+02   -2.629817473594328E+02   -2.625512372030503E+02   -2.625508246550328E+02   -2.598772339148925E+02   -2.586447436631488E+02   -2.586441024510419E+02   -2.570123175196284E+02   -2.533055961806367E+02   -2.533034876081246E+02   -2.509766106667109E+02   -2.501334121628378E+02   -2.501323065902832E+02   -2.476796420678278E+02   -2.460713376258412E+02   -2.427178476750001E+02   -2.427166958612644E+02   -2.412301901721278E+02   -2.410759012272411E+02   -2.410731468333777E+02   -2.393216886803448E+02   -2.393171377875419E+02   -2.377387023115703E+02   -2.329231958672394E+02   -2.321389597195014E+02   -2.316000909292947E+02   -2.315976462656432E+02   -2.312984105350210E+02   -2.312943047190304E+02   -2.307760642111152E+02   -2.248964935013280E+02   -2.248806399887791E+02   -2.244156659268037E+02   -2.231016360224492E+02   -2.230980100901112E+02   -2.208631341999774E+02   -2.207330698324017E+02   -2.207255354749876E+02   -2.199557538360744E+02   -2.165230865149153E+02   -2.165155793406174E+02   -2.162618241744727E+02   -2.132013881211718E+02   -2.116642374641581E+02   -2.116563266700807E+02   -2.105541049367483E+02   -2.097498567890125E+02   -2.097303369705630E+02   -2.079572971656561E+02   -2.070113529122931E+02   -2.069782691205104E+02   -2.046752139828226E+02   -2.030867236824129E+02   -2.030788787468057E+02   -2.014002289594438E+02   -2.009004700154749E+02   -2.008788787743087E+02   -1.990476045851875E+02   -1.976731320389392E+02   -1.976523514367813E+02   -1.967594050523670E+02   -1.946822214617405E+02   -1.946582627077629E+02   -1.929949763407249E+02   -1.908838798831390E+02   -1.906583555239513E+02   -1.906111064713189E+02   -1.890972853669233E+02   -1.890274765857599E+02   -1.888210707107672E+02   -1.860688197066505E+02   -1.855678979691454E+02   -1.855232892309359E+02   -1.831353911684364E+02   -1.823057414744688E+02   -1.822692980629675E+02   -1.807355138855553E+02   -1.807087385980269E+02   -1.797782855964663E+02   -1.786647630083453E+02   -1.775150905112595E+02   -1.774639093270766E+02   -1.744030592094001E+02   -1.743489288364867E+02   -1.743059758602603E+02   -1.725892698023698E+02   -1.715221774781566E+02   -1.713343571509164E+02   -1.699496482500861E+02   -1.694200476988756E+02   -1.693400584603263E+02
    3.764158719206938E+00   -2.801999362517503E+02   -2.801990589464369E+02   -2.801988830628234E+02   -2.687120100877257E+02   -2.685474506116097E+02   -2.685470217823692E+02   -2.630557639756858E+02   -2.593284313585407E+02   -2.593277896832111E+02   -2.582216432746768E+02   -2.554278299512740E+02   -2.552206299632159E+02   -2.552200772742303E+02   -2.527838478952885E+02   -2.514420194405984E+02   -2.514412772470023E+02   -2.492365497386727E+02   -2.467749533300144E+02   -2.467728629753107E+02   -2.443851516434063E+02   -2.436696904572740E+02   -2.436684826494263E+02   -2.415116095824513E+02   -2.381863540832495E+02   -2.360927149326773E+02   -2.360907940600707E+02   -2.356160649349531E+02   -2.354810833769609E+02   -2.354771788587001E+02   -2.333651927123197E+02   -2.333630384650599E+02   -2.313876818350320E+02   -2.281952579720376E+02   -2.264788743491533E+02   -2.264747599222458E+02   -2.262389219209913E+02   -2.259731782896992E+02   -2.259707304206021E+02   -2.250878156741384E+02   -2.208534579126263E+02   -2.208375664229527E+02   -2.192410672652827E+02   -2.172412955569783E+02   -2.172385461908152E+02   -2.167563014158414E+02   -2.165525614799045E+02   -2.165460754176227E+02   -2.143696758101118E+02   -2.127419357968983E+02   -2.119577782656720E+02   -2.119514451842960E+02   -2.081202471875660E+02   -2.071811635071743E+02   -2.071736424032489E+02   -2.066960126810277E+02   -2.066710028476284E+02   -2.066523216261795E+02   -2.043832583357474E+02   -2.039501706316995E+02   -2.039266616031697E+02   -2.001422334237840E+02   -1.985566413534345E+02   -1.985494934573524E+02   -1.979302969239820E+02   -1.979117418848941E+02   -1.976738364097918E+02   -1.967448561156616E+02   -1.945401647610578E+02   -1.945223645144590E+02   -1.940845681663945E+02   -1.915580962766863E+02   -1.915311019724854E+02   -1.898711522048673E+02   -1.880917324043060E+02   -1.880319116560469E+02   -1.876653023128293E+02   -1.869104346180631E+02   -1.868787892946344E+02   -1.857031541660183E+02   -1.837421206124626E+02   -1.837040064886718E+02   -1.831242580724777E+02   -1.812711405721830E+02   -1.801283134732149E+02   -1.800973302303244E+02   -1.781730305298655E+02   -1.776892463117951E+02   -1.776695630358365E+02   -1.766872442346510E+02   -1.759290819968620E+02   -1.758774337383905E+02   -1.731580135856080E+02   -1.719745841878207E+02   -1.719330014312809E+02   -1.707600436448439E+02   -1.706028272137737E+02   -1.705161946637193E+02   -1.683097329667135E+02   -1.682427115064674E+02   -1.681095321799117E+02
    3.891943570536597E+00   -2.751023364234172E+02   -2.751021528096011E+02   -2.751020282329181E+02   -2.624484066060962E+02   -2.624326609529600E+02   -2.624320828060140E+02   -2.534418573645663E+02   -2.520630021974830E+02   -2.520621304248900E+02   -2.505734394875638E+02   -2.491293113812326E+02   -2.490932222356658E+02   -2.490924524408942E+02   -2.452177230843859E+02   -2.441398774209290E+02   -2.441389778080832E+02   -2.414920407450654E+02   -2.401697689941753E+02   -2.401675652720357E+02   -2.380638563630168E+02   -2.373667575861710E+02   -2.373654589919238E+02   -2.354875963362383E+02   -2.302803930647491E+02   -2.302764447710333E+02   -2.302479879953106E+02   -2.299843468871222E+02   -2.299813849233538E+02   -2.298819912349855E+02   -2.268308338114148E+02   -2.268295675365543E+02   -2.254490158717791E+02   -2.233852090640010E+02   -2.217091969709262E+02   -2.217052055940198E+02   -2.214705750585118E+02   -2.204186953794212E+02   -2.204159627094307E+02   -2.185211428527036E+02   -2.167875440685028E+02   -2.167728260955527E+02   -2.139095957832099E+02   -2.127167899546951E+02   -2.125735342925400E+02   -2.125670383374095E+02   -2.114949199090892E+02   -2.114914321990759E+02   -2.097432803461299E+02   -2.081120213294189E+02   -2.069517940557133E+02   -2.069468424698009E+02   -2.038102736284318E+02   -2.035639282685117E+02   -2.035438011273645E+02   -2.028447613952188E+02   -2.028344330581287E+02   -2.023366587733562E+02   -2.006287539082519E+02   -2.006140885170109E+02   -2.005437610852541E+02   -1.958429118217719E+02   -1.948672785148634E+02   -1.948499267890764E+02   -1.943715563878248E+02   -1.940861380726561E+02   -1.940794082382382E+02   -1.933699813279812E+02   -1.916917072404781E+02   -1.916755933860132E+02   -1.912603254133928E+02   -1.879878267267687E+02   -1.879488349228587E+02   -1.869688404691250E+02   -1.855582345547470E+02   -1.855099166888660E+02   -1.846174763334471E+02   -1.841559380459917E+02   -1.841361266421885E+02   -1.820404273426309E+02   -1.816567889019628E+02   -1.816271116734964E+02   -1.808027673715063E+02   -1.784113755627353E+02   -1.780488280379973E+02   -1.780191618418285E+02   -1.762341492321591E+02   -1.745471587852646E+02   -1.745260030097359E+02   -1.743988452523450E+02   -1.740628824495494E+02   -1.740145355802770E+02   -1.719284848385965E+02   -1.703239027730706E+02   -1.702292653360429E+02   -1.686858357247356E+02   -1.686285837704384E+02   -1.683267821103042E+02   -1.669174895846916E+02   -1.668686507911076E+02   -1.662353420569769E+02
    4.020494196190960E+00   -2.707580888560461E+02   -2.707578514809767E+02   -2.707577316300755E+02   -2.573191237374316E+02   -2.573180426877906E+02   -2.573173760950928E+02   -2.459497058283162E+02   -2.457870808829476E+02   -2.457858968496707E+02   -2.440171996933188E+02   -2.440116597155996E+02   -2.440106416221299E+02   -2.426305935542188E+02   -2.375848781483699E+02   -2.369441926490761E+02   -2.369429936873605E+02   -2.344338559665285E+02   -2.339690486242183E+02   -2.339664407618590E+02   -2.318601268813604E+02   -2.309994400695330E+02   -2.309981913353452E+02   -2.289351489780124E+02   -2.247967357879293E+02   -2.247915892713493E+02   -2.247371901735836E+02   -2.244375211231951E+02   -2.244349654339732E+02   -2.221692289152202E+02   -2.206503468633063E+02   -2.206489455875787E+02   -2.200351383215690E+02   -2.182491249379671E+02   -2.169745929570688E+02   -2.169706810856396E+02   -2.167364527936528E+02   -2.149242342627579E+02   -2.149203895984004E+02   -2.124956074136431E+02   -2.124825327745196E+02   -2.124278758247877E+02   -2.090012519229054E+02   -2.085477145198328E+02   -2.085412976480263E+02   -2.080279937224066E+02   -2.063190615473641E+02   -2.063145228542824E+02   -2.060700632886048E+02   -2.024086688956615E+02   -2.015782900179008E+02   -2.015739860878458E+02   -2.003434931109379E+02   -2.003225800076434E+02   -2.000912239236143E+02   -1.989718405901012E+02   -1.989589594414410E+02   -1.981495739801799E+02   -1.968072998511292E+02   -1.967998713929480E+02   -1.960456943131592E+02   -1.925805857952426E+02   -1.916447458658440E+02   -1.916284577313871E+02   -1.911682597628089E+02   -1.899308512293846E+02   -1.899239439449024E+02   -1.888774333819886E+02   -1.888652776036631E+02   -1.888511360284837E+02   -1.880819480375426E+02   -1.848405725431979E+02   -1.847810741831221E+02   -1.840701460895089E+02   -1.824997879762008E+02   -1.824803555170912E+02   -1.816635347796120E+02   -1.809446057327563E+02   -1.809312972186112E+02   -1.792654798297273E+02   -1.792418822815157E+02   -1.791226229345152E+02   -1.779478615591816E+02   -1.759763267212223E+02   -1.759457178969869E+02   -1.755502795278076E+02   -1.733341493422376E+02   -1.721113658272563E+02   -1.720662733968294E+02   -1.719270789373221E+02   -1.712233175972527E+02   -1.711993497367893E+02   -1.704649008754405E+02   -1.693045956898260E+02   -1.692132209848979E+02   -1.664790911923898E+02   -1.663187111139613E+02   -1.662672367849193E+02   -1.645457611813270E+02   -1.645210146570485E+02   -1.641319615944630E+02
    4.149721755235591E+00   -2.670483095528812E+02   -2.670480391948668E+02   -2.670479043406241E+02   -2.530133771377998E+02   -2.530126432687419E+02   -2.530122284590090E+02   -2.405980285087068E+02   -2.405847485031964E+02   -2.405833209317264E+02   -2.397490850692012E+02   -2.397483567518525E+02   -2.397473060143544E+02   -2.346523530210133E+02   -2.306371533967131E+02   -2.304171577750505E+02   -2.304154487334308E+02   -2.287826902712240E+02   -2.286711812594223E+02   -2.286678360776202E+02   -2.253972537875073E+02   -2.242692379934080E+02   -2.242681175374804E+02   -2.217131668400576E+02   -2.194314224974397E+02   -2.193143262349538E+02   -2.193083741889245E+02   -2.190339944362508E+02   -2.190313989194684E+02   -2.156090510521079E+02   -2.153467827522678E+02   -2.153448427218891E+02   -2.148836591817401E+02   -2.127095606063462E+02   -2.122507477167859E+02   -2.122469504414293E+02   -2.115774508703173E+02   -2.096457116674563E+02   -2.096384995873363E+02   -2.077636384686520E+02   -2.077539882372211E+02   -2.068949308132952E+02   -2.049446105158084E+02   -2.045711845169452E+02   -2.045650158087100E+02   -2.025530375686041E+02   -2.021636769372843E+02   -2.014233663492209E+02   -2.014180849104593E+02   -1.972600309225737E+02   -1.972428995251452E+02   -1.968050200059511E+02   -1.964121857446102E+02   -1.960329101265508E+02   -1.960198826874358E+02   -1.953217320944420E+02   -1.953136310512001E+02   -1.941115012554459E+02   -1.926171770329931E+02   -1.926119872659542E+02   -1.913601036861358E+02   -1.897675125822332E+02   -1.884193895268583E+02   -1.884033902796024E+02   -1.879364777793539E+02   -1.863610747257622E+02   -1.863482458119197E+02   -1.855077746777034E+02   -1.854942467470656E+02   -1.851990540810176E+02   -1.835289822803935E+02   -1.822942973076829E+02   -1.822376067920457E+02   -1.809529274704567E+02   -1.794125092699828E+02   -1.793876792944890E+02   -1.788257727014411E+02   -1.770914726997591E+02   -1.770589647922545E+02   -1.770527693047358E+02   -1.765472852291522E+02   -1.765315902327741E+02   -1.745011985470818E+02   -1.737164295331357E+02   -1.736851768988000E+02   -1.728369948759623E+02   -1.700606611870077E+02   -1.699186100702183E+02   -1.698864861995504E+02   -1.690427483483856E+02   -1.685396807893768E+02   -1.684930583092121E+02   -1.684050920095155E+02   -1.676658948409717E+02   -1.676437217078338E+02   -1.649560984300044E+02   -1.645503424315575E+02   -1.645089690266132E+02   -1.617417292383063E+02   -1.614578784754244E+02   -1.614232233772912E+02
    4.279536938909528E+00   -2.638774683147507E+02   -2.638771694614611E+02   -2.638770203756596E+02   -2.493704973390836E+02   -2.493696206499343E+02   -2.493691793633462E+02   -2.363252852915300E+02   -2.363230326576571E+02   -2.363224556515808E+02   -2.360984578205021E+02   -2.360969635414490E+02   -2.360961094633548E+02   -2.276565244320491E+02   -2.250518295554333E+02   -2.250258945938212E+02   -2.250237499349978E+02   -2.242752126144073E+02   -2.242492162973209E+02   -2.242446559322539E+02   -2.183647965133346E+02   -2.173642868014239E+02   -2.173629194561559E+02   -2.149732050186681E+02   -2.142825493405250E+02   -2.141452511196931E+02   -2.141381571986819E+02   -2.137321616943546E+02   -2.137300895220463E+02   -2.109927289195799E+02   -2.109749741111246E+02   -2.109724028730271E+02   -2.091498330865808E+02   -2.076996467870893E+02   -2.075029871275134E+02   -2.074992691581587E+02   -2.049851923916867E+02   -2.047592328009003E+02   -2.047486452682128E+02   -2.027119055251006E+02   -2.027047180098451E+02   -2.018571830441197E+02   -2.009354347205603E+02   -2.006066624967010E+02   -2.006007174310621E+02   -1.984946471389167E+02   -1.966935635216059E+02   -1.965613307583104E+02   -1.965555942109666E+02   -1.938473178704857E+02   -1.938296029234505E+02   -1.932193038182086E+02   -1.922944176181858E+02   -1.922787135924852E+02   -1.910436002872182E+02   -1.903890049338067E+02   -1.903846588399025E+02   -1.898495384208493E+02   -1.884009928132133E+02   -1.883959997966460E+02   -1.872855414382139E+02   -1.864149395809156E+02   -1.853232813865321E+02   -1.853071601843587E+02   -1.849127711492761E+02   -1.830370013247494E+02   -1.830186362172148E+02   -1.818099705740082E+02   -1.817687991722436E+02   -1.817528652930836E+02   -1.797607219694945E+02   -1.797166731512471E+02   -1.789853377954539E+02   -1.772121113019681E+02   -1.767493852228428E+02   -1.767242312745962E+02   -1.761176696370939E+02   -1.748120622884167E+02   -1.736367688867915E+02   -1.736236905226873E+02   -1.730746177769273E+02   -1.730601329640401E+02   -1.719410114207336E+02   -1.708050764509548E+02   -1.707816964233948E+02   -1.693776243898664E+02   -1.677664147180340E+02   -1.677208741217660E+02   -1.676325276577886E+02   -1.670054818245397E+02   -1.669039694332935E+02   -1.664530711949898E+02   -1.649184991528180E+02   -1.646781285106830E+02   -1.646646053695677E+02   -1.634380237963055E+02   -1.626742063321542E+02   -1.626453395184693E+02   -1.594477388213656E+02   -1.591951898213939E+02   -1.591368299919443E+02
    4.409850032346284E+00   -2.611663007295431E+02   -2.611659765152104E+02   -2.611658146804810E+02   -2.462777376596912E+02   -2.462767626714798E+02   -2.462762749966819E+02   -2.331487975686452E+02   -2.331472121581344E+02   -2.331465637693270E+02   -2.326176681442423E+02   -2.326156784186751E+02   -2.326147116584890E+02   -2.216282369469590E+02   -2.208850247206406E+02   -2.208806522161217E+02   -2.208788268070315E+02   -2.203375114699046E+02   -2.203350610946288E+02   -2.203298391377780E+02   -2.115459834910904E+02   -2.111304235319546E+02   -2.111274700712279E+02   -2.099102929605730E+02   -2.096126335823980E+02   -2.096038811583311E+02   -2.091043757879718E+02   -2.083143699675823E+02   -2.083130640370776E+02   -2.073666498473841E+02   -2.073643922821001E+02   -2.073623000979814E+02   -2.029920659912445E+02   -2.027066964164707E+02   -2.027026686323012E+02   -2.025695222252785E+02   -2.000946119705665E+02   -2.000821737313397E+02   -1.986478923770869E+02   -1.980750474636604E+02   -1.980675009153883E+02   -1.971322295864023E+02   -1.967723807936254E+02   -1.966101242211872E+02   -1.966046488282050E+02   -1.941708756584354E+02   -1.916305528489905E+02   -1.916236319981583E+02   -1.913322206380786E+02   -1.903134283273835E+02   -1.902978962443906E+02   -1.898292737594993E+02   -1.888819164667500E+02   -1.888653323939119E+02   -1.863095718748352E+02   -1.854773842459297E+02   -1.854715143018680E+02   -1.851775133636121E+02   -1.843440591817401E+02   -1.843385001087054E+02   -1.841977315757690E+02   -1.823752379737892E+02   -1.823600785518251E+02   -1.821149686493852E+02   -1.817419760685048E+02   -1.794375527273143E+02   -1.794140538392118E+02   -1.784042757746154E+02   -1.782559596432072E+02   -1.782282380006742E+02   -1.768765223396750E+02   -1.768541294102508E+02   -1.754212390860324E+02   -1.742587483780656E+02   -1.742349936314044E+02   -1.739270178000305E+02   -1.723695168404136E+02   -1.719541414135250E+02   -1.707027077965520E+02   -1.706882083255311E+02   -1.698419629481399E+02   -1.698162082202038E+02   -1.695824930098697E+02   -1.667980917946023E+02   -1.667849866682080E+02   -1.663446066221348E+02   -1.658924121375460E+02   -1.658551811711395E+02   -1.651318606361509E+02   -1.650592591595297E+02   -1.648773388566377E+02   -1.638329200031262E+02   -1.619612514010490E+02   -1.619420096206500E+02   -1.618737890559689E+02   -1.608011301335017E+02   -1.603895222130483E+02   -1.603706589504918E+02   -1.576969367855020E+02   -1.574067475862645E+02   -1.573519531981246E+02
    4.540570976575511E+00   -2.588480333796089E+02   -2.588476867143706E+02   -2.588475135929548E+02   -2.436468163882276E+02   -2.436457563696036E+02   -2.436452263506228E+02   -2.305532707555556E+02   -2.305516497942373E+02   -2.305508827748657E+02   -2.295858115421301E+02   -2.295836006261200E+02   -2.295825154517827E+02   -2.177452940766479E+02   -2.177407944185657E+02   -2.177389142896536E+02   -2.167945953524384E+02   -2.167915876579996E+02   -2.167890565833490E+02   -2.164034480553763E+02   -2.066117833674823E+02   -2.065946271504193E+02   -2.065902027917220E+02   -2.055884103258276E+02   -2.055137808897468E+02   -2.055043344591866E+02   -2.043554989456474E+02   -2.043523795519017E+02   -2.043505830048289E+02   -2.037379805492664E+02   -2.026562262862607E+02   -2.026558629462826E+02   -1.980396094730900E+02   -1.979287056405009E+02   -1.979237995698168E+02   -1.966506026044587E+02   -1.957044132913297E+02   -1.956901680257338E+02   -1.942719918081461E+02   -1.942232207538404E+02   -1.942143498762582E+02   -1.927704676486995E+02   -1.925038291422282E+02   -1.924989627778699E+02   -1.912955308924460E+02   -1.891040537907109E+02   -1.871710281527178E+02   -1.871587520751123E+02   -1.865152155814950E+02   -1.863282626733589E+02   -1.863188099111750E+02   -1.862752595316700E+02   -1.854047594797672E+02   -1.853854064106943E+02   -1.818972770328324E+02   -1.811481929065991E+02   -1.811425146914037E+02   -1.811117504897744E+02   -1.810348368615802E+02   -1.804191908671628E+02   -1.804099743156702E+02   -1.794279296041319E+02   -1.794158266462789E+02   -1.791152083938240E+02   -1.767295031280045E+02   -1.758207520148908E+02   -1.757807933950680E+02   -1.749764557424136E+02   -1.749646907004722E+02   -1.749437336326845E+02   -1.734738043680632E+02   -1.734635549761730E+02   -1.724554583824890E+02   -1.717978784959581E+02   -1.717790730607643E+02   -1.711016405264871E+02   -1.696553329681011E+02   -1.678624015731020E+02   -1.678421188150529E+02   -1.673626192266478E+02   -1.667823008396096E+02   -1.667392857121057E+02   -1.667154326355923E+02   -1.642702463196171E+02   -1.642266951131357E+02   -1.640556009383940E+02   -1.631518635920604E+02   -1.630930884820548E+02   -1.621741384631288E+02   -1.621663742717279E+02   -1.617188136124621E+02   -1.609715133193329E+02   -1.597739206201762E+02   -1.596978138362681E+02   -1.596788426411544E+02   -1.577783414060140E+02   -1.577548821734326E+02   -1.570386569961343E+02   -1.564910606020546E+02   -1.555435238405204E+02   -1.555035709158054E+02
    4.671609430762463E+00   -2.568659298823947E+02   -2.568655634758468E+02   -2.568653804344078E+02   -2.414059903875612E+02   -2.414048555317447E+02   -2.414042880796376E+02   -2.283511806023380E+02   -2.283494541994581E+02   -2.283486117145194E+02   -2.270165685527522E+02   -2.270141698646643E+02   -2.270129810008669E+02   -2.151567963391408E+02   -2.151520302566559E+02   -2.151497928625591E+02   -2.137915188111029E+02   -2.137873242683749E+02   -2.137853656478626E+02   -2.118638159397814E+02   -2.033291680794615E+02   -2.033197441875719E+02   -2.033162448041122E+02   -2.019354536751148E+02   -2.019331076009856E+02   -2.019249080139184E+02   -2.018071965496997E+02   -2.018039758449852E+02   -2.018017843173948E+02   -1.983791242424804E+02   -1.973562898581970E+02   -1.973561801410698E+02   -1.935632186794828E+02   -1.935337341236600E+02   -1.935275158099064E+02   -1.919172109501309E+02   -1.916798211205441E+02   -1.916635370084497E+02   -1.910696962019891E+02   -1.910634069336590E+02   -1.910563099407911E+02   -1.883823096575543E+02   -1.881713681647920E+02   -1.881673481273525E+02   -1.853575124328546E+02   -1.837505841370273E+02   -1.835350915411219E+02   -1.835224245516456E+02   -1.829396851027595E+02   -1.820981669862901E+02   -1.820842658648620E+02   -1.820485007019826E+02   -1.818736720958857E+02   -1.818543752090779E+02   -1.778933783391238E+02   -1.778881229382800E+02   -1.778830795926872E+02   -1.777449458602861E+02   -1.771572218815851E+02   -1.767792868354888E+02   -1.767644736083216E+02   -1.760854123106481E+02   -1.756513786924781E+02   -1.756421747920171E+02   -1.726953980835020E+02   -1.726466667721765E+02   -1.719259598756559E+02   -1.712935224508234E+02   -1.712801955571303E+02   -1.712410605852405E+02   -1.699921943526639E+02   -1.699811037852762E+02   -1.699053612130405E+02   -1.692530871430246E+02   -1.692400361821300E+02   -1.678098013434571E+02   -1.669160318742112E+02   -1.650279388425486E+02   -1.650029034490271E+02   -1.645449703168950E+02   -1.635181870202840E+02   -1.634981943410632E+02   -1.627122068265114E+02   -1.625125986241222E+02   -1.624689171736161E+02   -1.613349135525883E+02   -1.608095908565771E+02   -1.607584281500010E+02   -1.587689369300821E+02   -1.583617251439747E+02   -1.581032717516865E+02   -1.580972141113248E+02   -1.575368455491912E+02   -1.575162225726629E+02   -1.569027606876754E+02   -1.553448628196790E+02   -1.553089725909688E+02   -1.552604445914702E+02   -1.539298175261517E+02   -1.536027558007091E+02   -1.535751245243593E+02
    4.802874834642266E+00   -2.551715460299054E+02   -2.551711623623189E+02   -2.551709706514446E+02   -2.394958505882423E+02   -2.394946500829070E+02   -2.394940497825059E+02   -2.264778706729654E+02   -2.264760397336966E+02   -2.264751360547526E+02   -2.248366287548808E+02   -2.248340626445914E+02   -2.248327853516557E+02   -2.129784811244951E+02   -2.129733759341631E+02   -2.129708952533695E+02   -2.112616751256478E+02   -2.112571575380173E+02   -2.112549983300206E+02   -2.079086722988569E+02   -2.006988386857965E+02   -2.006886834047601E+02   -2.006843736083165E+02   -1.996983621216491E+02   -1.996938138586447E+02   -1.996917298555231E+02   -1.988963392596499E+02   -1.988898185772693E+02   -1.988865331024186E+02   -1.936998245264456E+02   -1.927738499673326E+02   -1.927737910344900E+02   -1.900109628327008E+02   -1.899935332690338E+02   -1.899888027507348E+02   -1.885035005418858E+02   -1.884941152630768E+02   -1.884863649706099E+02   -1.880391674657838E+02   -1.880045441859700E+02   -1.879928679871882E+02   -1.836901843477470E+02   -1.835145664354769E+02   -1.835110336197104E+02   -1.805501044204889E+02   -1.801590643284251E+02   -1.801466327692297E+02   -1.791347611240014E+02   -1.787773001717736E+02   -1.787656215260273E+02   -1.787394685663207E+02   -1.784545186728031E+02   -1.781985937037541E+02   -1.781854420169462E+02   -1.752953164645660E+02   -1.752898590963455E+02   -1.752867851899185E+02   -1.741459610237303E+02   -1.737445778905446E+02   -1.737316751030610E+02   -1.727194400179758E+02   -1.721694539196061E+02   -1.711725571225786E+02   -1.711583666088954E+02   -1.697289451720912E+02   -1.696835246825892E+02   -1.683736434001148E+02   -1.676182044875850E+02   -1.676036381893363E+02   -1.674592210253225E+02   -1.671090132036259E+02   -1.668752677156437E+02   -1.668630628240005E+02   -1.663421416822853E+02   -1.663339116492549E+02   -1.645568600149047E+02   -1.635011354651967E+02   -1.621300181910241E+02   -1.621033544157766E+02   -1.616206756489467E+02   -1.608420722640772E+02   -1.608086152907826E+02   -1.601961882882986E+02   -1.600033428214177E+02   -1.599690604193243E+02   -1.584939131596920E+02   -1.584504160610812E+02   -1.575978509379454E+02   -1.558854432972170E+02   -1.554334689367644E+02   -1.554072990728045E+02   -1.553989719416002E+02   -1.543937003136878E+02   -1.543861867551367E+02   -1.539918059800706E+02   -1.537852739222539E+02   -1.531858879453196E+02   -1.531559265653603E+02   -1.516963999064760E+02   -1.516165206915570E+02   -1.515708828697153E+02
    4.934276471105834E+00   -2.537234066469667E+02   -2.537230079556068E+02   -2.537228087025639E+02   -2.378666440188160E+02   -2.378653861612207E+02   -2.378647571641810E+02   -2.248828087139317E+02   -2.248808830142653E+02   -2.248799274636054E+02   -2.229839498874130E+02   -2.229812360402949E+02   -2.229798825073220E+02   -2.111354451993604E+02   -2.111300161790783E+02   -2.111273415168878E+02   -2.091247474847200E+02   -2.091199482984600E+02   -2.091176096316666E+02   -2.044607914883666E+02   -1.985145481456758E+02   -1.985035830569061E+02   -1.984987675476007E+02   -1.978912003155972E+02   -1.978861792690702E+02   -1.978839937933227E+02   -1.963797936818006E+02   -1.963723559501718E+02   -1.963690015129463E+02   -1.896846741836299E+02   -1.888490879502475E+02   -1.888490346456311E+02   -1.872467566217731E+02   -1.872274068454411E+02   -1.872217836417213E+02   -1.863164135538726E+02   -1.863024562925951E+02   -1.862975404046811E+02   -1.849406623085586E+02   -1.849349277529810E+02   -1.849261994168792E+02   -1.789764260161185E+02   -1.788595028329059E+02   -1.788541098985414E+02   -1.771433170042379E+02   -1.769825179832597E+02   -1.769710477844133E+02   -1.760513455021483E+02   -1.760348200403780E+02   -1.760053618215647E+02   -1.750186052723372E+02   -1.748513442652323E+02   -1.748360013286484E+02   -1.742189971834056E+02   -1.731464641956442E+02   -1.731399224025001E+02   -1.731366112826153E+02   -1.707538476435079E+02   -1.706629303187110E+02   -1.706520728725209E+02   -1.685669552508880E+02   -1.676559219935111E+02   -1.673655166578291E+02   -1.673378040821059E+02   -1.667755491487248E+02   -1.667407605667725E+02   -1.650586093575050E+02   -1.644507952359344E+02   -1.644388749288895E+02   -1.643780228069729E+02   -1.641280912078621E+02   -1.640917678947938E+02   -1.640758820659474E+02   -1.626653685675603E+02   -1.626584780016539E+02   -1.616467403545788E+02   -1.597976130832065E+02   -1.592907113636100E+02   -1.592655228180594E+02   -1.587181777593363E+02   -1.586705365546227E+02   -1.582560466073547E+02   -1.575973145619553E+02   -1.568572761006791E+02   -1.568233416749912E+02   -1.560764632280776E+02   -1.560419129158608E+02   -1.545463208403856E+02   -1.532057967372641E+02   -1.531733575447398E+02   -1.530229466414316E+02   -1.524806276308133E+02   -1.517000855610895E+02   -1.514372481196087E+02   -1.514270697568920E+02   -1.512074455145562E+02   -1.511862799177656E+02   -1.510760191080267E+02   -1.493993904088843E+02   -1.493442225978521E+02   -1.493239792193798E+02
    5.065723528894166E+00   -2.524859557216130E+02   -2.524855440010371E+02   -2.524853382100441E+02   -2.364764148403218E+02   -2.364751070472024E+02   -2.364744530651013E+02   -2.235240013258322E+02   -2.235219918982941E+02   -2.235209919064838E+02   -2.214072361863735E+02   -2.214043929809779E+02   -2.214029734439678E+02   -2.095720307109970E+02   -2.095663101095188E+02   -2.095634732100731E+02   -2.073146633525641E+02   -2.073096072354776E+02   -2.073071176189398E+02   -2.014541821443626E+02   -1.966837767687467E+02   -1.966719298583993E+02   -1.966669330794450E+02   -1.963575400469126E+02   -1.963515554645923E+02   -1.963493894315218E+02   -1.942656700869458E+02   -1.942578051408958E+02   -1.942541331041245E+02   -1.862239414902082E+02   -1.854680414938037E+02   -1.854679803731366E+02   -1.850156914515587E+02   -1.849935210634905E+02   -1.849877167744459E+02   -1.844813948180524E+02   -1.844643059427756E+02   -1.844597086813259E+02   -1.823952775564332E+02   -1.823845902706658E+02   -1.823797367412125E+02   -1.751023509571570E+02   -1.750687148400224E+02   -1.750604943631465E+02   -1.738806637518363E+02   -1.737807886328837E+02   -1.737538642042077E+02   -1.737389155935397E+02   -1.736763817838137E+02   -1.736653574988084E+02   -1.719369850331399E+02   -1.718954967809897E+02   -1.718788488066713E+02   -1.713483869084474E+02   -1.713411357888687E+02   -1.713374676996388E+02   -1.703276113963156E+02   -1.674908976156816E+02   -1.674600081873656E+02   -1.674533799739651E+02   -1.647515118542801E+02   -1.644622593254982E+02   -1.644193071477077E+02   -1.642605478876789E+02   -1.639341212594985E+02   -1.639093292770744E+02   -1.620654680483245E+02   -1.618442085715326E+02   -1.618270014812103E+02   -1.617986804060220E+02   -1.615837583290887E+02   -1.615701861474166E+02   -1.601433544259104E+02   -1.585559981679635E+02   -1.584552776636745E+02   -1.584464502066992E+02   -1.569924115927813E+02   -1.569116812593692E+02   -1.568944453444838E+02   -1.560908795113041E+02   -1.560366992132245E+02   -1.553557713801850E+02   -1.541102905279002E+02   -1.540993932625283E+02   -1.540718383994748E+02   -1.535041304488840E+02   -1.534729278741825E+02   -1.516455162418059E+02   -1.509234277991233E+02   -1.508754728108568E+02   -1.508598415215518E+02   -1.495316161553420E+02   -1.493036237651193E+02   -1.492837699460431E+02   -1.490380267299681E+02   -1.490292510467088E+02   -1.490218945488641E+02   -1.485277108691577E+02   -1.469539872725280E+02   -1.468621315932392E+02   -1.462894819052533E+02
    5.197125165357734E+00   -2.514286969370929E+02   -2.514282739488947E+02   -2.514280625062188E+02   -2.352896298994810E+02   -2.352882787394668E+02   -2.352876030592839E+02   -2.223660731780552E+02   -2.223639906012665E+02   -2.223629524388617E+02   -2.200638273688747E+02   -2.200608713937460E+02   -2.200593946651471E+02   -2.082436120656002E+02   -2.082376342356624E+02   -2.082346593867791E+02   -2.057778676161602E+02   -2.057725818310510E+02   -2.057699640666826E+02   -1.988320798693971E+02   -1.951599777162626E+02   -1.951472137457910E+02   -1.951439669809054E+02   -1.950365919290604E+02   -1.950265041102257E+02   -1.950241640550364E+02   -1.924821130118902E+02   -1.924738757340143E+02   -1.924699296397333E+02   -1.832296110761459E+02   -1.832003238894522E+02   -1.831745622583219E+02   -1.831705041805698E+02   -1.829053225582651E+02   -1.828826625628791E+02   -1.828785407397666E+02   -1.825426128427879E+02   -1.825425521886393E+02   -1.802760220493502E+02   -1.802644083588349E+02   -1.802593186994185E+02   -1.725972817533083E+02   -1.725578582318677E+02   -1.725533002338818E+02   -1.718738728114548E+02   -1.718386861246983E+02   -1.718311986501271E+02   -1.703370738243209E+02   -1.701581064131101E+02   -1.701562705882934E+02   -1.698415046353503E+02   -1.698336569330960E+02   -1.698296127669071E+02   -1.693446905924407E+02   -1.693360997198554E+02   -1.693197080306477E+02   -1.669865450584065E+02   -1.642735033255979E+02   -1.642398196112817E+02   -1.642366658429074E+02   -1.621181214850658E+02   -1.620998050868673E+02   -1.620505319819857E+02   -1.613010712765469E+02   -1.612041392317228E+02   -1.611836208237626E+02   -1.599282552027945E+02   -1.599107622769813E+02   -1.599020921623729E+02   -1.591756150041361E+02   -1.590048101383205E+02   -1.589911402234987E+02   -1.559845399363358E+02   -1.553020999181201E+02   -1.551451544628935E+02   -1.551198398472966E+02   -1.544196160687624E+02   -1.540785427597889E+02   -1.540569905164187E+02   -1.534014750946664E+02   -1.533535896830232E+02   -1.525259688595096E+02   -1.516977128837347E+02   -1.516680410166821E+02   -1.513342787628133E+02   -1.510882682224554E+02   -1.510526571697036E+02   -1.491723639438714E+02   -1.485696892525815E+02   -1.485393972185899E+02   -1.484939580987555E+02   -1.471330096460912E+02   -1.471241906539436E+02   -1.471202067981458E+02   -1.470434700695849E+02   -1.470171324429443E+02   -1.463553058859533E+02   -1.453966906446276E+02   -1.445251557977505E+02   -1.444212881667226E+02   -1.437108491366386E+02
    5.328390569237537E+00   -2.505254750855050E+02   -2.505250423738432E+02   -2.505248260558119E+02   -2.342761155024286E+02   -2.342747267493172E+02   -2.342740322601177E+02   -2.213790619882226E+02   -2.213769159031647E+02   -2.213758449506027E+02   -2.189180239787896E+02   -2.189149699482600E+02   -2.189134436692169E+02   -2.071134706844977E+02   -2.071072680571882E+02   -2.071041751480608E+02   -2.044705498071720E+02   -2.044650613807290E+02   -2.044623339993758E+02   -1.965452818201983E+02   -1.939858332271480E+02   -1.939785609636893E+02   -1.939762684762164E+02   -1.937946954081150E+02   -1.937823584849867E+02   -1.937766381499651E+02   -1.909721338855759E+02   -1.909635553726072E+02   -1.909593816232874E+02   -1.817696221339483E+02   -1.817474759817774E+02   -1.817430463746156E+02   -1.814790775257696E+02   -1.814557390743884E+02   -1.814484782545841E+02   -1.806325970787042E+02   -1.800059767500124E+02   -1.800059105838205E+02   -1.784988305071210E+02   -1.784867374724322E+02   -1.784812139187084E+02   -1.707276113922941E+02   -1.706829039516886E+02   -1.706785497702244E+02   -1.702317247046830E+02   -1.701901605398592E+02   -1.701834100705083E+02   -1.685667208072118E+02   -1.685582279787342E+02   -1.685540149387061E+02   -1.672752602387637E+02   -1.672501719196648E+02   -1.672330646524215E+02   -1.671142807986001E+02   -1.669819993658890E+02   -1.669799120513526E+02   -1.641116788712471E+02   -1.614585978551397E+02   -1.614090834553024E+02   -1.614059248673861E+02   -1.601319664647734E+02   -1.600886182152021E+02   -1.600680724346216E+02   -1.584752901777140E+02   -1.584563234835469E+02   -1.584423436021203E+02   -1.582446922247728E+02   -1.582351462055865E+02   -1.582184591595446E+02   -1.566362318320185E+02   -1.565942429285890E+02   -1.565818896059835E+02   -1.530651203171395E+02   -1.529235019535373E+02   -1.529008095355461E+02   -1.520340500459337E+02   -1.516260948898877E+02   -1.512978963704060E+02   -1.512243810645270E+02   -1.504344665261452E+02   -1.504311559880488E+02   -1.499069175895355E+02   -1.495736141264632E+02   -1.495431977483774E+02   -1.491888038895727E+02   -1.489949360373756E+02   -1.489573113556211E+02   -1.471860869742453E+02   -1.464619391118167E+02   -1.464423162976996E+02   -1.455611955670059E+02   -1.455522134894900E+02   -1.455473130658772E+02   -1.453125431947519E+02   -1.442630883333051E+02   -1.442267683101184E+02   -1.440253851144370E+02   -1.424679852849683E+02   -1.423730547613649E+02   -1.418921194146590E+02   -1.416275968126805E+02
    5.459429023424489E+00   -2.497538668625427E+02   -2.497534257727834E+02   -2.497532052553380E+02   -2.334102081323139E+02   -2.334087868305159E+02   -2.334080760562580E+02   -2.205375217108018E+02   -2.205353207021257E+02   -2.205342215943688E+02   -2.179398136310244E+02   -2.179366744663151E+02   -2.179351052655952E+02   -2.061510249201983E+02   -2.061446268262247E+02   -2.061414325912248E+02   -2.033565355989710E+02   -2.033508696079574E+02   -2.033480480520153E+02   -1.945509601016606E+02   -1.930399978959764E+02   -1.930339398792693E+02   -1.930312359317965E+02   -1.926893448376607E+02   -1.926764837891466E+02   -1.926701366127976E+02   -1.896900515189488E+02   -1.896811652866204E+02   -1.896768008010908E+02   -1.806323845615210E+02   -1.806146602637942E+02   -1.806081648318963E+02   -1.802017355329754E+02   -1.801795979270817E+02   -1.801698745066322E+02   -1.783775089979984E+02   -1.778033724554676E+02   -1.778033009905070E+02   -1.770002933817913E+02   -1.769877787838072E+02   -1.769818813037999E+02   -1.692701610173888E+02   -1.692292371964950E+02   -1.692213019882186E+02   -1.687695812118554E+02   -1.687300170369502E+02   -1.687200558945945E+02   -1.674889466155205E+02   -1.674800286718720E+02   -1.674756068761967E+02   -1.654201224002731E+02   -1.654039213522597E+02   -1.653968833787934E+02   -1.645141410887522E+02   -1.643630415131493E+02   -1.643628476346563E+02   -1.616325380873383E+02   -1.593095957651680E+02   -1.592446699744924E+02   -1.592409298278091E+02   -1.584550500257749E+02   -1.583925665839899E+02   -1.583819880482839E+02   -1.570476419719459E+02   -1.570268485507664E+02   -1.570165955206493E+02   -1.555689169672722E+02   -1.555585802675734E+02   -1.555438107490369E+02   -1.541794337381897E+02   -1.541653189562741E+02   -1.541594616082635E+02   -1.508919818471842E+02   -1.508276460146250E+02   -1.508153116869848E+02   -1.493191303181899E+02   -1.492566222878657E+02   -1.491715689806089E+02   -1.489645880068069E+02   -1.478085971036580E+02   -1.477668003328233E+02   -1.477402272021850E+02   -1.475489068094791E+02   -1.475478871086290E+02   -1.472233073793146E+02   -1.470782533837209E+02   -1.470445387516408E+02   -1.449776667682668E+02   -1.445488896090291E+02   -1.445309537215205E+02   -1.442547549606213E+02   -1.442447820278296E+02   -1.442394631096527E+02   -1.425872703989559E+02   -1.415469889153542E+02   -1.414816075178778E+02   -1.414595470230859E+02   -1.408702538345269E+02   -1.407899476501902E+02   -1.395618561099039E+02   -1.395128871500493E+02
    5.590149967653716E+00   -2.490946597821967E+02   -2.490942114807854E+02   -2.490939873496224E+02   -2.326700606027546E+02   -2.326686111380667E+02   -2.326678862730621E+02   -2.198198111455653E+02   -2.198175627571283E+02   -2.198164394857794E+02   -2.171038834864677E+02   -2.171006704593834E+02   -2.170990640782567E+02   -2.053306318462951E+02   -2.053240642770834E+02   -2.053207829504260E+02   -2.024057428479790E+02   -2.023999218331483E+02   -2.023970191474047E+02   -1.928117523461307E+02   -1.922404924725813E+02   -1.922345546589873E+02   -1.922316991299588E+02   -1.917445956867609E+02   -1.917312780707412E+02   -1.917246534287275E+02   -1.885987458901169E+02   -1.885895858923133E+02   -1.885850601246032E+02   -1.796870299709339E+02   -1.796704378108183E+02   -1.796630466658302E+02   -1.791032832220653E+02   -1.790808218753875E+02   -1.790701200597273E+02   -1.764173690236488E+02   -1.758891875753422E+02   -1.758891112971250E+02   -1.757313212029704E+02   -1.757184137561884E+02   -1.757122072283358E+02   -1.681031288727359E+02   -1.680671169530785E+02   -1.680553307534682E+02   -1.674881596600389E+02   -1.674516385758547E+02   -1.674383147972410E+02   -1.665752106111410E+02   -1.665659251235215E+02   -1.665613188789339E+02   -1.639091436650538E+02   -1.638923967485816E+02   -1.638848665967886E+02   -1.622275217264796E+02   -1.620949073007080E+02   -1.620947046681987E+02   -1.594886773215356E+02   -1.576897269723520E+02   -1.576189168858378E+02   -1.576120901576178E+02   -1.569997565104252E+02   -1.569313114310202E+02   -1.569221816939999E+02   -1.559265789599509E+02   -1.559048685962186E+02   -1.558941519177622E+02   -1.534568844619534E+02   -1.534381016870896E+02   -1.534280410201249E+02   -1.515005779300240E+02   -1.514887562306161E+02   -1.514866699048494E+02   -1.489161623541866E+02   -1.488467105117717E+02   -1.488420885877932E+02   -1.475607224155411E+02   -1.475052728868289E+02   -1.474619557556273E+02   -1.463760721465718E+02   -1.463168411490666E+02   -1.462786741118404E+02   -1.462611574043318E+02   -1.452232484405071E+02   -1.451993553457218E+02   -1.451866436798940E+02   -1.450246262437046E+02   -1.450169966656516E+02   -1.431643126238555E+02   -1.431532528667483E+02   -1.431475704877689E+02   -1.428829716855316E+02   -1.427341620925312E+02   -1.427167680318292E+02   -1.401287273607807E+02   -1.395489045164379E+02   -1.394757919292538E+02   -1.394360344691653E+02   -1.391785280153595E+02   -1.390682911960814E+02   -1.376945797690304E+02   -1.376520412121176E+02
    5.720463061090472E+00   -2.485314040366738E+02   -2.485309495309740E+02   -2.485307222916372E+02   -2.320370662489511E+02   -2.320355924198912E+02   -2.320348553645355E+02   -2.192075119674134E+02   -2.192052227721721E+02   -2.192040787690990E+02   -2.163888368455212E+02   -2.163855597430301E+02   -2.163839211438298E+02   -2.046307012853863E+02   -2.046239870088962E+02   -2.046206307492532E+02   -2.015930259413944E+02   -2.015870698276175E+02   -2.015840971049373E+02   -1.915610502050575E+02   -1.915550638858481E+02   -1.915521153348878E+02   -1.912950287564363E+02   -1.909386504052089E+02   -1.909249485524026E+02   -1.909181187108971E+02   -1.876677352616982E+02   -1.876583336751305E+02   -1.876536706063972E+02   -1.788887551309546E+02   -1.788722956614153E+02   -1.788644453529896E+02   -1.781662054194384E+02   -1.781431287030380E+02   -1.781318658227901E+02   -1.747123985655561E+02   -1.746529655464205E+02   -1.746396978451953E+02   -1.746332347710758E+02   -1.742246138902588E+02   -1.742245332633839E+02   -1.671389255253989E+02   -1.671049704454508E+02   -1.670910098505219E+02   -1.663919385095841E+02   -1.663562022305514E+02   -1.663410039390051E+02   -1.657974911366914E+02   -1.657877942717931E+02   -1.657829747083782E+02   -1.626365786267309E+02   -1.626194191714071E+02   -1.626114327006879E+02   -1.602566453406280E+02   -1.601403949514624E+02   -1.601401749026005E+02   -1.576309073621025E+02   -1.564258357392950E+02   -1.563582197471283E+02   -1.563452108996894E+02   -1.557360200325957E+02   -1.556705188724587E+02   -1.556586360373571E+02   -1.549703786024980E+02   -1.549477088620127E+02   -1.549365005674588E+02   -1.518481762030191E+02   -1.518271711363896E+02   -1.518175034047829E+02   -1.489620090730750E+02   -1.489511971342681E+02   -1.489498817496858E+02   -1.471697059632336E+02   -1.470830907772354E+02   -1.470803338769952E+02   -1.461329047850942E+02   -1.460389052841771E+02   -1.460216751094831E+02   -1.451047775325044E+02   -1.450656926015710E+02   -1.450467439389167E+02   -1.441352810009748E+02   -1.432273164332382E+02   -1.431997142920657E+02   -1.431867097834240E+02   -1.429296203239060E+02   -1.429276237765756E+02   -1.422444752169168E+02   -1.422326247345555E+02   -1.422267514161819E+02   -1.409946279104048E+02   -1.409546217193292E+02   -1.409399602807988E+02   -1.381963710343356E+02   -1.380512194982453E+02   -1.380140768371641E+02   -1.376100682669750E+02   -1.374368556918107E+02   -1.373252261018993E+02   -1.362130273748014E+02   -1.361602372328037E+02
    5.850278244764409E+00   -2.480500259060931E+02   -2.480495660633806E+02   -2.480493361508976E+02   -2.314953759068269E+02   -2.314938809934092E+02   -2.314931333886188E+02   -2.186849442947531E+02   -2.186826199858041E+02   -2.186814581959295E+02   -2.157765597514661E+02   -2.157732270423299E+02   -2.157715605058758E+02   -2.040330076714730E+02   -2.040261664869921E+02   -2.040227456945404E+02   -2.008972869064063E+02   -2.008912131349773E+02   -2.008881798390822E+02   -1.909827233558108E+02   -1.909766544538619E+02   -1.909736359001664E+02   -1.902505402582565E+02   -1.902365114601485E+02   -1.902295128223386E+02   -1.899722815196932E+02   -1.868717959815777E+02   -1.868621821835965E+02   -1.868574016354158E+02   -1.782111528942847E+02   -1.781945440434765E+02   -1.781863956100145E+02   -1.773669278284755E+02   -1.773432384067676E+02   -1.773315698947904E+02   -1.737337871613842E+02   -1.737201945229302E+02   -1.737135166122585E+02   -1.732285127385349E+02   -1.727763718817431E+02   -1.727762873368128E+02   -1.663292456775411E+02   -1.662958219407509E+02   -1.662806121171646E+02   -1.654661719426625E+02   -1.654309195552553E+02   -1.654151155808469E+02   -1.651284549706631E+02   -1.651175727313680E+02   -1.651120991787608E+02   -1.615586782672508E+02   -1.615411266005280E+02   -1.615327610362259E+02   -1.585533112831012E+02   -1.584512412902096E+02   -1.584510049455015E+02   -1.560187291359472E+02   -1.554052452973533E+02   -1.553419596522554E+02   -1.553234999860687E+02   -1.546714755660205E+02   -1.546107959721978E+02   -1.545962932846930E+02   -1.541341518047378E+02   -1.541094135509365E+02   -1.540971363906751E+02   -1.505324826307008E+02   -1.505107847360619E+02   -1.505007337366413E+02   -1.467890474752716E+02   -1.467793555708360E+02   -1.467783265861414E+02   -1.457235390349186E+02   -1.456201050847836E+02   -1.456168854173559E+02   -1.449287361174969E+02   -1.448149977418059E+02   -1.448066375433819E+02   -1.440712436391756E+02   -1.440310431574692E+02   -1.440116507257228E+02   -1.422079270107323E+02   -1.414746891862302E+02   -1.414614216561375E+02   -1.414549187936190E+02   -1.413494287045351E+02   -1.413218631018740E+02   -1.413084354005338E+02   -1.411135612086446E+02   -1.411123113606290E+02   -1.390970674848472E+02   -1.390779485603010E+02   -1.390696125231582E+02   -1.367381925464712E+02   -1.366569842964703E+02   -1.366398093879662E+02   -1.359780907136941E+02   -1.359524807998703E+02   -1.358471873505962E+02   -1.349739248060490E+02   -1.349166227201061E+02
    5.979505803809040E+00   -2.476384937774932E+02   -2.476380293426274E+02   -2.476377971304563E+02   -2.310314897723423E+02   -2.310299766003968E+02   -2.310292198598107E+02   -2.182387591798447E+02   -2.182364046670299E+02   -2.182352276128784E+02   -2.152517014389370E+02   -2.152483204331105E+02   -2.152466296464968E+02   -2.035221393306276E+02   -2.035151883714949E+02   -2.035117119442583E+02   -2.003007755166807E+02   -2.002945992617969E+02   -2.002915134800305E+02   -1.904899822234123E+02   -1.904838276930067E+02   -1.904807524864143E+02   -1.896622904358634E+02   -1.896479814028302E+02   -1.896408397537665E+02   -1.888186050615543E+02   -1.861899376895925E+02   -1.861801379402022E+02   -1.861752564593746E+02   -1.776344399977609E+02   -1.776176038180694E+02   -1.776092340883387E+02   -1.766842548621484E+02   -1.766600124535177E+02   -1.766480210349444E+02   -1.729481040257965E+02   -1.729342214547352E+02   -1.729273622516981E+02   -1.719363643791892E+02   -1.715157855581725E+02   -1.715156974940442E+02   -1.656440467883698E+02   -1.656105403998819E+02   -1.655945168689059E+02   -1.647149521605880E+02   -1.646867045336012E+02   -1.646744930292399E+02   -1.645217088715770E+02   -1.645029061046575E+02   -1.644929349854883E+02   -1.606417138420738E+02   -1.606237924025644E+02   -1.606151133958475E+02   -1.570781567125943E+02   -1.569882870439466E+02   -1.569880360928287E+02   -1.546181471919188E+02   -1.545609191390144E+02   -1.545002206142602E+02   -1.544780445043322E+02   -1.538168169597550E+02   -1.537636988701524E+02   -1.537487469367997E+02   -1.533686020676870E+02   -1.533384893920839E+02   -1.533233140641429E+02   -1.494310324582785E+02   -1.494088870890025E+02   -1.493984007225779E+02   -1.449585930284170E+02   -1.449502071437522E+02   -1.449490147040792E+02   -1.445625128492986E+02   -1.444497928381161E+02   -1.444439542243731E+02   -1.439204527359757E+02   -1.437989017333004E+02   -1.437932849411945E+02   -1.431634987093824E+02   -1.431219604074380E+02   -1.431018024494703E+02   -1.408158807659607E+02   -1.408028674456122E+02   -1.407964336619119E+02   -1.405447542479774E+02   -1.398039230089257E+02   -1.397745970834335E+02   -1.397593850863513E+02   -1.395432814123307E+02   -1.395428664401293E+02   -1.370924943522817E+02   -1.370668311017686E+02   -1.370615212239595E+02   -1.354098847496269E+02   -1.353366254838274E+02   -1.353257525335791E+02   -1.347447732851428E+02   -1.346486174709430E+02   -1.346070818584626E+02   -1.339100475833309E+02   -1.338501575318947E+02
    6.108056429463403E+00   -2.472865295055314E+02   -2.472860611170538E+02   -2.472858269252211E+02   -2.306339108760300E+02   -2.306323818760474E+02   -2.306316172154837E+02   -2.178575935511512E+02   -2.178552130554370E+02   -2.178540228944622E+02   -2.148012436284154E+02   -2.147978206246315E+02   -2.147961087598903E+02   -2.030850491699088E+02   -2.030780032121636E+02   -2.030744787616184E+02   -1.997885279676749E+02   -1.997822623789152E+02   -1.997791310291761E+02   -1.900698091930129E+02   -1.900635748029117E+02   -1.900604523946616E+02   -1.891587014261960E+02   -1.891441510868927E+02   -1.891368868935741E+02   -1.878122474158396E+02   -1.856046197280938E+02   -1.855946572032013E+02   -1.855896886948779E+02   -1.771426621617233E+02   -1.771255872156877E+02   -1.771170416603714E+02   -1.761001466360346E+02   -1.760754180952116E+02   -1.760631588175200E+02   -1.722747583051859E+02   -1.722606187730688E+02   -1.722536055929455E+02   -1.708106093013776E+02   -1.704180732152625E+02   -1.704179819969387E+02   -1.650615935951892E+02   -1.650277719767329E+02   -1.650111607142727E+02   -1.641685319775916E+02   -1.641516483031937E+02   -1.641441740219058E+02   -1.639100365240923E+02   -1.638791842755345E+02   -1.638636611956422E+02   -1.598587640955054E+02   -1.598405014752068E+02   -1.598315616927949E+02   -1.557986105172888E+02   -1.557192099285288E+02   -1.557189459735341E+02   -1.538524896422433E+02   -1.537929741014298E+02   -1.537682833504429E+02   -1.534002866020970E+02   -1.531544911662699E+02   -1.531099553998852E+02   -1.530955714826156E+02   -1.526506310451197E+02   -1.526134499334967E+02   -1.525949198492384E+02   -1.484999589824473E+02   -1.484774099444251E+02   -1.484665345435532E+02   -1.436318570453849E+02   -1.435160437619355E+02   -1.435062468240362E+02   -1.433977112551074E+02   -1.433907877555395E+02   -1.433894960767510E+02   -1.430914781843882E+02   -1.429722695780862E+02   -1.429657371474537E+02   -1.423471414477073E+02   -1.423034862186575E+02   -1.422818311747700E+02   -1.402610883007328E+02   -1.402476719021919E+02   -1.402410423853253E+02   -1.391065904134331E+02   -1.385763062063140E+02   -1.385458119497814E+02   -1.385301703771603E+02   -1.381814741602450E+02   -1.381811483156582E+02   -1.352346147635774E+02   -1.351790981468470E+02   -1.351710323161967E+02   -1.340678200703222E+02   -1.340184668291780E+02   -1.340079616370391E+02   -1.337194244366623E+02   -1.335938240188272E+02   -1.335713234339182E+02   -1.329760015729659E+02   -1.329156577865822E+02
    6.235841280793062E+00   -2.469853590453510E+02   -2.469848872499276E+02   -2.469846513523154E+02   -2.302928499748963E+02   -2.302913072349833E+02   -2.302905356989450E+02   -2.175317768479186E+02   -2.175293739896527E+02   -2.175281725649141E+02   -2.144141407404103E+02   -2.144106811599228E+02   -2.144089509439509E+02   -2.027106833804992E+02   -2.027035551373514E+02   -2.026999891729612E+02   -1.993479103303620E+02   -1.993415667736551E+02   -1.993383957778157E+02   -1.897112220308642E+02   -1.897049159677951E+02   -1.897017536999930E+02   -1.887269460420454E+02   -1.887121872152061E+02   -1.887048173998818E+02   -1.869342195502098E+02   -1.851011378280276E+02   -1.850910328176997E+02   -1.850859890220896E+02   -1.767226304073844E+02   -1.767053286690964E+02   -1.766966383927558E+02   -1.755994204011903E+02   -1.755742679307070E+02   -1.755617819875054E+02   -1.716962108089674E+02   -1.716818444437390E+02   -1.716746997615656E+02   -1.698293186764189E+02   -1.694617797667149E+02   -1.694616857255907E+02   -1.645649112671870E+02   -1.645306984362238E+02   -1.645136321976746E+02   -1.637470794442808E+02   -1.637332455868158E+02   -1.637268555619945E+02   -1.633423012601705E+02   -1.633076018882572E+02   -1.632904066971286E+02   -1.591879965714833E+02   -1.591694241683721E+02   -1.591602658158641E+02   -1.546873120164780E+02   -1.546168919546378E+02   -1.546166164550619E+02   -1.532530846825397E+02   -1.531939636575641E+02   -1.531674633881740E+02   -1.526281831320539E+02   -1.525886747544567E+02   -1.525746591840469E+02   -1.523404550255506E+02   -1.519998709294724E+02   -1.519577870253173E+02   -1.519370731650849E+02   -1.477080840431750E+02   -1.476851504987083E+02   -1.476739418919344E+02   -1.428622166351843E+02   -1.427449812066889E+02   -1.427303732632269E+02   -1.424168714893608E+02   -1.423032741515821E+02   -1.422949265672066E+02   -1.420678705196012E+02   -1.420616035771554E+02   -1.420610547285029E+02   -1.416122126457919E+02   -1.415653809194609E+02   -1.415420433843638E+02   -1.397905328426826E+02   -1.397767597779645E+02   -1.397699581786281E+02   -1.378600521886705E+02   -1.375770045609395E+02   -1.375456758573745E+02   -1.375297710169380E+02   -1.370009637590258E+02   -1.370006271262917E+02   -1.338849941637479E+02   -1.337867092788337E+02   -1.337716820022094E+02   -1.328734042957608E+02   -1.327287884011967E+02   -1.327121629669822E+02   -1.325791516300679E+02   -1.325479331919928E+02   -1.325438586963145E+02   -1.321177385385525E+02   -1.320657262637951E+02
    6.362772046087795E+00   -2.467274971895143E+02   -2.467270224547321E+02   -2.467267850855287E+02   -2.299999737780567E+02   -2.299984190909948E+02   -2.299976415762207E+02   -2.172530809983979E+02   -2.172506588776513E+02   -2.172494477623295E+02   -2.140810177225663E+02   -2.140775262285154E+02   -2.140757800047355E+02   -2.023896719426676E+02   -2.023824723354667E+02   -2.023788704236295E+02   -1.989682433055750E+02   -1.989618315896626E+02   -1.989586260205612E+02   -1.894049325289287E+02   -1.893985632301951E+02   -1.893953670585846E+02   -1.883561964249891E+02   -1.883412569495025E+02   -1.883337957391813E+02   -1.861679533265561E+02   -1.846671353348874E+02   -1.846569055107990E+02   -1.846517963754746E+02   -1.763633292993792E+02   -1.763458206477669E+02   -1.763370088879072E+02   -1.751693219222848E+02   -1.751438004939828E+02   -1.751311205937303E+02   -1.711978539715703E+02   -1.711832877949697E+02   -1.711760302532990E+02   -1.689734960844882E+02   -1.686283096430712E+02   -1.686282130780662E+02   -1.641402708773488E+02   -1.641056571874280E+02   -1.640882225695600E+02   -1.633963545403087E+02   -1.633834017541592E+02   -1.633773197067421E+02   -1.628465025756805E+02   -1.628101634568460E+02   -1.627921962687142E+02   -1.586115219180474E+02   -1.585926712287956E+02   -1.585833284080320E+02   -1.537210598753855E+02   -1.536583512849058E+02   -1.536580655589539E+02   -1.527430931599807E+02   -1.526839669800151E+02   -1.526560680905462E+02   -1.521942672931046E+02   -1.521572271861037E+02   -1.521434065895414E+02   -1.514277979862931E+02   -1.514174470009451E+02   -1.513826997456264E+02   -1.513605848452994E+02   -1.470313724990677E+02   -1.470080765350049E+02   -1.469965844211727E+02   -1.422232179722632E+02   -1.421058084578754E+02   -1.420880044891207E+02   -1.418630090097256E+02   -1.417532745846313E+02   -1.417438006356343E+02   -1.409599761788801E+02   -1.409205346562215E+02   -1.409149854024766E+02   -1.409145629819837E+02   -1.409087354714411E+02   -1.408846247691042E+02   -1.393907163671374E+02   -1.393766349179207E+02   -1.393696857972913E+02   -1.367776073742896E+02   -1.367441974106409E+02   -1.367122062489717E+02   -1.366960084079772E+02   -1.359766670103782E+02   -1.359763170234558E+02   -1.329477115507230E+02   -1.328323799496510E+02   -1.328109941600118E+02   -1.321511037703231E+02   -1.320068517729705E+02   -1.319879341334676E+02   -1.315001694053411E+02   -1.314372046606151E+02   -1.314084117123178E+02   -1.309541695988928E+02   -1.309503720316137E+02
    6.488761003893535E+00   -2.465065619504190E+02   -2.465060846760193E+02   -2.465058460353752E+02   -2.297481899410427E+02   -2.297466248456904E+02   -2.297458421218763E+02   -2.170145070559544E+02   -2.170120683243471E+02   -2.170108488605938E+02   -2.137939153061467E+02   -2.137903959088912E+02   -2.137886356912329E+02   -2.021140691215549E+02   -2.021068075236023E+02   -2.021031744247074E+02   -1.986404913889537E+02   -1.986340199716703E+02   -1.986307841783300E+02   -1.891430759560537E+02   -1.891366513294864E+02   -1.891334261884207E+02   -1.880373058317705E+02   -1.880222094082690E+02   -1.880146688589076E+02   -1.854990011209956E+02   -1.842922082902304E+02   -1.842818689926260E+02   -1.842767029706297E+02   -1.760555117090138E+02   -1.760378178175972E+02   -1.760289028552046E+02   -1.747991310305491E+02   -1.747732883383617E+02   -1.747604412648907E+02   -1.707674777986904E+02   -1.707527357588534E+02   -1.707453809212942E+02   -1.682266732275345E+02   -1.679015351221614E+02   -1.679014363014509E+02   -1.637763758991948E+02   -1.637413799641904E+02   -1.637236380135316E+02   -1.630993729194434E+02   -1.630867541121245E+02   -1.630807885799020E+02   -1.624176499599426E+02   -1.623802984839690E+02   -1.623618311126939E+02   -1.581145735693045E+02   -1.580954746025615E+02   -1.580859751151317E+02   -1.528800616494483E+02   -1.528239872375680E+02   -1.528236924706427E+02   -1.523073570835678E+02   -1.522480411581881E+02   -1.522189856428842E+02   -1.518295208364991E+02   -1.517937520620405E+02   -1.517800707537872E+02   -1.509306475898494E+02   -1.508835270074248E+02   -1.508604241150709E+02   -1.506130017018278E+02   -1.464506832424105E+02   -1.464270512253282E+02   -1.464153173195595E+02   -1.416865232738089E+02   -1.415678530141553E+02   -1.415486359560225E+02   -1.414019694099625E+02   -1.412926945136069E+02   -1.412829629360117E+02   -1.403877193799459E+02   -1.403346968658184E+02   -1.403086554968294E+02   -1.399278551139560E+02   -1.399231969518551E+02   -1.399226294954731E+02   -1.390504744222154E+02   -1.390361272164443E+02   -1.390290524037934E+02   -1.360408863627724E+02   -1.360083037755607E+02   -1.359918016441779E+02   -1.358362010074231E+02   -1.350868074385934E+02   -1.350864454252732E+02   -1.322258131571124E+02   -1.321069422422676E+02   -1.320784966931458E+02   -1.315377269711691E+02   -1.313987498825776E+02   -1.313761636799457E+02   -1.308303638044790E+02   -1.307661291220838E+02   -1.307347629100934E+02   -1.296609442185814E+02   -1.296597695126786E+02
    6.613721083636392E+00   -2.463171147098917E+02   -2.463166352375574E+02   -2.463163954965074E+02   -2.295314633972939E+02   -2.295298892147300E+02   -2.295291019426155E+02   -2.168101030130215E+02   -2.168076499371119E+02   -2.168064232697542E+02   -2.135460746951941E+02   -2.135425308444616E+02   -2.135407583643260E+02   -2.018771350069153E+02   -2.018698194595360E+02   -2.018661592459902E+02   -1.983570039080711E+02   -1.983504800805991E+02   -1.983472177950929E+02   -1.889189886400632E+02   -1.889125158037590E+02   -1.889092658267435E+02   -1.877625416565259E+02   -1.877473085120915E+02   -1.877396988847984E+02   -1.849147716275330E+02   -1.839675829988252E+02   -1.839571475173734E+02   -1.839519318099350E+02   -1.757913922132490E+02   -1.757735340505940E+02   -1.757645307116561E+02   -1.744798265333160E+02   -1.744537036583939E+02   -1.744407117216244E+02   -1.703948470067734E+02   -1.703799501622041E+02   -1.703725110911470E+02   -1.675745671902805E+02   -1.672674637247736E+02   -1.672673628878918E+02   -1.634638433075685E+02   -1.634284950280406E+02   -1.634104911643292E+02   -1.628465147629640E+02   -1.628340396712432E+02   -1.628281256223805E+02   -1.620469299067479E+02   -1.620088375060232E+02   -1.619899962987548E+02   -1.576848954505459E+02   -1.576655759224213E+02   -1.576559426174020E+02   -1.521473653564469E+02   -1.520970123018363E+02   -1.520967095557539E+02   -1.519337701491456E+02   -1.518741997438152E+02   -1.518441249314852E+02   -1.515199861316193E+02   -1.514849325193476E+02   -1.514713923976562E+02   -1.504998887858985E+02   -1.504512845973206E+02   -1.504274352628598E+02   -1.499113645719203E+02   -1.459505084030108E+02   -1.459265686875472E+02   -1.459146275861734E+02   -1.412331972883551E+02   -1.411116921595947E+02   -1.410935246786613E+02   -1.410134079619617E+02   -1.409010056270557E+02   -1.408913653224495E+02   -1.398893259600794E+02   -1.398340283214848E+02   -1.398069437212615E+02   -1.390678309069411E+02   -1.390637646339015E+02   -1.390631914716413E+02   -1.387604964007536E+02   -1.387459200348798E+02   -1.387387385801671E+02   -1.354419910743370E+02   -1.354088557815304E+02   -1.353920628997492E+02   -1.350163810732367E+02   -1.343128491587797E+02   -1.343124765234643E+02   -1.316449470399591E+02   -1.315285384940871E+02   -1.314923920020217E+02   -1.310103764176635E+02   -1.308795500014066E+02   -1.308522410915093E+02   -1.302595386793026E+02   -1.301951037318273E+02   -1.301629957645464E+02   -1.290803018254067E+02   -1.290463759710288E+02
    6.737565925796847E+00   -2.461545227465555E+02   -2.461540413683850E+02   -2.461538006731084E+02   -2.293446594714480E+02   -2.293430773363250E+02   -2.293422860833830E+02   -2.166348082252251E+02   -2.166323427419166E+02   -2.166311098475614E+02   -2.133317552758264E+02   -2.133281899407849E+02   -2.133264066876999E+02   -2.016731511105801E+02   -2.016657885125438E+02   -2.016621046701847E+02   -1.981112983663507E+02   -1.981047284156524E+02   -1.981014428443148E+02   -1.887270223140338E+02   -1.887205075466490E+02   -1.887172362179831E+02   -1.875253620239010E+02   -1.875100094545137E+02   -1.875023395080886E+02   -1.844042973729721E+02   -1.836858506890880E+02   -1.836753305249401E+02   -1.836700712813137E+02   -1.755644037068949E+02   -1.755464005511196E+02   -1.755373210834600E+02   -1.742038071892567E+02   -1.741774394214987E+02   -1.741643213961155E+02   -1.700713614903129E+02   -1.700563282634790E+02   -1.700488159719680E+02   -1.670047873642173E+02   -1.667139533473335E+02   -1.667138507074724E+02   -1.631948349493734E+02   -1.631591676543752E+02   -1.631409369103545E+02   -1.626306209947961E+02   -1.626182096228442E+02   -1.626123211870777E+02   -1.617260091787571E+02   -1.616873299603603E+02   -1.616681902436740E+02   -1.573122716759268E+02   -1.572927566842124E+02   -1.572830084736505E+02   -1.516124782191122E+02   -1.515526613291729E+02   -1.515216299986752E+02   -1.515084115353916E+02   -1.514630066003380E+02   -1.514626968228943E+02   -1.512558415619702E+02   -1.512212379714125E+02   -1.512078705866950E+02   -1.501265657846189E+02   -1.500768055688639E+02   -1.500523668150457E+02   -1.492989257904896E+02   -1.455181463036271E+02   -1.454939272555636E+02   -1.454818076596017E+02   -1.408495380031753E+02   -1.407233744306190E+02   -1.407100198201028E+02   -1.406826383736147E+02   -1.405633231325113E+02   -1.405530069072650E+02   -1.394561701584528E+02   -1.393990452587816E+02   -1.393710809389551E+02   -1.385129899458960E+02   -1.384982155889618E+02   -1.384909442053123E+02   -1.383209392831262E+02   -1.383173507414407E+02   -1.383167777393526E+02   -1.349289113613405E+02   -1.348952603939522E+02   -1.348781939305129E+02   -1.343015352331811E+02   -1.336389725368121E+02   -1.336385905365542E+02   -1.311690027434999E+02   -1.310572745168779E+02   -1.310140319570521E+02   -1.305546908999452E+02   -1.304319842335491E+02   -1.303999277104538E+02   -1.297631742854782E+02   -1.296980815381646E+02   -1.296653874902999E+02   -1.287700270785060E+02   -1.287354146747161E+02
    6.860209941592537E+00   -2.460148411723916E+02   -2.460143581382006E+02   -2.460141166136891E+02   -2.291834099165560E+02   -2.291818208041625E+02   -2.291810260581407E+02   -2.164843205933396E+02   -2.164818443579593E+02   -2.164806060700077E+02   -2.131460801174777E+02   -2.131424958559543E+02   -2.131407031126112E+02   -2.014972644374301E+02   -2.014898607096757E+02   -2.014861562246903E+02   -1.978978786268889E+02   -1.978912679775775E+02   -1.978879618788056E+02   -1.885623880350632E+02   -1.885558368134155E+02   -1.885525470815455E+02   -1.873202286657151E+02   -1.873047714867482E+02   -1.872970487145966E+02   -1.839580301764790E+02   -1.834407478484727E+02   -1.834301529519535E+02   -1.834248554351664E+02   -1.753689993780530E+02   -1.753508685027640E+02   -1.753417231435188E+02   -1.739646602907982E+02   -1.739380779271116E+02   -1.739248497195099E+02   -1.697897807737119E+02   -1.697746272280942E+02   -1.697670510387978E+02   -1.665065833683275E+02   -1.662304668832930E+02   -1.662303626296611E+02   -1.629627785215145E+02   -1.629268252944212E+02   -1.629083953261247E+02   -1.624459223702955E+02   -1.624335374923652E+02   -1.624276639533440E+02   -1.614476169974584E+02   -1.614084537939405E+02   -1.613890671961411E+02   -1.569881577252405E+02   -1.569684697026551E+02   -1.569586223374737E+02   -1.513353676444007E+02   -1.512753658802106E+02   -1.512433762444027E+02   -1.510295327593088E+02   -1.509952639817194E+02   -1.509821203851793E+02   -1.509506707151219E+02   -1.509095583982946E+02   -1.509092424329519E+02   -1.498025124292319E+02   -1.497518162819321E+02   -1.497268982526621E+02   -1.487639176109287E+02   -1.451431140988148E+02   -1.451186428541768E+02   -1.451063686656687E+02   -1.405252964053172E+02   -1.404024403545702E+02   -1.403895650060719E+02   -1.403884929204420E+02   -1.402681254856018E+02   -1.402547299803829E+02   -1.390797015559941E+02   -1.390210838361053E+02   -1.389923753376194E+02   -1.383014176316265E+02   -1.382864718251036E+02   -1.382791254756667E+02   -1.376711687536375E+02   -1.376679636543574E+02   -1.376673962106432E+02   -1.344871528424225E+02   -1.344530225199099E+02   -1.344357018593652E+02   -1.336774658760487E+02   -1.330516288691522E+02   -1.330512386123561E+02   -1.307742633228593E+02   -1.306670495095596E+02   -1.306182118047172E+02   -1.301602621661627E+02   -1.300439146015287E+02   -1.300077571746059E+02   -1.293308428114895E+02   -1.292648714216139E+02   -1.292316121841804E+02   -1.285037620104235E+02   -1.284684996187885E+02
    6.981568372128398E+00   -2.458947116773658E+02   -2.458942272009552E+02   -2.458939849541587E+02   -2.290439985863615E+02   -2.290424033358854E+02   -2.290416055164482E+02   -2.163549832278827E+02   -2.163524976556586E+02   -2.163512546857364E+02   -2.129849049488246E+02   -2.129813039668894E+02   -2.129795028392409E+02   -2.013453554864475E+02   -2.013379157144440E+02   -2.013341931476880E+02   -1.977120819964039E+02   -1.977054353338136E+02   -1.977021110843782E+02   -1.884210244818480E+02   -1.884144415527289E+02   -1.884111359193516E+02   -1.871424499240202E+02   -1.871269008478379E+02   -1.871191316738094E+02   -1.835676613095239E+02   -1.832269735470871E+02   -1.832163125293658E+02   -1.832109812543958E+02   -1.752004893866425E+02   -1.751822460514472E+02   -1.751730434248021E+02   -1.737569695643827E+02   -1.737301986279841E+02   -1.737168737802546E+02   -1.695439985555007E+02   -1.695287386704554E+02   -1.695211065042712E+02   -1.660706273813549E+02   -1.658078600634760E+02   -1.658077543636334E+02   -1.627621483409281E+02   -1.627259403598806E+02   -1.627073333093403E+02   -1.622876432543861E+02   -1.622752668275893E+02   -1.622694041900172E+02   -1.612055383797129E+02   -1.611659666071102E+02   -1.611463714735485E+02   -1.567053866952476E+02   -1.566855455179681E+02   -1.566756121890828E+02   -1.510957090368734E+02   -1.510356382842240E+02   -1.510026182960941E+02   -1.508349793828710E+02   -1.508010271858763E+02   -1.507881757035838E+02   -1.504633445602744E+02   -1.504259683284842E+02   -1.504256469239464E+02   -1.495206083667925E+02   -1.494691353886520E+02   -1.494438195481045E+02   -1.482961583813723E+02   -1.448167107650216E+02   -1.447920125598729E+02   -1.447796037812482E+02   -1.402522712921913E+02   -1.401566874933062E+02   -1.401240477456698E+02   -1.401059765425116E+02   -1.400067049295545E+02   -1.399875801350883E+02   -1.387520695968321E+02   -1.386922125618065E+02   -1.386628696139263E+02   -1.381202844400422E+02   -1.381051899790413E+02   -1.380977826017798E+02   -1.371049972553366E+02   -1.371020984490854E+02   -1.371015412165151E+02   -1.341051219205546E+02   -1.340705479282598E+02   -1.340529924919805E+02   -1.331319920158185E+02   -1.325391844590544E+02   -1.325387869204359E+02   -1.304434908152944E+02   -1.303396497094560E+02   -1.302868515715504E+02   -1.298184480880239E+02   -1.297063464806070E+02   -1.296669638074591E+02   -1.289540460135179E+02   -1.288871527990964E+02   -1.288533107051624E+02   -1.282745878395652E+02   -1.282387038981711E+02
    7.101557346973252E+00   -2.457912758045697E+02   -2.457907900690869E+02   -2.457905471916034E+02   -2.289232639268184E+02   -2.289216632612847E+02   -2.289208627299869E+02   -2.162436877972144E+02   -2.162411940989054E+02   -2.162399470551617E+02   -2.128447070090596E+02   -2.128410912121542E+02   -2.128392826551978E+02   -2.012139264359786E+02   -2.012064549921766E+02   -2.012027165425820E+02   -1.975499504122403E+02   -1.975432717886507E+02   -1.975399314401490E+02   -1.882994866046857E+02   -1.882928760668706E+02   -1.882895566590585E+02   -1.869880488175685E+02   -1.869724187715421E+02   -1.869646087135195E+02   -1.832259635182122E+02   -1.830400369996789E+02   -1.830293173189161E+02   -1.830239561682716E+02   -1.750549050799731E+02   -1.750365626561221E+02   -1.750273100687341E+02   -1.735761553561328E+02   -1.735492182247556E+02   -1.735358083107462E+02   -1.693288570747196E+02   -1.693135030045570E+02   -1.693058216148148E+02   -1.656888257069101E+02   -1.654381975770595E+02   -1.654380905791579E+02   -1.625882891519815E+02   -1.625518550323062E+02   -1.625330887545388E+02   -1.621517871379282E+02   -1.621394105916586E+02   -1.621335581042715E+02   -1.609944951444861E+02   -1.609545733017579E+02   -1.609347995249978E+02   -1.564579325899391E+02   -1.564379557660998E+02   -1.564279475759136E+02   -1.508878948718807E+02   -1.508279470651883E+02   -1.507937299240386E+02   -1.506671567235055E+02   -1.506335923701193E+02   -1.506211207387717E+02   -1.500371163049651E+02   -1.500030026793918E+02   -1.500026764988611E+02   -1.492747505882145E+02   -1.492226217607168E+02   -1.491969706643822E+02   -1.478868344868092E+02   -1.445316819083125E+02   -1.445067797830986E+02   -1.444942532383805E+02   -1.400229485564221E+02   -1.399451700868271E+02   -1.399029548603828E+02   -1.398616402762583E+02   -1.397735277404338E+02   -1.397483343657430E+02   -1.384663574955844E+02   -1.384054597621873E+02   -1.383755685365485E+02   -1.379649636629253E+02   -1.379497406936866E+02   -1.379422862032680E+02   -1.366109386839508E+02   -1.366082834443654E+02   -1.366077402521063E+02   -1.337733979770417E+02   -1.337384145745620E+02   -1.337206429127787E+02   -1.326546415384495E+02   -1.320916311461784E+02   -1.320912271817728E+02   -1.301637925896743E+02   -1.300621148493986E+02   -1.300066846598877E+02   -1.295216875146419E+02   -1.294121198931198E+02   -1.293703236566778E+02   -1.286252911656626E+02   -1.285575300023449E+02   -1.285230636372120E+02   -1.280767408370976E+02   -1.280402587452520E+02
    7.220093942122402E+00   -2.457021007645536E+02   -2.457016139270678E+02   -2.457013704974386E+02   -2.288185158698533E+02   -2.288169104131642E+02   -2.288161074819790E+02   -2.161477921592038E+02   -2.161452913715892E+02   -2.161440407742914E+02   -2.127224907526386E+02   -2.127188617893395E+02   -2.127170466291561E+02   -2.011000063947106E+02   -2.010925070434755E+02   -2.010887546020439E+02   -1.974081218117727E+02   -1.974014147377278E+02   -1.973980600646110E+02   -1.881948513841542E+02   -1.881882167696103E+02   -1.881848853991935E+02   -1.868536520225716E+02   -1.868379504175716E+02   -1.868301042248763E+02   -1.829266524001786E+02   -1.828761300289003E+02   -1.828653581524919E+02   -1.828599704731242E+02   -1.749288855380246E+02   -1.749104556877563E+02   -1.749011593572548E+02   -1.734183413623475E+02   -1.733912573088718E+02   -1.733777722532023E+02   -1.691399935198118E+02   -1.691245558305493E+02   -1.691168309944430E+02   -1.653541553840774E+02   -1.651145934709277E+02   -1.651144853058167E+02   -1.624372724890967E+02   -1.624006381314104E+02   -1.623817270440584E+02   -1.620349919740395E+02   -1.620226117363554E+02   -1.620167702953005E+02   -1.608100137083352E+02   -1.607697887665626E+02   -1.607498603775650E+02   -1.562407178554232E+02   -1.562206207482896E+02   -1.562105470845061E+02   -1.507072393468708E+02   -1.506477388537911E+02   -1.506120063267028E+02   -1.505218197039288E+02   -1.504888361526268E+02   -1.504768569204481E+02   -1.496639404200287E+02   -1.496326855921349E+02   -1.496323552220937E+02   -1.490597449239264E+02   -1.490070554958099E+02   -1.489811185077400E+02   -1.475283136539876E+02   -1.442819571502678E+02   -1.442568718844352E+02   -1.442442417952045E+02   -1.398298337944747E+02   -1.397617430508969E+02   -1.397162010393070E+02   -1.396496122777088E+02   -1.395656832102624E+02   -1.395358516027147E+02   -1.382165912184798E+02   -1.381548155319521E+02   -1.381244390482810E+02   -1.378315520341191E+02   -1.378162199723482E+02   -1.378087339031139E+02   -1.361791951009520E+02   -1.361767327446204E+02   -1.361762065646534E+02   -1.334842459171968E+02   -1.334488853416983E+02   -1.334309147546582E+02   -1.322363971816892E+02   -1.317003469298164E+02   -1.316999372906944E+02   -1.299254028858900E+02   -1.298249508382938E+02   -1.297678248485650E+02   -1.292634132710395E+02   -1.291552304026178E+02   -1.291116644795152E+02   -1.283379980858450E+02   -1.282694864395532E+02   -1.282343141418259E+02   -1.279053760691245E+02   -1.278683232501951E+02
    7.337096237306141E+00   -2.456251160511182E+02   -2.456246282465165E+02   -2.456243843321793E+02   -2.287274650520208E+02   -2.287258553434961E+02   -2.287250502820885E+02   -2.160650502152209E+02   -2.160625432271227E+02   -2.160612895219153E+02   -2.126157078577725E+02   -2.126120671571780E+02   -2.126102461097412E+02   -2.010010711039128E+02   -2.009935470911789E+02   -2.009897822868927E+02   -1.972837384501374E+02   -1.972770059727221E+02   -1.972736385131199E+02   -1.881046380282324E+02   -1.880979823776299E+02   -1.880946405905600E+02   -1.867363963554629E+02   -1.867206313128337E+02   -1.867127530819808E+02   -1.827320201498495E+02   -1.827212016949148E+02   -1.827157903796210E+02   -1.826642649065520E+02   -1.748195824696606E+02   -1.748010753394070E+02   -1.747917405760584E+02   -1.732802432586521E+02   -1.732530289128775E+02   -1.732394772519532E+02   -1.689737124661553E+02   -1.689582003475478E+02   -1.689504370235171E+02   -1.650605223830015E+02   -1.648310725109952E+02   -1.648309632941721E+02   -1.623057784802222E+02   -1.622689671717294E+02   -1.622499228658046E+02   -1.619344212135844E+02   -1.619220364843117E+02   -1.619162078454997E+02   -1.606483035587323E+02   -1.606078140857462E+02   -1.605877508063669E+02   -1.560494557976860E+02   -1.560292518567969E+02   -1.560191206915350E+02   -1.505498231050512E+02   -1.504913550311928E+02   -1.504535152671405E+02   -1.503952678524797E+02   -1.503632737061798E+02   -1.503519321217948E+02   -1.493368641722707E+02   -1.493081228038004E+02   -1.493077887622141E+02   -1.488711831893814E+02   -1.488180099922790E+02   -1.487918268702674E+02   -1.472139845422612E+02   -1.440624411795199E+02   -1.440371913606065E+02   -1.440244698070121E+02   -1.396659630952119E+02   -1.396025264730830E+02   -1.395564731326742E+02   -1.394642411737770E+02   -1.393811572453563E+02   -1.393481754656368E+02   -1.379976640831125E+02   -1.379351564867724E+02   -1.379043282313523E+02   -1.377167441577762E+02   -1.377013270991267E+02   -1.376938297742118E+02   -1.358013822827686E+02   -1.357990721222094E+02   -1.357985650826546E+02   -1.332312670002326E+02   -1.331955591566080E+02   -1.331774055660350E+02   -1.318694846254108E+02   -1.313578956882270E+02   -1.313574810328832E+02   -1.297208276862548E+02   -1.296209673017121E+02   -1.295627608018980E+02   -1.290380122131163E+02   -1.289305257873170E+02   -1.288856696997458E+02   -1.280864690722479E+02   -1.280174070537790E+02   -1.279813527179273E+02   -1.277563653897375E+02   -1.277187988636350E+02
    7.452483372604582E+00   -2.455585593453935E+02   -2.455580706896933E+02   -2.455578263486426E+02   -2.286481625719098E+02   -2.286465490786731E+02   -2.286457421205985E+02   -2.159935522148641E+02   -2.159910397893100E+02   -2.159897833584715E+02   -2.125221893799101E+02   -2.125185381835314E+02   -2.125167118707386E+02   -2.009149748882076E+02   -2.009074290179146E+02   -2.009036532567246E+02   -1.971743694798220E+02   -1.971676142496080E+02   -1.971642353400041E+02   -1.880267403816626E+02   -1.880200663122933E+02   -1.880167154299191E+02   -1.866338499367770E+02   -1.866180284803497E+02   -1.866101217527326E+02   -1.826049608046038E+02   -1.825941006590501E+02   -1.825886682149323E+02   -1.824340529806441E+02   -1.747245803194727E+02   -1.747060047276320E+02   -1.746966360814631E+02   -1.731590754612099E+02   -1.731317452027106E+02   -1.731181343004727E+02   -1.688268796150676E+02   -1.688113010678871E+02   -1.688035035255983E+02   -1.648026384775591E+02   -1.645824497109660E+02   -1.645823395443597E+02   -1.621909979660800E+02   -1.621540306034168E+02   -1.621348622934780E+02   -1.618476772283002E+02   -1.618352888130240E+02   -1.618294751861089E+02   -1.605061514999188E+02   -1.604654296529966E+02   -1.604452479077130E+02   -1.558805208564148E+02   -1.558602218414986E+02   -1.558500399725355E+02   -1.504123732061813E+02   -1.503560676430737E+02   -1.503150016682502E+02   -1.502840788652737E+02   -1.502539088185170E+02   -1.502433876675619E+02   -1.490498755171341E+02   -1.490233513955262E+02   -1.490230141394081E+02   -1.487053274238542E+02   -1.486517335267908E+02   -1.486253367998041E+02   -1.469381185817719E+02   -1.438688455764005E+02   -1.438434477422811E+02   -1.438306450337270E+02   -1.395256346284244E+02   -1.394641982643590E+02   -1.394186935670616E+02   -1.393013195994519E+02   -1.392177915708110E+02   -1.391826749044409E+02   -1.378052421336252E+02   -1.377421809863409E+02   -1.377108680981283E+02   -1.376176979263206E+02   -1.376022509642275E+02   -1.375947732845840E+02   -1.354703083137126E+02   -1.354681179004512E+02   -1.354676313449831E+02   -1.330091377470916E+02   -1.329731101138054E+02   -1.329547880603629E+02   -1.315471942027383E+02   -1.310578582320677E+02   -1.310574391375543E+02   -1.295442275686887E+02   -1.294445609444316E+02   -1.293856659590906E+02   -1.288407305930363E+02   -1.287335646467349E+02   -1.286877704406888E+02   -1.278658571647822E+02   -1.277966653669882E+02   -1.277592938471311E+02   -1.276260434398463E+02   -1.275881418989757E+02
    7.566175604329682E+00   -2.455009303936031E+02   -2.455004409867664E+02   -2.455001962689622E+02   -2.285789487508857E+02   -2.285773318784085E+02   -2.285765232263856E+02   -2.159316739888543E+02   -2.159291567819121E+02   -2.159278979539031E+02   -2.124400882183675E+02   -2.124364276073090E+02   -2.124345965706327E+02   -2.008398929927562E+02   -2.008323276919038E+02   -2.008285421898090E+02   -1.970779455487583E+02   -1.970711698769499E+02   -1.970677806816314E+02   -1.879593696773802E+02   -1.879526794430600E+02   -1.879493205967594E+02   -1.865439456925125E+02   -1.865280739111161E+02   -1.865201417555350E+02   -1.824926159061820E+02   -1.824817183326501E+02   -1.824762669387670E+02   -1.822318905579910E+02   -1.746418290534312E+02   -1.746231926638567E+02   -1.746137940453027E+02   -1.730524729513947E+02   -1.730250392430296E+02   -1.730113754705110E+02   -1.686968330675969E+02   -1.686811950674413E+02   -1.686733669955644E+02   -1.645759143210233E+02   -1.643642256445351E+02   -1.643641146181189E+02   -1.620905510819998E+02   -1.620534464463567E+02   -1.620341613066792E+02   -1.617727306746578E+02   -1.617603403583559E+02   -1.617545441935061E+02   -1.603808314855867E+02   -1.603399043780011E+02   -1.603196179964280E+02   -1.557308413491834E+02   -1.557104575387491E+02   -1.557002307854132E+02   -1.502921743490824E+02   -1.502402337919179E+02   -1.501939147453525E+02   -1.501848216344710E+02   -1.501580567175711E+02   -1.501485328543882E+02   -1.487977729904006E+02   -1.487732112440664E+02   -1.487728711763791E+02   -1.485590075044598E+02   -1.485050453619701E+02   -1.484784619795973E+02   -1.466957507752380E+02   -1.436975522592406E+02   -1.436720210751509E+02   -1.436591460499610E+02   -1.394045045400180E+02   -1.393437908989756E+02   -1.392991344413711E+02   -1.391576259170337E+02   -1.390732558538348E+02   -1.390366336005080E+02   -1.376357047386115E+02   -1.375728041840649E+02   -1.375405756386763E+02   -1.375315218920857E+02   -1.375164716782653E+02   -1.375089698731988E+02   -1.351797920962010E+02   -1.351776957141429E+02   -1.351772302979521E+02   -1.328134090047423E+02   -1.327770866773215E+02   -1.327586093821886E+02   -1.312637299636853E+02   -1.307946889547099E+02   -1.307942659265943E+02   -1.293909803665862E+02   -1.292912701535820E+02   -1.292319340581897E+02   -1.286675550160268E+02   -1.285605270036670E+02   -1.285140559713631E+02   -1.276721922176268E+02   -1.276042404865333E+02   -1.275641534848434E+02   -1.275105033217029E+02   -1.274730482480866E+02
    7.678094360135844E+00   -2.454509517190580E+02   -2.454504616473770E+02   -2.454502165959416E+02   -2.285184095781622E+02   -2.285167896792313E+02   -2.285159795096297E+02   -2.158780338021911E+02   -2.158755123789628E+02   -2.158742514365139E+02   -2.123678303395459E+02   -2.123641612576458E+02   -2.123623259697522E+02   -2.007742727291790E+02   -2.007666901031302E+02   -2.007628959142293E+02   -1.969927035363411E+02   -1.969859094435063E+02   -1.969825109795579E+02   -1.879010060515971E+02   -1.878943015948529E+02   -1.878909357551502E+02   -1.864649252376202E+02   -1.864490084226860E+02   -1.864410535051342E+02   -1.823929963512465E+02   -1.823820650761256E+02   -1.823765966320776E+02   -1.820541923428234E+02   -1.745695875528257E+02   -1.745508970306080E+02   -1.745414718102925E+02   -1.729584256499351E+02   -1.729308993206732E+02   -1.729171882061494E+02   -1.685813090985446E+02   -1.685656177381122E+02   -1.685577623339718E+02   -1.643763666008286E+02   -1.641724954893500E+02   -1.641723836825955E+02   -1.620024193158667E+02   -1.619651943644288E+02   -1.619457977799935E+02   -1.617078620604678E+02   -1.616954722728797E+02   -1.616896961499929E+02   -1.602700283897465E+02   -1.602289190799891E+02   -1.602085398084373E+02   -1.555978104867814E+02   -1.555773508676304E+02   -1.555670842308067E+02   -1.501870140675216E+02   -1.501429711282585E+02   -1.500944720839111E+02   -1.500890829237619E+02   -1.500729845582897E+02   -1.500641089936919E+02   -1.485760541382387E+02   -1.485532347543445E+02   -1.485528922302414E+02   -1.484295330088288E+02   -1.483752466965346E+02   -1.483484992160017E+02   -1.464825767470894E+02   -1.435455018461943E+02   -1.435198502930420E+02   -1.435069105620470E+02   -1.392992821213743E+02   -1.392387036753353E+02   -1.391949047823378E+02   -1.390305378935588E+02   -1.389452680700048E+02   -1.389075335135650E+02   -1.374865913293412E+02   -1.374598263041601E+02   -1.374427218830589E+02   -1.374358071698161E+02   -1.374188685863692E+02   -1.373889102320891E+02   -1.349245128335080E+02   -1.349224902141681E+02   -1.349220460216368E+02   -1.326403481541757E+02   -1.326037539685114E+02   -1.325851334259167E+02   -1.310140813101255E+02   -1.305635936848962E+02   -1.305631671661250E+02   -1.292573746440957E+02   -1.291574860602987E+02   -1.290978652307372E+02   -1.285150969728438E+02   -1.284081382426558E+02   -1.283611886171705E+02   -1.275027635929648E+02   -1.274442360964119E+02   -1.274007924130365E+02   -1.273944194943951E+02   -1.273690061718099E+02
    7.788162293321005E+00   -2.454075351829800E+02   -2.454070445211029E+02   -2.454067991733345E+02   -2.284653397081604E+02   -2.284637170905026E+02   -2.284629055571565E+02   -2.158314557050674E+02   -2.158289305532543E+02   -2.158276677402152E+02   -2.123040734331281E+02   -2.123003967066548E+02   -2.122985575812880E+02   -2.007167920916976E+02   -2.007091939711601E+02   -2.007053920114305E+02   -1.969171398465323E+02   -1.969103291041092E+02   -1.969069222626343E+02   -1.878503574866323E+02   -1.878436404837919E+02   -1.878402684848730E+02   -1.863952915047656E+02   -1.863793342669022E+02   -1.863713589096154E+02   -1.823044065623428E+02   -1.822934448518528E+02   -1.822879610187801E+02   -1.818978429475318E+02   -1.745063759068636E+02   -1.744876370557849E+02   -1.744781881475282E+02   -1.728752232701356E+02   -1.728476137547925E+02   -1.728338601097688E+02   -1.684783799643760E+02   -1.684626405764028E+02   -1.684547606207711E+02   -1.642005374375152E+02   -1.640038700262244E+02   -1.640037575093924E+02   -1.619248886766146E+02   -1.618875588326766E+02   -1.618680545833731E+02   -1.616516130351001E+02   -1.616392266826911E+02   -1.616334732570620E+02   -1.601717737935110E+02   -1.601305020303360E+02   -1.601100399177643E+02   -1.554792123396209E+02   -1.554586847761366E+02   -1.554483825696275E+02   -1.500951792544196E+02   -1.500621977551081E+02   -1.500130046809612E+02   -1.500039654737059E+02   -1.499950187567910E+02   -1.499829056329215E+02   -1.483808196702173E+02   -1.483595520953630E+02   -1.483592074277925E+02   -1.483146183053530E+02   -1.482600451690319E+02   -1.482331526350674E+02   -1.462948637632096E+02   -1.434101018920508E+02   -1.433843414521500E+02   -1.433713435977304E+02   -1.392074126202427E+02   -1.391467091832216E+02   -1.391036823200644E+02   -1.389178429605027E+02   -1.388317327140270E+02   -1.387931419383655E+02   -1.373957429464119E+02   -1.373810530760214E+02   -1.373715633491057E+02   -1.373499299749866E+02   -1.372864448844244E+02   -1.372552222217088E+02   -1.346998841131742E+02   -1.346979193522141E+02   -1.346974960208561E+02   -1.324868133684104E+02   -1.324499680653694E+02   -1.324312151476306E+02   -1.307939134562202E+02   -1.303604252821799E+02   -1.303599956609345E+02   -1.291403937573869E+02   -1.290402554561691E+02   -1.289804494920042E+02   -1.283804915607140E+02   -1.282735980274542E+02   -1.282263239344419E+02   -1.273596275291368E+02   -1.273328451147130E+02   -1.272878983602599E+02   -1.272752267897403E+02   -1.272565252097891E+02
    7.896303336280670E+00   -2.453697535438805E+02   -2.453692623565281E+02   -2.453690167447595E+02   -2.284187110396485E+02   -2.284170859724138E+02   -2.284162732098647E+02   -2.157909384191436E+02   -2.157884099605434E+02   -2.157871454876811E+02   -2.122476718754621E+02   -2.122439882298752E+02   -2.122421456302647E+02   -2.006663247071009E+02   -2.006587126880195E+02   -2.006549037554781E+02   -1.968499709265628E+02   -1.968431450922055E+02   -1.968397306563353E+02   -1.878063250490120E+02   -1.877995969489547E+02   -1.877962195093281E+02   -1.863337687446474E+02   -1.863177751124451E+02   -1.863097813439118E+02   -1.822253994464749E+02   -1.822144101716146E+02   -1.822089124068164E+02   -1.817601351366981E+02   -1.744509351828515E+02   -1.744321530653042E+02   -1.744226829954685E+02   -1.728014089374364E+02   -1.727737244798695E+02   -1.727599325050737E+02   -1.683864017263663E+02   -1.683706189894675E+02   -1.683627169091128E+02   -1.640454244358457E+02   -1.638554070491401E+02   -1.638552938844330E+02   -1.618565020700946E+02   -1.618190815045139E+02   -1.617994718944349E+02   -1.616027456033596E+02   -1.615903660020524E+02   -1.615846379818854E+02   -1.600843919715004E+02   -1.600429747715096E+02   -1.600224384685225E+02   -1.553731601003073E+02   -1.553525714839117E+02   -1.553422374427689E+02   -1.500155715083022E+02   -1.499938831577371E+02   -1.499427850849469E+02   -1.499376568876882E+02   -1.499205674740602E+02   -1.499026469738420E+02   -1.482123192830105E+02   -1.482086910110621E+02   -1.481888096498603E+02   -1.481884631145684E+02   -1.481574911912238E+02   -1.481304698040466E+02   -1.461293737936687E+02   -1.432891511335495E+02   -1.432632919659972E+02   -1.432502417055445E+02   -1.391268579438042E+02   -1.390659226204930E+02   -1.390235620709804E+02   -1.388176486277270E+02   -1.387307895975019E+02   -1.386915174413048E+02   -1.373398847939725E+02   -1.373243050311625E+02   -1.373158969017447E+02   -1.372326544514939E+02   -1.371677436817303E+02   -1.371361414534110E+02   -1.345019478837550E+02   -1.345000285406907E+02   -1.344996253788148E+02   -1.323501523054741E+02   -1.323130747124196E+02   -1.322941992771161E+02   -1.305994737164253E+02   -1.301815941932342E+02   -1.301811618098660E+02   -1.290375611793672E+02   -1.289371402647353E+02   -1.288772132448563E+02   -1.282613119647676E+02   -1.281545144893090E+02   -1.281070384826672E+02   -1.272626790388565E+02   -1.272336379215188E+02   -1.271949051722661E+02   -1.271867761568640E+02   -1.271284752745729E+02
    8.002442753077984E+00   -2.453368162833376E+02   -2.453363246267579E+02   -2.453360787790857E+02   -2.283776460456609E+02   -2.283760187649345E+02   -2.283752048911880E+02   -2.157556289350420E+02   -2.157530975352928E+02   -2.157518315851972E+02   -2.121976470426870E+02   -2.121939571168987E+02   -2.121921113629105E+02   -2.006219101534042E+02   -2.006142856308379E+02   -2.006104704226307E+02   -1.967900998883007E+02   -1.967832603359628E+02   -1.967798389961546E+02   -1.877679734620268E+02   -1.877612355193554E+02   -1.877578532592757E+02   -1.862792687428180E+02   -1.862632422466495E+02   -1.862552318439974E+02   -1.821547384237768E+02   -1.821437241157237E+02   -1.821382137019312E+02   -1.816387160573639E+02   -1.744021934873761E+02   -1.743833725281922E+02   -1.743738834938007E+02   -1.727357401531922E+02   -1.727079879785604E+02   -1.726941613532938E+02   -1.683039704275610E+02   -1.682881484571118E+02   -1.682802263772387E+02   -1.639084200029914E+02   -1.637245518399268E+02   -1.637244380825043E+02   -1.617960193337688E+02   -1.617585212364194E+02   -1.617388071757611E+02   -1.615602078795365E+02   -1.615478387528596E+02   -1.615421388949575E+02   -1.600064544762304E+02   -1.599649065812151E+02   -1.599443035763474E+02   -1.552780444998721E+02   -1.552574008798580E+02   -1.552470382500806E+02   -1.499481157334926E+02   -1.499338081876852E+02   -1.498816666500018E+02   -1.498815733304369E+02   -1.498506740988001E+02   -1.498292147325686E+02   -1.481209800746427E+02   -1.480659243919443E+02   -1.480567393104897E+02   -1.480387880243414E+02   -1.480380997676145E+02   -1.480377516075877E+02   -1.459832969742605E+02   -1.431807767282854E+02   -1.431548278300683E+02   -1.431417301508401E+02   -1.390559576924661E+02   -1.389947552977788E+02   -1.389529612582024E+02   -1.387283301793853E+02   -1.386408155464297E+02   -1.386009867870536E+02   -1.372914691352835E+02   -1.372757114896363E+02   -1.372674829880667E+02   -1.371270967273452E+02   -1.370616893235299E+02   -1.370298380161181E+02   -1.343272847417204E+02   -1.343254011036623E+02   -1.343250171936931E+02   -1.322281197983649E+02   -1.321908270126665E+02   -1.321718380062076E+02   -1.304275111812381E+02   -1.300239916948084E+02   -1.300235568479406E+02   -1.289468272496593E+02   -1.288461137197936E+02   -1.287861073135477E+02   -1.281554981857794E+02   -1.280488450158503E+02   -1.280012663289230E+02   -1.271916173616811E+02   -1.271548886533727E+02   -1.271254001248398E+02   -1.270773623011065E+02   -1.270095449841708E+02
    8.106507191093471E+00   -2.453080490689924E+02   -2.453075569921959E+02   -2.453073109330978E+02   -2.283413951435141E+02   -2.283397658570047E+02   -2.283389509758763E+02   -2.157248001161728E+02   -2.157222660930067E+02   -2.157209988242435E+02   -2.121531621595696E+02   -2.121494665180805E+02   -2.121476178923039E+02   -2.005827288276201E+02   -2.005750930245121E+02   -2.005712721514167E+02   -1.967365882844166E+02   -1.967297362299630E+02   -1.967263085969951E+02   -1.877345061973199E+02   -1.877277595006805E+02   -1.877243729568542E+02   -1.862308622805668E+02   -1.862148060237172E+02   -1.862067805486644E+02   -1.820913654001917E+02   -1.820803282975376E+02   -1.820748063676903E+02   -1.815315404638901E+02   -1.743592373244922E+02   -1.743403814003862E+02   -1.743308753179472E+02   -1.726771559183194E+02   -1.726493423791749E+02   -1.726354843367682E+02   -1.682298852501328E+02   -1.682140276761714E+02   -1.682060874644718E+02   -1.637872587267050E+02   -1.636090855326696E+02   -1.636089712315471E+02   -1.617423836598190E+02   -1.617048205033402E+02   -1.616850015472467E+02   -1.615231052805967E+02   -1.615107508045713E+02   -1.615050819203399E+02   -1.599367419477433E+02   -1.598950761925236E+02   -1.598744130018157E+02   -1.551924906358095E+02   -1.551717973331885E+02   -1.551614089462614E+02   -1.498931098034470E+02   -1.498787515407100E+02   -1.498326948083621E+02   -1.498264410012642E+02   -1.497868793827212E+02   -1.497633303916164E+02   -1.480391882562440E+02   -1.479839286125992E+02   -1.479566892165745E+02   -1.479224242766153E+02   -1.479049002141027E+02   -1.479045506434945E+02   -1.458541940568348E+02   -1.430833821050634E+02   -1.430573514563369E+02   -1.430442107272001E+02   -1.389933392906728E+02   -1.389318678807252E+02   -1.388905539265603E+02   -1.386484920469932E+02   -1.385604063901103E+02   -1.385201135668561E+02   -1.372493024591502E+02   -1.372334489070427E+02   -1.372252794783117E+02   -1.370324845225910E+02   -1.369667159076684E+02   -1.369346694457608E+02   -1.341729377331214E+02   -1.341710822217087E+02   -1.341707165054396E+02   -1.321188105369256E+02   -1.320813181027270E+02   -1.320622236573103E+02   -1.302752077686136E+02   -1.298849239402373E+02   -1.298844868921184E+02   -1.288664843519147E+02   -1.287654815238273E+02   -1.287054231053454E+02   -1.280612978439400E+02   -1.279548442534401E+02   -1.279072442868358E+02   -1.271302413911968E+02   -1.270907730887519E+02   -1.270638359081559E+02   -1.269728571224034E+02   -1.269022647933329E+02
    8.208424731718758E+00   -2.452828763150833E+02   -2.452823838608897E+02   -2.452821376117489E+02   -2.283093174979065E+02   -2.283076863889351E+02   -2.283068705920441E+02   -2.156978317067679E+02   -2.156952953370075E+02   -2.156940268876361E+02   -2.121135009923013E+02   -2.121098001355356E+02   -2.121079488884624E+02   -2.005480806667898E+02   -2.005404346584150E+02   -2.005366086571500E+02   -1.966886322388672E+02   -1.966817687618895E+02   -1.966783353779134E+02   -1.877052443934827E+02   -1.876984898897056E+02   -1.876950995277043E+02   -1.861877550203733E+02   -1.861716717394575E+02   -1.861636325688373E+02   -1.820343737405450E+02   -1.820233158295800E+02   -1.820177833878215E+02   -1.814368300599259E+02   -1.743212874165175E+02   -1.743023999328776E+02   -1.742928784794876E+02   -1.726247490282204E+02   -1.725968797284748E+02   -1.725829931201036E+02   -1.681631175138867E+02   -1.681472275478167E+02   -1.681392708515605E+02   -1.636799717606865E+02   -1.635070803416983E+02   -1.635069655405297E+02   -1.616946933581140E+02   -1.616570771586526E+02   -1.616371515048102E+02   -1.614906762634691E+02   -1.614783411492495E+02   -1.614727061163889E+02   -1.598742119870378E+02   -1.598324395988275E+02   -1.598117219197095E+02   -1.551153217874111E+02   -1.550945834935483E+02   -1.550841718286038E+02   -1.498475735314838E+02   -1.498293595551495E+02   -1.497897329043684E+02   -1.497754781779929E+02   -1.497292362675094E+02   -1.497043243064379E+02   -1.479657371903528E+02   -1.479102940978002E+02   -1.478829620285693E+02   -1.478035414471432E+02   -1.477870219509611E+02   -1.477866711585552E+02   -1.457399466345507E+02   -1.429956035233174E+02   -1.429694982167462E+02   -1.429563182811389E+02   -1.389378566844532E+02   -1.388761291563222E+02   -1.388352229190602E+02   -1.385769355941198E+02   -1.384883524984663E+02   -1.384476664950331E+02   -1.372124821002402E+02   -1.371965581164910E+02   -1.371884094810137E+02   -1.369475049752233E+02   -1.368814348036135E+02   -1.368492251670177E+02   -1.340363474452679E+02   -1.340345141451693E+02   -1.340341654905299E+02   -1.320206037192947E+02   -1.319829257927738E+02   -1.319637333153485E+02   -1.301401189746096E+02   -1.297620552348050E+02   -1.297616162159930E+02   -1.287951020397936E+02   -1.286938206906077E+02   -1.286337284040321E+02   -1.279772170067018E+02   -1.278710192051615E+02   -1.278234652490318E+02   -1.270760102899141E+02   -1.270350026274902E+02   -1.270089395339107E+02   -1.268776079592213E+02   -1.268057584338501E+02
    8.308124940059274E+00   -2.452608063783989E+02   -2.452603135843264E+02   -2.452600671638758E+02   -2.282808647392455E+02   -2.282792319701429E+02   -2.282784153386119E+02   -2.156741942303862E+02   -2.156716557558739E+02   -2.156703862464258E+02   -2.120780497977346E+02   -2.120743441708422E+02   -2.120724905252796E+02   -2.005173671317382E+02   -2.005097118664941E+02   -2.005058812101734E+02   -1.966455422555320E+02   -1.966386683179331E+02   -1.966352296658756E+02   -1.876796090145448E+02   -1.876728475291895E+02   -1.876694537539452E+02   -1.861492671249919E+02   -1.861331592413238E+02   -1.861251075930243E+02   -1.819829854503038E+02   -1.819719084993774E+02   -1.819663664388736E+02   -1.813530381827617E+02   -1.742876782859045E+02   -1.742687622425699E+02   -1.742592268905803E+02   -1.725777427122352E+02   -1.725498226124325E+02   -1.725359099611655E+02   -1.681027845683307E+02   -1.680868650600103E+02   -1.680788933373348E+02   -1.635848472986870E+02   -1.634168607568555E+02   -1.634167454946271E+02   -1.616521780897107E+02   -1.616145206711854E+02   -1.615944851157152E+02   -1.614622718692269E+02   -1.614499614806558E+02   -1.614443632577343E+02   -1.598179721165263E+02   -1.597761029607967E+02   -1.597553357981615E+02   -1.550455290477786E+02   -1.550247499095940E+02   -1.550143171454091E+02   -1.498083466990630E+02   -1.497865008489256E+02   -1.497518054193884E+02   -1.497281978923334E+02   -1.496772802563581E+02   -1.496514081813155E+02   -1.478995943717459E+02   -1.478439857239981E+02   -1.478165700009362E+02   -1.476981767176742E+02   -1.476825640861017E+02   -1.476822122383544E+02   -1.456387140942805E+02   -1.429162738091947E+02   -1.428901001640485E+02   -1.428768844176106E+02   -1.388885461855619E+02   -1.388265813786095E+02   -1.387860230049656E+02   -1.385126312311870E+02   -1.384236136858757E+02   -1.383825902740657E+02   -1.371802560337300E+02   -1.371642734542734E+02   -1.371561291007050E+02   -1.368709803122925E+02   -1.368046476201424E+02   -1.367722972982200E+02   -1.339152965891356E+02   -1.339134808771467E+02   -1.339131481281026E+02   -1.319321173478151E+02   -1.318942668486653E+02   -1.318749831014688E+02   -1.300201229152559E+02   -1.296533592131719E+02   -1.296529184266264E+02   -1.287314765143300E+02   -1.286299313151831E+02   -1.285698172721565E+02   -1.279019792896545E+02   -1.277960908751596E+02   -1.277486387014681E+02   -1.270277134066478E+02   -1.269855532802601E+02   -1.269597671072887E+02   -1.267914558798134E+02   -1.267188528272034E+02
    8.405538913611528E+00   -2.452414189945904E+02   -2.452409258936103E+02   -2.452406793183102E+02   -2.282555671559463E+02   -2.282539328709461E+02   -2.282531154768481E+02   -2.156534353410895E+02   -2.156508949737181E+02   -2.156496245097212E+02   -2.120462820303777E+02   -2.120425720307389E+02   -2.120407161855700E+02   -2.004900759526396E+02   -2.004824122697367E+02   -2.004785773767654E+02   -1.966067261337597E+02   -1.965998425956091E+02   -1.965963991071823E+02   -1.876571057504030E+02   -1.876503380052407E+02   -1.876469411699158E+02   -1.861148160273734E+02   -1.860986856906802E+02   -1.860906226457120E+02   -1.819365319011174E+02   -1.819254374899734E+02   -1.819198866080542E+02   -1.812788191474900E+02   -1.742578410078283E+02   -1.742388990553638E+02   -1.742293511016671E+02   -1.725354709253076E+02   -1.725075044320867E+02   -1.724935679787263E+02   -1.680481277884899E+02   -1.680321812750850E+02   -1.680241958214526E+02   -1.635003963362447E+02   -1.633369699234588E+02   -1.633368542350909E+02   -1.616141788477516E+02   -1.615764921178391E+02   -1.615563419668111E+02   -1.614373384618874E+02   -1.614250589694891E+02   -1.614195006116234E+02   -1.597672570083399E+02   -1.597252997922040E+02   -1.597044875624672E+02   -1.549822458068375E+02   -1.549614295002485E+02   -1.549509775588805E+02   -1.497739572935733E+02   -1.497494597838478E+02   -1.497182130681095E+02   -1.496845077675275E+02   -1.496304408305749E+02   -1.496038540165696E+02   -1.478398748083602E+02   -1.477841162891229E+02   -1.477566248078465E+02   -1.476046671174653E+02   -1.475898749992558E+02   -1.475895222429623E+02   -1.455488963901958E+02   -1.428443920252158E+02   -1.428181556873557E+02   -1.428049071429890E+02   -1.388445932245835E+02   -1.387824116183572E+02   -1.387421517315400E+02   -1.384546941772771E+02   -1.383652958438260E+02   -1.383239798912876E+02   -1.371519882426647E+02   -1.371359539856553E+02   -1.371278055633018E+02   -1.368018898723490E+02   -1.367353245728249E+02   -1.367028508456375E+02   -1.338078625986864E+02   -1.338060608542818E+02   -1.338057428664679E+02   -1.318521703528544E+02   -1.318141591012780E+02   -1.317947902740726E+02   -1.299133764698252E+02   -1.295570767944855E+02   -1.295566344191363E+02   -1.286745906797566E+02   -1.285727980423249E+02   -1.285126703654438E+02   -1.278344917824988E+02   -1.277289617251016E+02   -1.276816574519794E+02   -1.269844862417993E+02   -1.269413343465383E+02   -1.269155497115494E+02   -1.267135692109429E+02   -1.266404379631102E+02
    8.500599329881343E+00   -2.452243546175930E+02   -2.452238612387720E+02   -2.452236145231314E+02   -2.282330219850923E+02   -2.282313863127991E+02   -2.282305682203918E+02   -2.156351682546228E+02   -2.156326261806047E+02   -2.156313548547264E+02   -2.120177453841393E+02   -2.120140313677702E+02   -2.120121735011656E+02   -2.004657682117098E+02   -2.004580968562438E+02   -2.004542580978869E+02   -1.965716745083211E+02   -1.965647821413883E+02   -1.965613342039243E+02   -1.876373122371068E+02   -1.876305388649887E+02   -1.876271392784811E+02   -1.860839018597863E+02   -1.860677509854524E+02   -1.860596775067383E+02   -1.818944375413484E+02   -1.818833270861916E+02   -1.818777680972367E+02   -1.812130016507973E+02   -1.742312886363433E+02   -1.742123231241521E+02   -1.742027637149675E+02   -1.724973617114586E+02   -1.724693527536691E+02   -1.724553944956861E+02   -1.679984940150143E+02   -1.679825227628306E+02   -1.679745247334435E+02   -1.634253230215962E+02   -1.632661405240322E+02   -1.632660244409061E+02   -1.615801310827077E+02   -1.615424273305795E+02   -1.615221562620964E+02   -1.614154031505016E+02   -1.614031617270029E+02   -1.613976464014657E+02   -1.597214092942698E+02   -1.596793717357169E+02   -1.596585183532435E+02   -1.549247262862689E+02   -1.549038760794133E+02   -1.548934066629278E+02   -1.497435734899056E+02   -1.497172269700777E+02   -1.496883760395704E+02   -1.496443665749193E+02   -1.495881612814010E+02   -1.495610202918518E+02   -1.477858186236203E+02   -1.477299240427291E+02   -1.477023637488006E+02   -1.475215669669528E+02   -1.475075187899602E+02   -1.475071652545886E+02   -1.454691018543255E+02   -1.427790980594110E+02   -1.427528040884904E+02   -1.427395254310599E+02   -1.388053064843731E+02   -1.387429281636916E+02   -1.387029259333005E+02   -1.384023634917549E+02   -1.383126301157965E+02   -1.382710583910849E+02   -1.371271381499884E+02   -1.371110568832446E+02   -1.371028997508683E+02   -1.367393542273232E+02   -1.366725808605053E+02   -1.366399976856849E+02   -1.337123770277090E+02   -1.337105864084261E+02   -1.337102820733401E+02   -1.317797511077575E+02   -1.317415899471868E+02   -1.317221417216227E+02   -1.298182775153149E+02   -1.294716799581933E+02   -1.294712361520489E+02   -1.286235821706461E+02   -1.285215589650773E+02   -1.284614231103726E+02   -1.277738166131458E+02   -1.276686881721794E+02   -1.276215696555394E+02   -1.269456409087287E+02   -1.269015763731175E+02   -1.268756449524122E+02   -1.266430628538627E+02   -1.265695263250014E+02
    8.593240492910159E+00   -2.452093053746616E+02   -2.452088117437080E+02   -2.452085649005571E+02   -2.282128834820839E+02   -2.282112465375807E+02   -2.282104278043603E+02   -2.156190619426847E+02   -2.156165183261803E+02   -2.156152462200470E+02   -2.119920508102301E+02   -2.119883330972525E+02   -2.119864733694111E+02   -2.004440674031894E+02   -2.004363890389958E+02   -2.004325467458320E+02   -1.965399486062051E+02   -1.965330481055333E+02   -1.965295960678193E+02   -1.876198672393878E+02   -1.876130887968888E+02   -1.876096867301929E+02   -1.860560951273847E+02   -1.860399254282100E+02   -1.860318423766099E+02   -1.818562061217671E+02   -1.818450808967072E+02   -1.818395144431367E+02   -1.811545657077212E+02   -1.742076038853066E+02   -1.741886169027632E+02   -1.741790470546495E+02   -1.724629231521261E+02   -1.724348752456535E+02   -1.724208969703041E+02   -1.679533198872863E+02   -1.679373259276031E+02   -1.679293163564417E+02   -1.633584989872456E+02   -1.632032695663176E+02   -1.632031531167358E+02   -1.615495504681064E+02   -1.615118426961704E+02   -1.614914425652195E+02   -1.613960614658041E+02   -1.613838665316809E+02   -1.613783975325541E+02   -1.596798633827197E+02   -1.596377523521339E+02   -1.596168613013919E+02   -1.548723274634117E+02   -1.548514462710336E+02   -1.548409608925053E+02   -1.497166018607859E+02   -1.496889530907653E+02   -1.496618053149372E+02   -1.496076348441098E+02   -1.495499334659613E+02   -1.495223493173604E+02   -1.477367721975993E+02   -1.476807537694316E+02   -1.476531308015753E+02   -1.474476186733297E+02   -1.474342463147540E+02   -1.474338921144838E+02   -1.453981193648787E+02   -1.427196513027244E+02   -1.426933042479802E+02   -1.426799978804521E+02   -1.387700973029322E+02   -1.387075410558638E+02   -1.386677625536702E+02   -1.383549840386808E+02   -1.382649547477702E+02   -1.382231578521901E+02   -1.371052451276396E+02   -1.370891203105222E+02   -1.370809517364929E+02   -1.366826160461157E+02   -1.366156554262335E+02   -1.365829744278883E+02   -1.336273907272920E+02   -1.336256089950376E+02   -1.336253172554486E+02   -1.317139911870936E+02   -1.316756900933943E+02   -1.316561677000942E+02   -1.297334323913957E+02   -1.293958405233726E+02   -1.293953954262241E+02   -1.285777175019216E+02   -1.284754803129144E+02   -1.284153399364162E+02   -1.277191471776889E+02   -1.276144573981854E+02   -1.275675553133910E+02   -1.269106093982599E+02   -1.268656770326531E+02   -1.268395110799567E+02   -1.265791201378389E+02   -1.265052552100674E+02
    8.683398378677202E+00   -2.451960073922171E+02   -2.451955135319458E+02   -2.451952665726692E+02   -2.281948544979581E+02   -2.281932163846058E+02   -2.281923970622071E+02   -2.156048328210673E+02   -2.156022878072690E+02   -2.156010149930125E+02   -2.119688632074044E+02   -2.119651420867280E+02   -2.119632806422237E+02   -2.004246501658872E+02   -2.004169653865159E+02   -2.004131198539454E+02   -1.965111698761039E+02   -1.965042618699181E+02   -1.965008060471903E+02   -1.876044614925933E+02   -1.875976784707703E+02   -1.875942741623679E+02   -1.860310262763196E+02   -1.860148392896422E+02   -1.860067474376301E+02   -1.818214090412181E+02   -1.818102701966473E+02   -1.818046968583093E+02   -1.811026226599921E+02   -1.741864287111785E+02   -1.741674221228007E+02   -1.741578427405065E+02   -1.724317314905538E+02   -1.724036477936017E+02   -1.723896511061470E+02   -1.679121186081153E+02   -1.678961037679202E+02   -1.678880835839511E+02   -1.632989411323901E+02   -1.631473965587809E+02   -1.631472797683682E+02   -1.615220208851623E+02   -1.614843231898648E+02   -1.614637837648772E+02   -1.613789669308886E+02   -1.613668284620768E+02   -1.613614092232110E+02   -1.596421318014553E+02   -1.595999534404636E+02   -1.595790278365487E+02   -1.548244938330387E+02   -1.548035842632605E+02   -1.547930842730173E+02   -1.496925745890272E+02   -1.496639844160915E+02   -1.496380851353607E+02   -1.495740917135435E+02   -1.495153055332846E+02   -1.494873583887575E+02   -1.476921722755180E+02   -1.476360408508148E+02   -1.476083606596909E+02   -1.473817275244278E+02   -1.473689701824262E+02   -1.473686154179293E+02   -1.453348942839605E+02   -1.426654127308283E+02   -1.426390166967908E+02   -1.426256847792519E+02   -1.387384630033085E+02   -1.386757459868076E+02   -1.386361628462953E+02   -1.383119910464861E+02   -1.382216994619127E+02   -1.381797031991333E+02   -1.370859159777353E+02   -1.370697503444044E+02   -1.370615686713147E+02   -1.366310225289098E+02   -1.365638926428048E+02   -1.365311236998340E+02   -1.335516439506588E+02   -1.335498693376353E+02   -1.335495891964754E+02   -1.316541434437948E+02   -1.316157116219956E+02   -1.315961198910093E+02   -1.296576278604504E+02   -1.293284032321009E+02   -1.293279569678729E+02   -1.285363709985847E+02   -1.284339357135564E+02   -1.283737932459542E+02   -1.276697882385400E+02   -1.275655678125877E+02   -1.275189065303688E+02   -1.268789152490623E+02   -1.268331442931464E+02   -1.268066891192925E+02   -1.265210160028539E+02   -1.264468756452612E+02
    8.771010679346162E+00   -2.451842342843011E+02   -2.451837402150305E+02   -2.451834931497649E+02   -2.281786793340704E+02   -2.281770401450487E+02   -2.281762202800161E+02   -2.155922377031404E+02   -2.155896914209001E+02   -2.155884179624746E+02   -2.119478935272942E+02   -2.119441692606256E+02   -2.119423062304170E+02   -2.004072384303410E+02   -2.003995477684407E+02   -2.003956992613926E+02   -1.964850112000113E+02   -1.964780962582155E+02   -1.964746369364388E+02   -1.875908299477362E+02   -1.875840427812868E+02   -1.875806364417238E+02   -1.860083768612516E+02   -1.859921739721375E+02   -1.859840740154963E+02   -1.817896754797871E+02   -1.817785240581474E+02   -1.817729443603527E+02   -1.810563978525344E+02   -1.741674555003072E+02   -1.741484309758583E+02   -1.741388428675103E+02   -1.724034210888515E+02   -1.723753044491579E+02   -1.723612907969426E+02   -1.678744687535594E+02   -1.678584346819364E+02   -1.678504047229408E+02   -1.632457923953608E+02   -1.630976846220357E+02   -1.630975675140875E+02   -1.614971842731465E+02   -1.614595122935263E+02   -1.614388209095947E+02   -1.613638222218367E+02   -1.613517521359727E+02   -1.613463862415211E+02   -1.596077936630807E+02   -1.595655534847479E+02   -1.595445961243549E+02   -1.547807445480796E+02   -1.547598089426273E+02   -1.547492955505227E+02   -1.496711071982455E+02   -1.496418166910069E+02   -1.496168604059900E+02   -1.495434804797140E+02   -1.494838803489015E+02   -1.494556301536673E+02   -1.476515325654397E+02   -1.475952978252437E+02   -1.475675652724607E+02   -1.473229399300557E+02   -1.473107431635175E+02   -1.473103879235107E+02   -1.452785076549984E+02   -1.426158298259037E+02   -1.425893885292801E+02   -1.425760330120274E+02   -1.387099732460160E+02   -1.386471109322501E+02   -1.386076992767192E+02   -1.382728969339054E+02   -1.381823720945570E+02   -1.381401984668834E+02   -1.370688145652759E+02   -1.370526103801691E+02   -1.370444145977251E+02   -1.365840101429287E+02   -1.365167267211905E+02   -1.364838783515900E+02   -1.334840406658984E+02   -1.334822717711562E+02   -1.334820022957217E+02   -1.315995636557799E+02   -1.315610096254829E+02   -1.315413530307816E+02   -1.295898069331840E+02   -1.292683625370604E+02   -1.292679152158562E+02   -1.284990075070693E+02   -1.283963891083905E+02   -1.283362461404888E+02   -1.276251392347594E+02   -1.275214125958350E+02   -1.274750109190145E+02   -1.268501555721167E+02   -1.268035681980403E+02   -1.267767891052340E+02   -1.264681153386083E+02   -1.263937386516768E+02
    8.856016846325794E+00   -2.451737916267192E+02   -2.451732973666095E+02   -2.451730502044137E+02   -2.281641376788270E+02   -2.281624974984539E+02   -2.281616771329018E+02   -2.155810678248627E+02   -2.155785203889305E+02   -2.155772463432371E+02   -2.119288920771121E+02   -2.119251649023990E+02   -2.119233004055540E+02   -2.003915927623881E+02   -2.003838966977396E+02   -2.003800454547023E+02   -1.964611894416371E+02   -1.964542680831192E+02   -1.964508055226622E+02   -1.875787452028381E+02   -1.875719542779001E+02   -1.875685460936799E+02   -1.859878720633232E+02   -1.859716545244194E+02   -1.859635470922548E+02   -1.817606840396740E+02   -1.817495209890212E+02   -1.817439354094397E+02   -1.810152156258532E+02   -1.741504196100795E+02   -1.741313786503499E+02   -1.741217825404060E+02   -1.723776759292105E+02   -1.723495289244287E+02   -1.723354996174747E+02   -1.678400048039083E+02   -1.678239529947297E+02   -1.678159140191352E+02   -1.631983051155318E+02   -1.630534041435104E+02   -1.630532867392949E+02   -1.614747320493940E+02   -1.614371035066460E+02   -1.614162446155036E+02   -1.613503716611896E+02   -1.613383843037574E+02   -1.613330754954843E+02   -1.595764849154806E+02   -1.595341878890756E+02   -1.595132012935922E+02   -1.547406625565730E+02   -1.547197030253895E+02   -1.547091773197531E+02   -1.496518774109401E+02   -1.496220517941976E+02   -1.495978269024787E+02   -1.495155403515158E+02   -1.494553107641270E+02   -1.494268036529085E+02   -1.476144324252040E+02   -1.475581030438105E+02   -1.475303224848502E+02   -1.472704246362198E+02   -1.472587395452876E+02   -1.472583839078867E+02   -1.452281582184514E+02   -1.425704238713046E+02   -1.425439406901742E+02   -1.425305633418389E+02   -1.386842587633794E+02   -1.386212650192288E+02   -1.385820046111376E+02   -1.382372800946221E+02   -1.381465472147076E+02   -1.381042151643933E+02   -1.370536531462199E+02   -1.370374123537536E+02   -1.370292018642933E+02   -1.365410915770076E+02   -1.364736684962415E+02   -1.364407481260067E+02   -1.334236264675979E+02   -1.334218621771618E+02   -1.334216025000553E+02   -1.315496951312323E+02   -1.315110268018897E+02   -1.314913095005448E+02   -1.295290480200832E+02   -1.292148425784109E+02   -1.292143942982850E+02   -1.284651681317818E+02   -1.283623806131878E+02   -1.283022381572495E+02   -1.275846802639661E+02   -1.274814658307395E+02   -1.274353376339257E+02   -1.268239880466348E+02   -1.267766035820297E+02   -1.267494789759300E+02   -1.264198646281104E+02   -1.263452819471823E+02
    8.938358132114663E+00   -2.451645122666808E+02   -2.451640178320238E+02   -2.451637705810233E+02   -2.281510394608925E+02   -2.281493983657577E+02   -2.281485775379375E+02   -2.155711437770546E+02   -2.155685952899894E+02   -2.155673207078335E+02   -2.119116428355445E+02   -2.119079129699323E+02   -2.119060471151129E+02   -2.003775067185968E+02   -2.003698056850014E+02   -2.003659519214785E+02   -1.964394591246269E+02   -1.964325318235479E+02   -1.964290662623458E+02   -1.875680119372313E+02   -1.875612175980325E+02   -1.875578077349296E+02   -1.859692743486325E+02   -1.859530432971910E+02   -1.859449289605220E+02   -1.817341556583064E+02   -1.817229818439926E+02   -1.817173908185826E+02   -1.809784863172301E+02   -1.741350930527200E+02   -1.741160370116348E+02   -1.741064335519574E+02   -1.723542224167459E+02   -1.723260473890464E+02   -1.723120036176972E+02   -1.678084091241307E+02   -1.677923409356009E+02   -1.677842936326249E+02   -1.631558266368864E+02   -1.630139186341926E+02   -1.630138009532173E+02   -1.614543978505150E+02   -1.614168332073948E+02   -1.613957877985018E+02   -1.613383948263141E+02   -1.613265075839922E+02   -1.613212597644075E+02   -1.595478900941143E+02   -1.595055407170607E+02   -1.594845271691294E+02   -1.547038854153230E+02   -1.546829038663697E+02   -1.546723668301707E+02   -1.496346121681682E+02   -1.496043679429691E+02   -1.495807233568160E+02   -1.494900231563322E+02   -1.494292940570251E+02   -1.494005664006852E+02   -1.475805073040525E+02   -1.475240910864572E+02   -1.474962664404408E+02   -1.472234565032516E+02   -1.472122390278921E+02   -1.472118830617938E+02   -1.451831468636583E+02   -1.425287792317172E+02   -1.425022572480639E+02   -1.424888596795728E+02   -1.386610020033496E+02   -1.385978892269400E+02   -1.385587627937911E+02   -1.382047753624541E+02   -1.381138564502163E+02   -1.380713824222034E+02   -1.370401850787783E+02   -1.370239093984787E+02   -1.370156838810727E+02   -1.365018446580442E+02   -1.364342942436024E+02   -1.364013084046009E+02   -1.333695695703599E+02   -1.333678089954646E+02   -1.333675583133409E+02   -1.315040557724053E+02   -1.314652805096033E+02   -1.314455063762643E+02   -1.294745469455245E+02   -1.291670799073750E+02   -1.291666307558780E+02   -1.284344584137430E+02   -1.283315147709102E+02   -1.282713734396525E+02   -1.275479602894375E+02   -1.274452708044503E+02   -1.273994256029589E+02   -1.268001208444902E+02   -1.267519579893823E+02   -1.267244754241021E+02   -1.263757822469850E+02   -1.263010179795833E+02
    9.017977630901115E+00   -2.451562523405245E+02   -2.451557577459913E+02   -2.451555104135020E+02   -2.281392204786472E+02   -2.281375785385850E+02   -2.281367572833731E+02   -2.155623112057883E+02   -2.155597617595917E+02   -2.155584866865047E+02   -2.118959586260845E+02   -2.118922262684699E+02   -2.118903591552103E+02   -2.003648020575700E+02   -2.003570964487607E+02   -2.003532403602406E+02   -1.964196070658750E+02   -1.964126742570989E+02   -1.964092059133829E+02   -1.875584621938553E+02   -1.875516647483872E+02   -1.875482533542755E+02   -1.859523780901621E+02   -1.859361345626614E+02   -1.859280138418023E+02   -1.817098475954767E+02   -1.816986638102402E+02   -1.816930677383642E+02   -1.809456950033301E+02   -1.741212791437404E+02   -1.741022092473342E+02   -1.740925990266775E+02   -1.723328232800883E+02   -1.723046223658627E+02   -1.722905652159324E+02   -1.677794051657767E+02   -1.677633218372923E+02   -1.677552668356675E+02   -1.631177868514604E+02   -1.629786724913328E+02   -1.629785545515729E+02   -1.614359513862169E+02   -1.613984746614269E+02   -1.613772195221306E+02   -1.613277010876976E+02   -1.613159351627251E+02   -1.613107523929066E+02   -1.595217353387445E+02   -1.594793376978923E+02   -1.594582992725349E+02   -1.546700975131816E+02   -1.546490956781240E+02   -1.546385482027872E+02   -1.496190785722702E+02   -1.495885001592389E+02   -1.495653249341499E+02   -1.494667006722356E+02   -1.494055664612268E+02   -1.493766475254423E+02   -1.475494406589642E+02   -1.474929446572527E+02   -1.474650794658740E+02   -1.471814024952835E+02   -1.471706128131170E+02   -1.471702565786298E+02   -1.451428631860854E+02   -1.424905342969314E+02   -1.424639763334207E+02   -1.424505600184538E+02   -1.386399293231753E+02   -1.385767085984621E+02   -1.385377012975419E+02   -1.381750659111284E+02   -1.380839802741278E+02   -1.380413786508645E+02   -1.370281986808505E+02   -1.370118896717333E+02   -1.370036489999901E+02   -1.364659029538288E+02   -1.363982362175281E+02   -1.363651906986153E+02   -1.333211444441957E+02   -1.333193868734158E+02   -1.333191444443242E+02   -1.314622271869392E+02   -1.314233518707564E+02   -1.314035245279927E+02   -1.294256014266761E+02   -1.291244085760106E+02   -1.291239586315282E+02   -1.284065384953851E+02   -1.283034507593458E+02   -1.282433108896957E+02   -1.275145872031878E+02   -1.274124301293906E+02   -1.273668735933476E+02   -1.267783045364488E+02   -1.267293825513450E+02   -1.267015362856611E+02   -1.263354491426126E+02   -1.262605234674623E+02
    9.094820317890356E+00   -2.451488878915088E+02   -2.451483931503620E+02   -2.451481457429970E+02   -2.281285386871423E+02   -2.281268959660704E+02   -2.281260743153879E+02   -2.155544371631116E+02   -2.155518868406251E+02   -2.155506113175667E+02   -2.118816770161495E+02   -2.118779423493820E+02   -2.118760740691926E+02   -2.003533246752851E+02   -2.003456148500123E+02   -2.003417566145236E+02   -1.964014478165311E+02   -1.963945099003212E+02   -1.963910389749785E+02   -1.875499513786094E+02   -1.875431511034747E+02   -1.875397383107449E+02   -1.859370050038662E+02   -1.859207499485917E+02   -1.859126233195107E+02   -1.816875483276229E+02   -1.816763553003216E+02   -1.816707545491652E+02   -1.809163917517310E+02   -1.741088079650195E+02   -1.740897253277508E+02   -1.740801088799087E+02   -1.723132723982461E+02   -1.722850475536472E+02   -1.722709780194619E+02   -1.677527516989218E+02   -1.677366543656432E+02   -1.677285922411343E+02   -1.630836874210323E+02   -1.629471804102727E+02   -1.629470622283704E+02   -1.614191932305295E+02   -1.613818330092750E+02   -1.613603397859537E+02   -1.613181249207969E+02   -1.613065063064236E+02   -1.613013927971226E+02   -1.594977824754292E+02   -1.594553402993905E+02   -1.594342788905993E+02   -1.546390234805481E+02   -1.546180029369180E+02   -1.546074458341598E+02   -1.496050770714392E+02   -1.495742271955066E+02   -1.495514377975307E+02   -1.494453669389050E+02   -1.493838981326672E+02   -1.493548118843221E+02   -1.475209571113777E+02   -1.474643877236426E+02   -1.474364852011433E+02   -1.471437095771961E+02   -1.471333115849698E+02   -1.471329551349160E+02   -1.451067738639034E+02   -1.424553738213157E+02   -1.424287824731190E+02   -1.424153487656145E+02   -1.386208044526062E+02   -1.385574857025927E+02   -1.385185846942994E+02   -1.381478763745497E+02   -1.380566410334452E+02   -1.380139244761787E+02   -1.370175120443800E+02   -1.370011711506384E+02   -1.369929153412466E+02   -1.364329478096016E+02   -1.363651746416467E+02   -1.363320746072981E+02   -1.332777177166380E+02   -1.332759625786935E+02   -1.332757277185730E+02   -1.314238455078226E+02   -1.313848765842451E+02   -1.313649994292647E+02   -1.293815976752855E+02   -1.290862472658166E+02   -1.290857965987338E+02   -1.283811149107021E+02   -1.282778942045143E+02   -1.282177559439234E+02   -1.274842194392280E+02   -1.273825973883612E+02   -1.273373318113833E+02   -1.267583254608698E+02   -1.267086647889807E+02   -1.266804541754243E+02   -1.262985004311694E+02   -1.262234303808585E+02
    9.168833087331507E+00   -2.451423119961521E+02   -2.451418171204281E+02   -2.451415696441888E+02   -2.281188710420771E+02   -2.281172275987208E+02   -2.281164055818967E+02   -2.155474070084243E+02   -2.155448558845276E+02   -2.155435799484914E+02   -2.118686568307060E+02   -2.118649200234940E+02   -2.118630506608192E+02   -2.003429411531005E+02   -2.003352274395100E+02   -2.003313672198280E+02   -1.963848197863178E+02   -1.963778771324133E+02   -1.963744038110342E+02   -1.875423548661608E+02   -1.875355520107144E+02   -1.875321379383476E+02   -1.859230002730355E+02   -1.859067345609182E+02   -1.858986024607281E+02   -1.816670732087517E+02   -1.816558716119387E+02   -1.816502665203453E+02   -1.808901831794210E+02   -1.740975325160978E+02   -1.740784381548861E+02   -1.740688159657133E+02   -1.722953904094969E+02   -1.722671434324625E+02   -1.722530624281099E+02   -1.677282379133549E+02   -1.677121276188292E+02   -1.677040589007264E+02   -1.630530924504270E+02   -1.629190182228569E+02   -1.629188998142949E+02   -1.614039504031787E+02   -1.613667410883702E+02   -1.613449751073190E+02   -1.613095218616533E+02   -1.612980825621245E+02   -1.612930426564405E+02   -1.594758239966117E+02   -1.594333407006162E+02   -1.594122580441384E+02   -1.546104225980125E+02   -1.545893847883591E+02   -1.545788188003488E+02   -1.495924360993453E+02   -1.495613624269913E+02   -1.495388945500476E+02   -1.494258380648265E+02   -1.493640886648292E+02   -1.493348550352916E+02   -1.474948166480343E+02   -1.474381797027428E+02   -1.474102427784707E+02   -1.471098942571031E+02   -1.470998551228167E+02   -1.470994985033196E+02   -1.450744126065469E+02   -1.424230224357101E+02   -1.423964000980726E+02   -1.423829502472364E+02   -1.386034230041304E+02   -1.385400151336504E+02   -1.385012092396773E+02   -1.381229670031573E+02   -1.380315970319516E+02   -1.379887767524190E+02   -1.370079686519477E+02   -1.369915972365257E+02   -1.369833264160878E+02   -1.364027015979275E+02   -1.363348309247946E+02   -1.363016810102216E+02   -1.332387360212284E+02   -1.332369828559919E+02   -1.332367549347219E+02   -1.313885936418754E+02   -1.313495371681481E+02   -1.313296133963618E+02   -1.293419988284313E+02   -1.290520881735185E+02   -1.290516368472338E+02   -1.283579337123627E+02   -1.282545903188908E+02   -1.281944536860182E+02   -1.274565588834209E+02   -1.273554700574023E+02   -1.273104947852025E+02   -1.267400002289477E+02   -1.266896227907051E+02   -1.266610511514695E+02   -1.262646180269546E+02   -1.261894182149130E+02
    9.239964789218227E+00   -2.451364323216146E+02   -2.451359373222801E+02   -2.451356897826354E+02   -2.281101108157765E+02   -2.281084667042930E+02   -2.281076443483790E+02   -2.155411217762065E+02   -2.155385699188450E+02   -2.155372936033777E+02   -2.118567751863827E+02   -2.118530363949509E+02   -2.118511660279991E+02   -2.003335358243551E+02   -2.003258185237644E+02   -2.003219564693173E+02   -1.963695819462355E+02   -1.963626348973949E+02   -1.963591593520544E+02   -1.875355651187921E+02   -1.875287599086899E+02   -1.875253446640378E+02   -1.859102292547799E+02   -1.858939536887592E+02   -1.858858165204686E+02   -1.816482607796642E+02   -1.816370512361758E+02   -1.816314421179795E+02   -1.808667251430331E+02   -1.740873254471369E+02   -1.740682202934641E+02   -1.740585928069398E+02   -1.722790209809707E+02   -1.722507535302396E+02   -1.722366618993080E+02   -1.677056792539249E+02   -1.676895569610390E+02   -1.676814821377831E+02   -1.630256204162389E+02   -1.628938149697152E+02   -1.628936963489688E+02   -1.613900726173118E+02   -1.613530559608416E+02   -1.613309747729232E+02   -1.613017650048855E+02   -1.612905445383935E+02   -1.612855826839141E+02   -1.594556787989783E+02   -1.594131575234248E+02   -1.593920552163609E+02   -1.545840840474204E+02   -1.545630302958913E+02   -1.545524561039902E+02   -1.495810077460266E+02   -1.495497472378188E+02   -1.495275503970381E+02   -1.494079508730195E+02   -1.493459631597411E+02   -1.493165989507764E+02   -1.474708097015101E+02   -1.474141105297203E+02   -1.473861418845016E+02   -1.470795335486100E+02   -1.470698233234664E+02   -1.470694665746404E+02   -1.450453714615138E+02   -1.423932391454010E+02   -1.423665880375631E+02   -1.423531232007768E+02   -1.385876078513085E+02   -1.385241188757410E+02   -1.384853983036969E+02   -1.381001286986570E+02   -1.380086375058660E+02   -1.379657234853302E+02   -1.369994336676098E+02   -1.369830330374762E+02   -1.369747474205681E+02   -1.363749219934760E+02   -1.363069619095318E+02   -1.362737662981863E+02   -1.332037155185117E+02   -1.332019639543363E+02   -1.332017423916107E+02   -1.313561947146423E+02   -1.313170563993414E+02   -1.312970890251836E+02   -1.293063349554933E+02   -1.290214874116552E+02   -1.290210354834585E+02   -1.283367747033990E+02   -1.282333181367642E+02   -1.281731830644534E+02   -1.274313448694145E+02   -1.273307835008297E+02   -1.272860953227480E+02   -1.267231711406889E+02   -1.266721004321084E+02   -1.266431742354520E+02   -1.262335242623445E+02   -1.261582073929730E+02
    9.308166264637542E+00   -2.451311690485086E+02   -2.451306739355956E+02   -2.451304263375499E+02   -2.281021653132660E+02   -2.281005205837875E+02   -2.280996979138301E+02   -2.155354959387951E+02   -2.155329434098621E+02   -2.155316667455138E+02   -2.118459249666448E+02   -2.118421843361737E+02   -2.118403130376408E+02   -2.003250082801009E+02   -2.003172876702613E+02   -2.003134239187852E+02   -1.963556110211112E+02   -1.963486598962044E+02   -1.963451822870173E+02   -1.875294892394253E+02   -1.875226818796613E+02   -1.875192655599814E+02   -1.858985746791340E+02   -1.858822900022573E+02   -1.858741481388963E+02   -1.816309696258024E+02   -1.816197527145067E+02   -1.816141398614384E+02   -1.808457164089149E+02   -1.740780762837465E+02   -1.740589611940985E+02   -1.740493288175842E+02   -1.722640276367742E+02   -1.722357412483595E+02   -1.722216397723844E+02   -1.676849138764642E+02   -1.676687804769755E+02   -1.676607000010417E+02   -1.630009371812761E+02   -1.628712460396841E+02   -1.628711272203514E+02   -1.613774290894801E+02   -1.613406560182860E+02   -1.613182076565036E+02   -1.612947419791696E+02   -1.612837891774412E+02   -1.612789098852580E+02   -1.594371885611916E+02   -1.593946322049039E+02   -1.593735117226173E+02   -1.545598228739345E+02   -1.545387544006542E+02   -1.545281726329532E+02   -1.495706642036610E+02   -1.495392460409315E+02   -1.495172799054675E+02   -1.493915610801050E+02   -1.493293688185609E+02   -1.492998883664447E+02   -1.474487529725982E+02   -1.473919964699935E+02   -1.473639985673433E+02   -1.470522571583325E+02   -1.470428484394510E+02   -1.470424915960135E+02   -1.450192932947796E+02   -1.423658126584974E+02   -1.423391348444915E+02   -1.423256560984281E+02   -1.385732052298098E+02   -1.385096423889272E+02   -1.384709985091581E+02   -1.380791787929177E+02   -1.379875783551664E+02   -1.379445795230617E+02   -1.369917907953764E+02   -1.369753622208488E+02   -1.369670620951445E+02   -1.363493971131066E+02   -1.362813549914150E+02   -1.362481174789754E+02   -1.331722328551948E+02   -1.331704825911273E+02   -1.331702668523318E+02   -1.313264065189757E+02   -1.312871917574966E+02   -1.312671836328667E+02   -1.292741944239949E+02   -1.289940567153809E+02   -1.289936042372217E+02   -1.283174465848933E+02   -1.282138856611672E+02   -1.281537520270725E+02   -1.274083490857142E+02   -1.273083058670975E+02   -1.272638993723179E+02   -1.267077023442687E+02   -1.266559634164066E+02   -1.266266916485948E+02   -1.262049764027372E+02   -1.261295536428271E+02
    9.373390379742345E+00   -2.451264531036117E+02   -2.451259578863337E+02   -2.451257102344856E+02   -2.280949539276460E+02   -2.280933086267506E+02   -2.280924856660297E+02   -2.155304555039427E+02   -2.155279023600409E+02   -2.155266253747522E+02   -2.118360126709189E+02   -2.118322703368023E+02   -2.118303981745049E+02   -2.003172712468879E+02   -2.003095475848074E+02   -2.003056822637847E+02   -1.963427990973009E+02   -1.963358441940133E+02   -1.963323646704935E+02   -1.875240468922285E+02   -1.875172375697401E+02   -1.875138202635239E+02   -1.858879342653002E+02   -1.858716411677496E+02   -1.858634949559602E+02   -1.816150756997548E+02   -1.816038519605718E+02   -1.815982356448018E+02   -1.808268931714700E+02   -1.740696890679850E+02   -1.740505648328762E+02   -1.740409279416869E+02   -1.722502910586937E+02   -1.722219871601845E+02   -1.722078765660013E+02   -1.676657996287834E+02   -1.676496559516266E+02   -1.676415702437725E+02   -1.629787499479912E+02   -1.628510272321766E+02   -1.628509082270922E+02   -1.613659058243386E+02   -1.613294385109011E+02   -1.613065595158182E+02   -1.612883523898740E+02   -1.612777274428104E+02   -1.612729352300837E+02   -1.594202146624554E+02   -1.593776259114552E+02   -1.593564886222173E+02   -1.545374765488346E+02   -1.545163944824086E+02   -1.545058057202344E+02   -1.495612948172920E+02   -1.495297424168207E+02   -1.495079742618294E+02   -1.493765413615935E+02   -1.493141719995213E+02   -1.492845876714995E+02   -1.474284858789224E+02   -1.473716765592891E+02   -1.473436516722957E+02   -1.470277407310660E+02   -1.470186083673817E+02   -1.470182514591829E+02   -1.449958652854260E+02   -1.423405574144990E+02   -1.423138548212784E+02   -1.423003631715139E+02   -1.385600814421665E+02   -1.384964512996954E+02   -1.384578764633108E+02   -1.380599574571978E+02   -1.379682585143830E+02   -1.379251828955643E+02   -1.369849396162148E+02   -1.369684843458564E+02   -1.369601700617825E+02   -1.363259413866494E+02   -1.362578239729747E+02   -1.362245480207305E+02   -1.331439173608097E+02   -1.331421681525792E+02   -1.331419577447924E+02   -1.312990168070226E+02   -1.312597307130906E+02   -1.312396845437349E+02   -1.292452164373892E+02   -1.289694562759987E+02   -1.289690032951524E+02   -1.282997828657996E+02   -1.281961257704076E+02   -1.281359934189392E+02   -1.273873712483873E+02   -1.272878337427321E+02   -1.272437016424170E+02   -1.266934766091028E+02   -1.266410959763385E+02   -1.266114896476013E+02   -1.261787619476873E+02   -1.261032432053105E+02
    9.435592058323962E+00   -2.451222246555029E+02   -2.451217293423556E+02   -2.451214816409488E+02   -2.280884064833560E+02   -2.280867606544787E+02   -2.280859374247139E+02   -2.155259363962128E+02   -2.155233826893066E+02   -2.155221054087492E+02   -2.118269565809855E+02   -2.118232126699325E+02   -2.118213397073637E+02   -2.003102487799326E+02   -2.003025223043280E+02   -2.002986555322393E+02   -1.963310515824996E+02   -1.963240931797040E+02   -1.963206118819630E+02   -1.875191685345887E+02   -1.875123574204972E+02   -1.875089392086198E+02   -1.858782186913743E+02   -1.858619178165725E+02   -1.858537675797455E+02   -1.816004700376272E+02   -1.815892399759344E+02   -1.815836204523025E+02   -1.808100243059141E+02   -1.740620803517329E+02   -1.740429477035183E+02   -1.740333066449093E+02   -1.722377067870742E+02   -1.722093867100905E+02   -1.721952676762553E+02   -1.676482114763737E+02   -1.676320582949313E+02   -1.676239677479045E+02   -1.629588020241590E+02   -1.628329096179123E+02   -1.628327904392481E+02   -1.613554033004931E+02   -1.613193172889249E+02   -1.612959306966972E+02   -1.612825058038586E+02   -1.612722823587346E+02   -1.612675816702695E+02   -1.594046355586377E+02   -1.593620169111310E+02   -1.593408640888512E+02   -1.545169020404757E+02   -1.544958074288872E+02   -1.544852122124407E+02   -1.495528036198461E+02   -1.495211360511182E+02   -1.494995389480497E+02   -1.493627794771295E+02   -1.493002556875730E+02   -1.492705782595202E+02   -1.474098675327687E+02   -1.473530095742574E+02   -1.473249598088344E+02   -1.470057000082573E+02   -1.469968208432204E+02   -1.469964638957225E+02   -1.449748132969350E+02   -1.423173102040724E+02   -1.422905846373581E+02   -1.422770810266994E+02   -1.385481200682626E+02   -1.384844285983827E+02   -1.384459159879615E+02   -1.380423246453677E+02   -1.379505368646471E+02   -1.379073917019640E+02   -1.369787933289139E+02   -1.369623126010310E+02   -1.369539845643633E+02   -1.363043920450918E+02   -1.362362055381524E+02   -1.362028943179504E+02   -1.331184443099434E+02   -1.331166959588888E+02   -1.331164904270749E+02   -1.312738392920707E+02   -1.312344867258107E+02   -1.312144050859191E+02   -1.292190845840254E+02   -1.289473885467691E+02   -1.289469351064200E+02   -1.282836384087333E+02   -1.281798927592526E+02   -1.281197615173668E+02   -1.273682354182485E+02   -1.272691884453785E+02   -1.272253218618563E+02   -1.266803926092874E+02   -1.266273981171067E+02   -1.265974698641288E+02   -1.261546946128005E+02   -1.260790887521609E+02
    9.494728312962060E+00   -2.451184318333844E+02   -2.451179364322323E+02   -2.451176886852003E+02   -2.280824618238705E+02   -2.280808155076606E+02   -2.280799920291947E+02   -2.155218830791529E+02   -2.155193288571362E+02   -2.155180513050026E+02   -2.118186851967624E+02   -2.118149398277632E+02   -2.118130661245800E+02   -2.003038747238470E+02   -2.002961456572660E+02   -2.002922775446924E+02   -1.963202854644671E+02   -1.963133238243122E+02   -1.963098408841117E+02   -1.875147939130069E+02   -1.875079811645415E+02   -1.875045621212650E+02   -1.858693498638599E+02   -1.858530418137969E+02   -1.858448878548204E+02   -1.815870568096423E+02   -1.815758209001479E+02   -1.815701984081249E+02   -1.807949072569821E+02   -1.740551774886447E+02   -1.740360371082929E+02   -1.740263922049562E+02   -1.722261832609100E+02   -1.721978482519782E+02   -1.721837214143961E+02   -1.676320393051968E+02   -1.676158773436696E+02   -1.676077823254477E+02   -1.629408682913347E+02   -1.628166750904172E+02   -1.628165557497674E+02   -1.613458344957241E+02   -1.613102204429018E+02   -1.612862341853458E+02   -1.612771204747579E+02   -1.612673873469686E+02   -1.612627824486278E+02   -1.593903445459325E+02   -1.593476983340795E+02   -1.593265311694150E+02   -1.544979733156429E+02   -1.544768671357851E+02   -1.544662659690325E+02   -1.495451072614834E+02   -1.495133402636458E+02   -1.494918917690327E+02   -1.493501765355717E+02   -1.492875173223980E+02   -1.492577562706613E+02   -1.473927741666719E+02   -1.473358714519613E+02   -1.473077987670398E+02   -1.469858857754608E+02   -1.469772384211817E+02   -1.469768814558756E+02   -1.449558970065022E+02   -1.422959272886927E+02   -1.422691804468729E+02   -1.422556657625965E+02   -1.385372196005483E+02   -1.384734722627784E+02   -1.384350157691255E+02   -1.380261574897349E+02   -1.379342896041265E+02   -1.378910814613944E+02   -1.369732768321454E+02   -1.369567718836193E+02   -1.369484305500132E+02   -1.362846061309274E+02   -1.362163562512741E+02   -1.361830126836540E+02   -1.330955291026837E+02   -1.330937814469695E+02   -1.330935803704000E+02   -1.312507102488577E+02   -1.312112958418786E+02   -1.311911811871341E+02   -1.291955212590574E+02   -1.289275928881241E+02   -1.289271390278722E+02   -1.282688865078863E+02   -1.281650594116755E+02   -1.281049291002603E+02   -1.273507868615655E+02   -1.272522128567844E+02   -1.272086015810419E+02   -1.266683626335154E+02   -1.266147833060450E+02   -1.265845470672399E+02   -1.261326108965394E+02   -1.260569259070642E+02
    9.550758274730082E+00   -2.451150296354797E+02   -2.451145341536323E+02   -2.451142863646371E+02   -2.280770666070904E+02   -2.280754198417271E+02   -2.280745961336845E+02   -2.155182473818644E+02   -2.155156926890494E+02   -2.155144148873110E+02   -2.118111359010148E+02   -2.118073891861941E+02   -2.118055147986494E+02   -2.002980914005135E+02   -2.002903599511949E+02   -2.002864906017756E+02   -1.963104278237657E+02   -1.963034631935181E+02   -1.962999787352045E+02   -1.875108707828483E+02   -1.875040565450060E+02   -1.875006367388532E+02   -1.858612594416813E+02   -1.858449447815711E+02   -1.858367873852462E+02   -1.815747516546638E+02   -1.815635103448232E+02   -1.815578851102424E+02   -1.807813644784987E+02   -1.740489171793246E+02   -1.740297697023025E+02   -1.740201212554350E+02   -1.722156401457626E+02   -1.721872913758511E+02   -1.721731573327219E+02   -1.676171860445941E+02   -1.676010159836109E+02   -1.675929168402464E+02   -1.629247512816507E+02   -1.628021325154027E+02   -1.628020130238601E+02   -1.613371231998376E+02   -1.613020874122831E+02   -1.612773939645111E+02   -1.612721231427299E+02   -1.612629848146678E+02   -1.612584796448702E+02   -1.593772478531396E+02   -1.593345762620980E+02   -1.593133958721850E+02   -1.544805792059376E+02   -1.544594623719713E+02   -1.544488557269008E+02   -1.495381332637704E+02   -1.495062799887133E+02   -1.494849611767537E+02   -1.493386454306304E+02   -1.492758669361613E+02   -1.492460306663365E+02   -1.473770969383277E+02   -1.473201530896189E+02   -1.472920593147540E+02   -1.469680794917669E+02   -1.469596441300628E+02   -1.469592871648478E+02   -1.449389056900762E+02   -1.422762819435826E+02   -1.422495154299476E+02   -1.422359905101192E+02   -1.385272914367432E+02   -1.384634932406808E+02   -1.384250873604604E+02   -1.380113480807640E+02   -1.379194080069922E+02   -1.378761428562497E+02   -1.369683250951103E+02   -1.369517971680944E+02   -1.369434430388818E+02   -1.362664579506033E+02   -1.361981500000256E+02   -1.361647767868011E+02   -1.330749222369291E+02   -1.330731751445506E+02   -1.330729781334752E+02   -1.312294856192824E+02   -1.311900137971854E+02   -1.311698684764725E+02   -1.291742828404230E+02   -1.289098409379837E+02   -1.289093866942888E+02   -1.282554164132942E+02   -1.281515145198632E+02   -1.280913849619518E+02   -1.273348893700686E+02   -1.272367687129662E+02   -1.271934014319262E+02   -1.266573106525673E+02   -1.266031765334093E+02   -1.265726472812621E+02   -1.261123671475254E+02   -1.260366102793446E+02
    9.603643221435153E+00   -2.451119789985879E+02   -2.451114834428650E+02   -2.451112356153309E+02   -2.280721742773788E+02   -2.280705270988472E+02   -2.280697031792761E+02   -2.155149874992279E+02   -2.155124323767670E+02   -2.155111543458992E+02   -2.118042538188340E+02   -2.118005058642037E+02   -2.117986308455290E+02   -2.002928484900141E+02   -2.002851148535041E+02   -2.002812443647888E+02   -1.963014145626068E+02   -1.962944471762860E+02   -1.962909613176178E+02   -1.875073538181443E+02   -1.875005382251223E+02   -1.874971177196435E+02   -1.858538875764802E+02   -1.858375668388451E+02   -1.858294062740204E+02   -1.815634802562247E+02   -1.815522339692629E+02   -1.815466062058533E+02   -1.807692403503394E+02   -1.740432442314778E+02   -1.740240902528769E+02   -1.740144385448888E+02   -1.722060069062237E+02   -1.721776454791298E+02   -1.721635047953158E+02   -1.676035660623729E+02   -1.675873885439389E+02   -1.675792856020573E+02   -1.629102777814718E+02   -1.627891143979372E+02   -1.627889947661588E+02   -1.613292025719283E+02   -1.612948651108734E+02   -1.612693436514930E+02   -1.612674502797917E+02   -1.612590249528154E+02   -1.612546228988717E+02   -1.593652630129781E+02   -1.593225680976214E+02   -1.593013755346385E+02   -1.544646215842116E+02   -1.544434949549238E+02   -1.544328832752638E+02   -1.495318185436840E+02   -1.494998901081113E+02   -1.494786848449855E+02   -1.493281094523912E+02   -1.492652255578740E+02   -1.492353215865078E+02   -1.473627400573168E+02   -1.473057584669388E+02   -1.472776453177262E+02   -1.469520895090991E+02   -1.469438477156073E+02   -1.469434907651261E+02   -1.449236545749681E+02   -1.422582623596689E+02   -1.422314776932213E+02   -1.422179433322258E+02   -1.385182581740859E+02   -1.384544137353887E+02   -1.384160534855560E+02   -1.379978015727472E+02   -1.379057965120585E+02   -1.378624798081131E+02   -1.369638817725231E+02   -1.369473321194143E+02   -1.369389657382309E+02   -1.362498369017866E+02   -1.361814758147734E+02   -1.361480754670524E+02   -1.330564049642318E+02   -1.330546583274241E+02   -1.330544650199914E+02   -1.312100385456990E+02   -1.311705135483519E+02   -1.311503398142992E+02   -1.291551555167043E+02   -1.288939326088818E+02   -1.288934780154516E+02   -1.282431312304215E+02   -1.281391607787371E+02   -1.280790318054051E+02   -1.273204229699375E+02   -1.272227342824185E+02   -1.271795987777170E+02   -1.266471706873336E+02   -1.265925126827570E+02   -1.265617062023476E+02   -1.260938370592224E+02   -1.260180149333731E+02
    9.653346604372143E+00   -2.451092460047648E+02   -2.451087503815543E+02   -2.451085025186980E+02   -2.280677441879954E+02   -2.280660966303305E+02   -2.280652725163284E+02   -2.155120671398038E+02   -2.155095116260603E+02   -2.155082333852386E+02   -2.117979908430009E+02   -2.117942417491302E+02   -2.117923661498780E+02   -2.002881020757935E+02   -2.002803664363698E+02   -2.002764949005649E+02   -1.962931893178045E+02   -1.962862193976318E+02   -1.962827322505188E+02   -1.875042036828955E+02   -1.874973868593338E+02   -1.874939657137798E+02   -1.858471818369541E+02   -1.858308555252278E+02   -1.858226920466862E+02   -1.815531771242825E+02   -1.815419262618823E+02   -1.815362961726291E+02   -1.807583985093911E+02   -1.740381105027871E+02   -1.740189505818067E+02   -1.740092958787147E+02   -1.721972215864345E+02   -1.721688485461921E+02   -1.721547017570880E+02   -1.675911037916281E+02   -1.675749194235130E+02   -1.675668129925188E+02   -1.628972958917036E+02   -1.627774739983356E+02   -1.627773542365995E+02   -1.613220139061850E+02   -1.612885029230197E+02   -1.612630508626582E+02   -1.612620254530410E+02   -1.612554647082179E+02   -1.612511682059709E+02   -1.593543174706948E+02   -1.593116011703509E+02   -1.592903974290832E+02   -1.544500138048086E+02   -1.544288781901168E+02   -1.544182618945902E+02   -1.495261081631839E+02   -1.494941140651032E+02   -1.494730084562827E+02   -1.493185010673931E+02   -1.492555238467398E+02   -1.492255589474019E+02   -1.473496191852830E+02   -1.472926030425585E+02   -1.472644721341935E+02   -1.469377478021497E+02   -1.469296823902449E+02   -1.469293254661912E+02   -1.449099816841188E+02   -1.422417698505926E+02   -1.422149684756425E+02   -1.422014254290503E+02   -1.385100521584777E+02   -1.384461657473455E+02   -1.384078465931689E+02   -1.379854345665590E+02   -1.378933710915270E+02   -1.378500078361465E+02   -1.369598980267413E+02   -1.369433279137366E+02   -1.369349498636876E+02   -1.362346456188938E+02   -1.361662360074129E+02   -1.361328108698291E+02   -1.330397855362691E+02   -1.330380392670194E+02   -1.330378493264417E+02   -1.311922572666494E+02   -1.311526831665325E+02   -1.311324831850409E+02   -1.291379516790540E+02   -1.288796926273986E+02   -1.288792377155299E+02   -1.282319461360873E+02   -1.281279129971647E+02   -1.280677844517250E+02   -1.273072819609843E+02   -1.272100023745403E+02   -1.271670856947209E+02   -1.266378854299257E+02   -1.265827351603621E+02   -1.265516678661378E+02   -1.260769095293267E+02   -1.260010282285716E+02
    9.699834073571942E+00   -2.451068012048214E+02   -2.451063055201292E+02   -2.451060576249859E+02   -2.280637408517501E+02   -2.280620929472539E+02   -2.280612686550786E+02   -2.155094547994764E+02   -2.155068989303461E+02   -2.155056204976184E+02   -2.117923048008654E+02   -2.117885546634762E+02   -2.117866785318229E+02   -2.002838138297506E+02   -2.002760763616718E+02   -2.002722038663065E+02   -1.962857025308166E+02   -1.962787302885145E+02   -1.962752419596770E+02   -1.875013862397972E+02   -1.874945683018584E+02   -1.874911465717736E+02   -1.858410962900294E+02   -1.858247648817425E+02   -1.858165987318808E+02   -1.815437845525124E+02   -1.815325294972075E+02   -1.815268972755659E+02   -1.807487195398232E+02   -1.740334739993030E+02   -1.740143086631812E+02   -1.740046512167348E+02   -1.721892297678854E+02   -1.721608461053404E+02   -1.721466937203145E+02   -1.675797325552478E+02   -1.675635419148888E+02   -1.675554322889192E+02   -1.628856724842458E+02   -1.627670828372893E+02   -1.627669629555443E+02   -1.613155055766413E+02   -1.612829472576433E+02   -1.612588899311382E+02   -1.612553897274873E+02   -1.612522668911353E+02   -1.612480764415845E+02   -1.593443473947931E+02   -1.593016115462969E+02   -1.592803975708497E+02   -1.544366793686706E+02   -1.544155355353877E+02   -1.544049150205757E+02   -1.495209542682913E+02   -1.494889027057250E+02   -1.494678846690532E+02   -1.493097608541172E+02   -1.492467009219616E+02   -1.492166812440103E+02   -1.473376600688840E+02   -1.472806123838140E+02   -1.472524652430672E+02   -1.469249071408259E+02   -1.469170020225622E+02   -1.469166451339551E+02   -1.448977451066620E+02   -1.422267173194305E+02   -1.421999006141407E+02   -1.421863496030077E+02   -1.385026142495454E+02   -1.384386898328246E+02   -1.384004076269324E+02   -1.379741737283162E+02   -1.378820578580908E+02   -1.378386526556938E+02   -1.369563315257419E+02   -1.369397422352417E+02   -1.369313531363970E+02   -1.362207983893361E+02   -1.361523445819682E+02   -1.361188968537630E+02   -1.330248959622851E+02   -1.330231499887190E+02   -1.330229631006664E+02   -1.311760433204603E+02   -1.311364240393432E+02   -1.311161998982330E+02   -1.291225068017242E+02   -1.288669675432836E+02   -1.288665123421603E+02   -1.282217868616764E+02   -1.281176965769005E+02   -1.280575683178208E+02   -1.272953732368571E+02   -1.271984786298407E+02   -1.271557672380264E+02   -1.266294050782707E+02   -1.265737947418525E+02   -1.265424835266006E+02   -1.260614868304460E+02   -1.259855519749788E+02
    9.743073501524098E+00   -2.451046190414698E+02   -2.451041233009649E+02   -2.451038753764110E+02   -2.280601333011339E+02   -2.280584850805679E+02   -2.280576606257357E+02   -2.155071231423013E+02   -2.155045669514950E+02   -2.155032883439362E+02   -2.117871587421197E+02   -2.117834076526226E+02   -2.117815310346428E+02   -2.002799503167141E+02   -2.002722111853309E+02   -2.002683378138447E+02   -1.962789106520692E+02   -1.962719362900199E+02   -1.962684468815826E+02   -1.874988718760554E+02   -1.874920529323717E+02   -1.874886306701158E+02   -1.858355907159166E+02   -1.858192546655351E+02   -1.858110860758597E+02   -1.815352517256714E+02   -1.815239928429946E+02   -1.815183586739728E+02   -1.807400989756019E+02   -1.740292981064164E+02   -1.740101278539030E+02   -1.740004679034718E+02   -1.721819836785778E+02   -1.721535903372497E+02   -1.721394328427198E+02   -1.675693935593906E+02   -1.675531971973812E+02   -1.675450846570412E+02   -1.628752910025590E+02   -1.627578285390154E+02   -1.627577085469274E+02   -1.613096321366942E+02   -1.612781374201988E+02   -1.612549511600698E+02   -1.612494013571300E+02   -1.612493952170537E+02   -1.612453095025537E+02   -1.593352966602923E+02   -1.592925430095955E+02   -1.592713196993738E+02   -1.544245507805371E+02   -1.544033994575093E+02   -1.543927751003841E+02   -1.495163151880705E+02   -1.494842133062268E+02   -1.494632722377630E+02   -1.493018365786370E+02   -1.492387033611366E+02   -1.492086345273145E+02   -1.473267973712966E+02   -1.472697209955287E+02   -1.472415590713675E+02   -1.469134386466668E+02   -1.469056787083632E+02   -1.469053218618031E+02   -1.448868206385774E+02   -1.422130279470064E+02   -1.421861972310414E+02   -1.421726389457279E+02   -1.384958927690221E+02   -1.384319340469212E+02   -1.383936849773300E+02   -1.379639546092494E+02   -1.378717918752646E+02   -1.378283489815896E+02   -1.369531455906109E+02   -1.369365384226718E+02   -1.369281389297576E+02   -1.362082198005033E+02   -1.361397258768053E+02   -1.361062576302684E+02   -1.330115892092336E+02   -1.330098434726933E+02   -1.330096593429040E+02   -1.311613100109451E+02   -1.311216493351227E+02   -1.311014030520119E+02   -1.291086767464287E+02   -1.288556231459044E+02   -1.288551676828625E+02   -1.282125884027646E+02   -1.281084462184152E+02   -1.280483181212639E+02   -1.272846148450844E+02   -1.271880800513053E+02   -1.271455599504970E+02   -1.266216863510734E+02   -1.265656486013750E+02   -1.265341107125776E+02   -1.260474830467276E+02   -1.259714998579500E+02
    9.783035005352831E+00   -2.451026773576210E+02   -2.451021815666744E+02   -2.451019336154487E+02   -2.280568945420977E+02   -2.280552460348565E+02   -2.280544214322339E+02   -2.155050484729216E+02   -2.155024919922145E+02   -2.155012132260598E+02   -2.117825203300927E+02   -2.117787683760657E+02   -2.117768913159800E+02   -2.002764824009816E+02   -2.002687417637234E+02   -2.002648675959929E+02   -1.962727754603004E+02   -1.962657991725955E+02   -1.962623087826198E+02   -1.874966349291421E+02   -1.874898150816477E+02   -1.874863923368577E+02   -1.858306299376788E+02   -1.858142896791439E+02   -1.858061188716106E+02   -1.815275339555458E+02   -1.815162715959582E+02   -1.815106356570925E+02   -1.807324455747061E+02   -1.740255509330663E+02   -1.740063762375089E+02   -1.739967140117609E+02   -1.721754414316695E+02   -1.721470393130115E+02   -1.721328771751994E+02   -1.675600350317208E+02   -1.675438334749406E+02   -1.675357182888553E+02   -1.628660495615558E+02   -1.627496129684155E+02   -1.627494928754013E+02   -1.613043535537981E+02   -1.612740048164167E+02   -1.612512364455378E+02   -1.612468342780937E+02   -1.612440620738256E+02   -1.612427858076850E+02   -1.593271159795514E+02   -1.592843461921084E+02   -1.592631144071732E+02   -1.544135685706375E+02   -1.543924104533364E+02   -1.543817826135089E+02   -1.495121546690363E+02   -1.494800087544550E+02   -1.494591352636265E+02   -1.492946823950230E+02   -1.492314843434155E+02   -1.492013715308656E+02   -1.473169736734749E+02   -1.472598713189582E+02   -1.472316959920149E+02   -1.469032296829571E+02   -1.468956006733906E+02   -1.468952438732931E+02   -1.448770997451326E+02   -1.422006340697557E+02   -1.421737906111527E+02   -1.421602257147386E+02   -1.384898426051625E+02   -1.384258530434381E+02   -1.383876335889115E+02   -1.379547206375572E+02   -1.378625161413493E+02   -1.378190395062967E+02   -1.369503084703985E+02   -1.369336847434050E+02   -1.369252755435968E+02   -1.361968435838782E+02   -1.361283134047114E+02   -1.360948266013928E+02   -1.329997367861284E+02   -1.329979912387977E+02   -1.329978095908840E+02   -1.311479810968420E+02   -1.311082826911189E+02   -1.310880162206414E+02   -1.290963354349387E+02   -1.288455422345034E+02   -1.288450865352623E+02   -1.282042939210627E+02   -1.281001048195285E+02   -1.280399767781596E+02   -1.272749347524475E+02   -1.271787337428123E+02   -1.271363905809762E+02   -1.266146916554174E+02   -1.265582594944142E+02   -1.265265124340129E+02   -1.260348227380614E+02   -1.259587960928390E+02
    9.819690967422517E+00   -2.451009569775888E+02   -2.451004611413086E+02   -2.451002131660304E+02   -2.280540010881202E+02   -2.280523523223870E+02   -2.280515275862689E+02   -2.155032102873425E+02   -2.155006535467973E+02   -2.154993746375617E+02   -2.117783613218694E+02   -2.117746085874957E+02   -2.117727311278907E+02   -2.002733847403040E+02   -2.002656427475671E+02   -2.002617678603734E+02   -1.962672634806912E+02   -1.962602854540767E+02   -1.962567941770450E+02   -1.874946531980398E+02   -1.874878325427126E+02   -1.874844093627099E+02   -1.858261832489900E+02   -1.858098391980085E+02   -1.858016663862232E+02   -1.815205920273689E+02   -1.815093265280063E+02   -1.815036889902391E+02   -1.807256798302215E+02   -1.740222047528798E+02   -1.740030260649914E+02   -1.739933617833923E+02   -1.721695663751882E+02   -1.721411563433388E+02   -1.721269900107490E+02   -1.675516114840193E+02   -1.675354052384558E+02   -1.675272876646637E+02   -1.628578593083867E+02   -1.627423506244057E+02   -1.627422304396715E+02   -1.612996345635350E+02   -1.612704760728193E+02   -1.612477621844915E+02   -1.612445468282752E+02   -1.612407945289210E+02   -1.612390366294485E+02   -1.593197621596813E+02   -1.592769778297888E+02   -1.592557383956682E+02   -1.544036804576384E+02   -1.543825162122827E+02   -1.543718852340171E+02   -1.495084412247088E+02   -1.494762568596535E+02   -1.494554425567771E+02   -1.492882581559427E+02   -1.492250029171807E+02   -1.491948509253650E+02   -1.473081386209434E+02   -1.472510128766172E+02   -1.472228254676588E+02   -1.468941820354393E+02   -1.468866704648815E+02   -1.468863137136943E+02   -1.448684878036543E+02   -1.421894762201978E+02   -1.421626212415683E+02   -1.421490503729245E+02   -1.384844244503334E+02   -1.384204073086941E+02   -1.383822142000948E+02   -1.379464222576455E+02   -1.378541807221583E+02   -1.378106740277666E+02   -1.369477927256951E+02   -1.369311537764032E+02   -1.369227355871437E+02   -1.361866116280238E+02   -1.361180488624703E+02   -1.360845453675141E+02   -1.329892266625399E+02   -1.329874812655072E+02   -1.329873018389420E+02   -1.311359896727882E+02   -1.310962570933885E+02   -1.310759723338353E+02   -1.290853728422781E+02   -1.288366226963777E+02   -1.288361667852478E+02   -1.281968538102248E+02   -1.280926225383702E+02   -1.280324944654970E+02   -1.272662697867550E+02   -1.271703758259411E+02   -1.271281949830212E+02   -1.266083883837835E+02   -1.265515950702358E+02   -1.265196565144466E+02   -1.260234397994372E+02   -1.259473742767144E+02
    9.853016054340980E+00   -2.450994413508797E+02   -2.450989454741429E+02   -2.450986974773276E+02   -2.280514325632921E+02   -2.280497835661802E+02   -2.280489587103630E+02   -2.155015908909494E+02   -2.154990339191149E+02   -2.154977548816986E+02   -2.117746571248628E+02   -2.117709036913251E+02   -2.117690258733573E+02   -2.002706353549881E+02   -2.002628921509402E+02   -2.002590166183891E+02   -1.962623454880783E+02   -1.962553659028200E+02   -1.962518738300714E+02   -1.874929075277872E+02   -1.874860861553167E+02   -1.874826625854647E+02   -1.858222239263221E+02   -1.858058764824504E+02   -1.857977018727523E+02   -1.815143916414398E+02   -1.815031233277006E+02   -1.814974843561758E+02   -1.807197326884410E+02   -1.740192355285336E+02   -1.740000532788991E+02   -1.739903871530428E+02   -1.721643265373059E+02   -1.721359094233983E+02   -1.721217393290638E+02   -1.675440830819859E+02   -1.675278726352938E+02   -1.675197529225064E+02   -1.628506430111627E+02   -1.627359672570171E+02   -1.627358469895843E+02   -1.612954441302662E+02   -1.612674784539651E+02   -1.612445553329813E+02   -1.612425124377459E+02   -1.612388416142326E+02   -1.612347641546714E+02   -1.593131974688533E+02   -1.592704001281052E+02   -1.592491538401414E+02   -1.543948406333088E+02   -1.543736709005806E+02   -1.543630371146066E+02   -1.495051475834360E+02   -1.494729297701867E+02   -1.494521670939542E+02   -1.492825288201897E+02   -1.492192233750679E+02   -1.491890366832521E+02   -1.473002481957603E+02   -1.472431015425701E+02   -1.472149033201168E+02   -1.468862103466974E+02   -1.468788033952757E+02   -1.468784466936835E+02   -1.448609025910886E+02   -1.421795023073802E+02   -1.421526369915306E+02   -1.421390607681081E+02   -1.384796041526369E+02   -1.384155625100123E+02   -1.383773926965565E+02   -1.379390161960636E+02   -1.378467420115732E+02   -1.378032087059273E+02   -1.369455747052756E+02   -1.369289218883452E+02   -1.369204954551502E+02   -1.361774731367158E+02   -1.361088812861199E+02   -1.360753628810023E+02   -1.329799614784457E+02   -1.329782162001158E+02   -1.329780387483777E+02   -1.311252772148437E+02   -1.310855139213893E+02   -1.310652127208580E+02   -1.290756932697388E+02   -1.288287758537180E+02   -1.288283197537837E+02   -1.281902249017598E+02   -1.280859559968844E+02   -1.280258278241453E+02   -1.272585647307581E+02   -1.271629505110780E+02   -1.271209171699923E+02   -1.266027483210471E+02   -1.265456272939287E+02   -1.265135150302152E+02   -1.260132764881402E+02   -1.259371764093788E+02
    9.882987234310306E+00   -2.450981162498722E+02   -2.450976203373528E+02   -2.450973723214272E+02   -2.280491713649259E+02   -2.280475221626089E+02   -2.280466972004563E+02   -2.155001750743965E+02   -2.154976178984892E+02   -2.154963387472703E+02   -2.117713864194125E+02   -2.117676323652573E+02   -2.117657542288374E+02   -2.002682152617627E+02   -2.002604709850752E+02   -2.002565948789739E+02   -1.962579960837293E+02   -1.962510151144027E+02   -1.962475223345335E+02   -1.874913814570895E+02   -1.874845594534827E+02   -1.874811355375030E+02   -1.858187288139929E+02   -1.858023783625447E+02   -1.857942021549841E+02   -1.815089029370995E+02   -1.814976321240964E+02   -1.814919918788837E+02   -1.807145444483866E+02   -1.740166225077800E+02   -1.739974371091490E+02   -1.739877693439466E+02   -1.721596941541072E+02   -1.721312707602306E+02   -1.721170973237394E+02   -1.675374151078001E+02   -1.675212009316278E+02   -1.675130793203775E+02   -1.628443338474165E+02   -1.627303986805155E+02   -1.627302783392497E+02   -1.612917550037096E+02   -1.612649450033134E+02   -1.612416659004594E+02   -1.612406877728856E+02   -1.612371614436281E+02   -1.612309664602514E+02   -1.593073890966701E+02   -1.592645802216654E+02   -1.592433278489530E+02   -1.543870091524708E+02   -1.543658345508783E+02   -1.543551982760425E+02   -1.495022502204455E+02   -1.494700034826075E+02   -1.494492855583305E+02   -1.492774639453675E+02   -1.492141147218047E+02   -1.491838975381895E+02   -1.472932640965481E+02   -1.472360989210520E+02   -1.472078911082567E+02   -1.468792407726674E+02   -1.468719262067219E+02   -1.468715695538374E+02   -1.448542729859946E+02   -1.421706669183044E+02   -1.421437924133517E+02   -1.421302114337298E+02   -1.384753521655478E+02   -1.384112889427817E+02   -1.383731395623021E+02   -1.379324648367565E+02   -1.378401621023699E+02   -1.377966054300944E+02   -1.369436341026569E+02   -1.369269687897799E+02   -1.369185348839939E+02   -1.361693839123017E+02   -1.361007663318942E+02   -1.360672347258035E+02   -1.329718570089207E+02   -1.329701118237062E+02   -1.329699361125680E+02   -1.311157927679459E+02   -1.310760021346315E+02   -1.310556862967555E+02   -1.290672138628874E+02   -1.288219250455558E+02   -1.288214687788404E+02   -1.281843697912124E+02   -1.280800676050109E+02   -1.280199392825967E+02   -1.272517715478805E+02   -1.271564093025679E+02   -1.271145085061476E+02   -1.265977471452009E+02   -1.265403319613931E+02   -1.265080638400796E+02   -1.260042825957879E+02   -1.259281520604204E+02
    9.909583792727499E+00   -2.450969695140800E+02   -2.450964735702752E+02   -2.450962255375902E+02   -2.280472023777253E+02   -2.280455529955557E+02   -2.280447279400580E+02   -2.154989498395025E+02   -2.154963924855715E+02   -2.154951132344895E+02   -2.117685308386533E+02   -2.117647762401275E+02   -2.117628978240873E+02   -2.002661081636908E+02   -2.002583629482200E+02   -2.002544863384137E+02   -1.962541933359967E+02   -1.962472111522163E+02   -1.962437177514466E+02   -1.874900609203843E+02   -1.874832383675270E+02   -1.874798141477770E+02   -1.858156779723537E+02   -1.857993248861682E+02   -1.857911472753916E+02   -1.815041000882774E+02   -1.814928270821747E+02   -1.814871857189359E+02   -1.807100638209353E+02   -1.740143478814646E+02   -1.739951597308835E+02   -1.739854905256173E+02   -1.721556452689377E+02   -1.721272163717886E+02   -1.721130400011370E+02   -1.675315775033126E+02   -1.675153600554374E+02   -1.675072367791304E+02   -1.628388743682626E+02   -1.627255897588998E+02   -1.627254693525325E+02   -1.612885433621172E+02   -1.612628177310116E+02   -1.612394033758695E+02   -1.612387700554920E+02   -1.612357122315754E+02   -1.612276477426635E+02   -1.593023086961395E+02   -1.592594897155627E+02   -1.592382320045405E+02   -1.543801514144696E+02   -1.543589725434034E+02   -1.543483340881798E+02   -1.494997289624375E+02   -1.494674574285889E+02   -1.494467779502637E+02   -1.492730372554271E+02   -1.492096502226453E+02   -1.491794065267665E+02   -1.472871532122725E+02   -1.472299718190608E+02   -1.472017555999576E+02   -1.468732098344007E+02   -1.468659759296813E+02   -1.468656193232280E+02   -1.448485378590589E+02   -1.421629307244119E+02   -1.421360481484620E+02   -1.421224629947033E+02   -1.384716430821875E+02   -1.384075610626298E+02   -1.383694294151100E+02   -1.379267356910810E+02   -1.378344082525991E+02   -1.377908312824873E+02   -1.369419535815583E+02   -1.369252771602703E+02   -1.369168365767522E+02   -1.361623057476232E+02   -1.360936656661250E+02   -1.360601225061939E+02   -1.329648408526162E+02   -1.329630957398520E+02   -1.329629215457955E+02   -1.311074922563868E+02   -1.310676775824662E+02   -1.310473488717907E+02   -1.290598633449122E+02   -1.288160044162523E+02   -1.288155480038662E+02   -1.281792562680970E+02   -1.280749249889829E+02   -1.280147964848819E+02   -1.272458487227563E+02   -1.271507103209173E+02   -1.271089270166243E+02   -1.265933640082387E+02   -1.265356882934462E+02   -1.265032821917592E+02   -1.259964147459476E+02   -1.259202576627886E+02
    9.932787345808407E+00   -2.450959908348881E+02   -2.450954948641430E+02   -2.450952468169853E+02   -2.280455127328339E+02   -2.280438631954544E+02   -2.280430380592833E+02   -2.154979041685752E+02   -2.154953466616578E+02   -2.154940673242850E+02   -2.117660746983386E+02   -2.117623196296994E+02   -2.117604409719484E+02   -2.002643001888545E+02   -2.002565541642734E+02   -2.002526771189504E+02   -1.962509184767561E+02   -1.962439352438545E+02   -1.962404413063629E+02   -1.874889339971828E+02   -1.874821109733668E+02   -1.874786864910817E+02   -1.858130543810053E+02   -1.857966990220985E+02   -1.857885201981546E+02   -1.814999609616107E+02   -1.814886860608629E+02   -1.814830437314643E+02   -1.807062471290278E+02   -1.740123964954446E+02   -1.739932059762591E+02   -1.739835355255175E+02   -1.721521593941701E+02   -1.721237257484537E+02   -1.721095468417404E+02   -1.675265444837690E+02   -1.675103242100592E+02   -1.675021994959501E+02   -1.628342156178554E+02   -1.627214935436969E+02   -1.627213730808467E+02   -1.612857885332423E+02   -1.612610486555094E+02   -1.612379663338560E+02   -1.612365654724608E+02   -1.612344770785306E+02   -1.612247929218024E+02   -1.592979319968661E+02   -1.592551042980450E+02   -1.592338419757811E+02   -1.543742377246779E+02   -1.543530551672058E+02   -1.543424148311015E+02   -1.494975666550226E+02   -1.494652741287261E+02   -1.494446272596359E+02   -1.492692262742040E+02   -1.492058070221450E+02   -1.491755406018493E+02   -1.472818871778290E+02   -1.472246918009527E+02   -1.471964683261585E+02   -1.468680634422935E+02   -1.468608989129683E+02   -1.468605423494573E+02   -1.448436451301786E+02   -1.421562599798801E+02   -1.421293704253294E+02   -1.421157816651753E+02   -1.384684552430965E+02   -1.384043570915067E+02   -1.383662406152696E+02   -1.379218009504413E+02   -1.378294524352570E+02   -1.377858580855015E+02   -1.369405184610667E+02   -1.369238323333174E+02   -1.369153858880460E+02   -1.361562059126131E+02   -1.360875464501613E+02   -1.360539933307171E+02   -1.329588513177237E+02   -1.329571062607574E+02   -1.329569333694974E+02   -1.311003379015797E+02   -1.310605024212590E+02   -1.310401625683188E+02   -1.290535809401808E+02   -1.288109578863132E+02   -1.288105013485879E+02   -1.281748568358653E+02   -1.280705005099861E+02   -1.280103718088781E+02   -1.272407607023981E+02   -1.271458177278403E+02   -1.271041368019683E+02   -1.265895811859387E+02   -1.265316785976069E+02   -1.264991523942013E+02   -1.259896358012440E+02   -1.259134559166486E+02
    9.952581851616742E+00   -2.450951715756759E+02   -2.450946755822054E+02   -2.450944275228081E+02   -2.280440916062371E+02   -2.280424419376849E+02   -2.280416167332438E+02   -2.154970288316915E+02   -2.154944711959578E+02   -2.154931917855652E+02   -2.117640047705382E+02   -2.117602493043480E+02   -2.117583704420151E+02   -2.002627796717754E+02   -2.002550329641730E+02   -2.002511555501394E+02   -1.962481556469475E+02   -1.962411715266106E+02   -1.962376771348472E+02   -1.874879907027100E+02   -1.874811672831303E+02   -1.874777425786340E+02   -1.858108436903189E+02   -1.857944864114390E+02   -1.857863065605162E+02   -1.814964668296882E+02   -1.814851903261933E+02   -1.814795471792789E+02   -1.807030576333546E+02   -1.740107556096962E+02   -1.739915630934544E+02   -1.739818915879684E+02   -1.721492192278392E+02   -1.721207815694744E+02   -1.721066005164565E+02   -1.675222942137109E+02   -1.675060715499482E+02   -1.674979456200498E+02   -1.628303163909892E+02   -1.627180705471707E+02   -1.627179500363618E+02   -1.612834727841925E+02   -1.612595993714387E+02   -1.612368290256461E+02   -1.612346022068446E+02   -1.612334438855262E+02   -1.612223872149798E+02   -1.592942384808845E+02   -1.592514034159151E+02   -1.592301371931358E+02   -1.543692429265793E+02   -1.543480572520098E+02   -1.543374153268754E+02   -1.494957488850109E+02   -1.494634389042805E+02   -1.494428191920442E+02   -1.492660120174794E+02   -1.492025658247886E+02   -1.491722803088338E+02   -1.472774420015757E+02   -1.472202348151603E+02   -1.471920052071143E+02   -1.468637560736312E+02   -1.468566500062040E+02   -1.468562934810992E+02   -1.448395509736377E+02   -1.421506261008072E+02   -1.421237306383183E+02   -1.421101388272573E+02   -1.384657704083111E+02   -1.384016586884178E+02   -1.383635549384636E+02   -1.379176371115307E+02   -1.378252709611164E+02   -1.377816620225427E+02   -1.369393164528841E+02   -1.369226220334286E+02   -1.369141705610182E+02   -1.361510567241227E+02   -1.360823809088142E+02   -1.360488193798075E+02   -1.329538364833467E+02   -1.329520914687747E+02   -1.329519196738781E+02   -1.310942977341562E+02   -1.310544446259866E+02   -1.310340953321409E+02   -1.290483154669062E+02   -1.288067382851810E+02   -1.288062816417919E+02   -1.281711483106215E+02   -1.280667708618445E+02   -1.280066419636828E+02   -1.272364774262925E+02   -1.271417012423684E+02   -1.271001075452968E+02   -1.265863837872747E+02   -1.265282879881927E+02   -1.264956595464459E+02   -1.259839143666911E+02   -1.259077152901005E+02
    9.968953616500450E+00   -2.450945046231776E+02   -2.450940086110875E+02   -2.450937605416397E+02   -2.280429300520285E+02   -2.280412802758332E+02   -2.280404550153038E+02   -2.154963162274751E+02   -2.154937584863656E+02   -2.154924790159808E+02   -2.117623100963566E+02   -2.117585543037586E+02   -2.117566752733258E+02   -2.002615369726781E+02   -2.002537897051301E+02   -2.002499119880598E+02   -1.962458916858682E+02   -1.962389068367312E+02   -1.962354120717111E+02   -1.874872228149626E+02   -1.874803990721986E+02   -1.874769741850887E+02   -1.858090340158520E+02   -1.857926751619647E+02   -1.857844944670692E+02   -1.814936021335221E+02   -1.814823243137101E+02   -1.814766804952350E+02   -1.807004649706664E+02   -1.740094146991876E+02   -1.739902205474769E+02   -1.739805481748577E+02   -1.721468104191120E+02   -1.721183694682676E+02   -1.721041866518010E+02   -1.675188085384581E+02   -1.675025839120394E+02   -1.674944569839824E+02   -1.628271426147240E+02   -1.627152881370143E+02   -1.627151675866942E+02   -1.612815811708457E+02   -1.612584399267042E+02   -1.612359087371483E+02   -1.612329635171195E+02   -1.612326031507615E+02   -1.612204179105055E+02   -1.592912111143028E+02   -1.592483700058281E+02   -1.592271005797221E+02   -1.543651460969454E+02   -1.543439578632054E+02   -1.543333146344760E+02   -1.494942637510860E+02   -1.494619396397167E+02   -1.494413419425700E+02   -1.492633787374747E+02   -1.491999106306604E+02   -1.491696095178080E+02   -1.472737977570082E+02   -1.472165808851997E+02   -1.471883462430106E+02   -1.468602500877032E+02   -1.468531918790154E+02   -1.468528353868982E+02   -1.448362191561870E+02   -1.421460053166658E+02   -1.421191049988680E+02   -1.421055106821012E+02   -1.384635734863627E+02   -1.383994506773744E+02   -1.383613573054321E+02   -1.379142246661929E+02   -1.378218441666616E+02   -1.377782233243108E+02   -1.369383374444394E+02   -1.369216361590993E+02   -1.369131805102293E+02   -1.361468351898929E+02   -1.360781459732089E+02   -1.360445775479502E+02   -1.329497534181609E+02   -1.329480084351729E+02   -1.329478375367582E+02   -1.310893451901353E+02   -1.310494775859851E+02   -1.310291205280557E+02   -1.290440245816205E+02   -1.288033066292430E+02   -1.288028498993221E+02   -1.281681114895536E+02   -1.280637167386698E+02   -1.280035876569745E+02   -1.272329739360427E+02   -1.271383357385503E+02   -1.270968141024856E+02   -1.265837595160613E+02   -1.265255041573001E+02   -1.264927913158621E+02   -1.259792243786945E+02   -1.259030096061067E+02
    9.981891288970520E+00   -2.450939842669202E+02   -2.450934882402283E+02   -2.450932401628836E+02   -2.280420208673029E+02   -2.280403710065819E+02   -2.280395457019663E+02   -2.154957602539672E+02   -2.154932024303268E+02   -2.154919229127838E+02   -2.117609818342903E+02   -2.117572257852743E+02   -2.117553466227010E+02   -2.002605643310539E+02   -2.002528166241727E+02   -2.002489386688355E+02   -1.962441159606916E+02   -1.962371305389136E+02   -1.962336354804887E+02   -1.874866237344798E+02   -1.874797997389621E+02   -1.874763747082719E+02   -1.858076157719155E+02   -1.857912556816325E+02   -1.857830743232135E+02   -1.814913542904726E+02   -1.814800754363371E+02   -1.814744310900770E+02   -1.806984446950069E+02   -1.740083652925627E+02   -1.739891698587932E+02   -1.739794968041962E+02   -1.721449213785441E+02   -1.721164778425502E+02   -1.721022936399339E+02   -1.675160727670923E+02   -1.674998465986306E+02   -1.674917188864808E+02   -1.628246668435227E+02   -1.627131200420241E+02   -1.627129994605776E+02   -1.612801014375388E+02   -1.612575475528109E+02   -1.612351905103339E+02   -1.612319474716373E+02   -1.612316636130116E+02   -1.612188746130278E+02   -1.592888361303089E+02   -1.592459902770208E+02   -1.592247183338634E+02   -1.543619302995585E+02   -1.543407400554013E+02   -1.543300958032883E+02   -1.494931016781628E+02   -1.494607665908306E+02   -1.494401860125716E+02   -1.492613137157481E+02   -1.491978285215770E+02   -1.491675152069036E+02   -1.472709383335387E+02   -1.472137138599210E+02   -1.471854752638920E+02   -1.468575151667536E+02   -1.468504944653076E+02   -1.468501380000360E+02   -1.448336204966744E+02   -1.421423783887166E+02   -1.421154742536794E+02   -1.421018779680129E+02   -1.384618523149851E+02   -1.383977208273007E+02   -1.383596355632293E+02   -1.379115478506679E+02   -1.378191561618111E+02   -1.377755260151902E+02   -1.369375733231422E+02   -1.369208666069832E+02   -1.369124076457491E+02   -1.361435227208414E+02   -1.360748229921817E+02   -1.360412491545165E+02   -1.329465675428679E+02   -1.329448225826843E+02   -1.329446523861846E+02   -1.310854587846520E+02   -1.310455797783403E+02   -1.310252166130982E+02   -1.290406741627233E+02   -1.288006315324637E+02   -1.288001747347052E+02   -1.281657308828671E+02   -1.280613225662213E+02   -1.280011933261193E+02   -1.272302300582083E+02   -1.271357009182259E+02   -1.270942361687160E+02   -1.265816984797937E+02   -1.265233171916863E+02   -1.264905377609814E+02   -1.259755447728554E+02   -1.258993177086777E+02
    9.991385798057930E+00   -2.450936061056290E+02   -2.450931100682838E+02   -2.450928619851692E+02   -2.280413584885821E+02   -2.280397085661308E+02   -2.280388832292940E+02   -2.154953562083863E+02   -2.154927983245935E+02   -2.154915187725807E+02   -2.117600131452285E+02   -2.117562569088849E+02   -2.117543776497273E+02   -2.002598557533669E+02   -2.002521077258387E+02   -2.002482295963131E+02   -1.962428202383175E+02   -1.962358343981298E+02   -1.962323391252525E+02   -1.874861883754831E+02   -1.874793641959558E+02   -1.874759390602952E+02   -1.858065815452125E+02   -1.857902205521826E+02   -1.857820387087234E+02   -1.814897135508787E+02   -1.814784339409664E+02   -1.814727892090034E+02   -1.806969779195039E+02   -1.740076008483691E+02   -1.739884044795350E+02   -1.739787309262563E+02   -1.721435431351221E+02   -1.721150977112968E+02   -1.721009124955433E+02   -1.675140755112612E+02   -1.674978482161151E+02   -1.674897199311638E+02   -1.628228678661383E+02   -1.627115459661353E+02   -1.627114253619010E+02   -1.612790239612151E+02   -1.612569055315218E+02   -1.612346677636827E+02   -1.612314710174389E+02   -1.612307079746844E+02   -1.612177492334216E+02   -1.592871028665694E+02   -1.592442535485150E+02   -1.592229797661542E+02   -1.543595824027511E+02   -1.543383906898524E+02   -1.543277456904906E+02   -1.494922552748595E+02   -1.494599122375616E+02   -1.494393440690105E+02   -1.492598071069094E+02   -1.491963094997629E+02   -1.491659872988646E+02   -1.472688512503070E+02   -1.472116212269410E+02   -1.471833797428501E+02   -1.468555278807248E+02   -1.468485345305070E+02   -1.468481780853705E+02   -1.448317324451233E+02   -1.421397304012298E+02   -1.421128234757651E+02   -1.420992257514528E+02   -1.384605974941257E+02   -1.383964596844858E+02   -1.383583803186795E+02   -1.379095944574487E+02   -1.378171946406489E+02   -1.377735577229562E+02   -1.369370178400833E+02   -1.369203071355610E+02   -1.369118457367659E+02   -1.361411049161945E+02   -1.360723975167658E+02   -1.360388197278175E+02   -1.329442521342474E+02   -1.329425071896202E+02   -1.329423375046024E+02   -1.310826218688316E+02   -1.310427345245375E+02   -1.310223668930982E+02   -1.290382378319765E+02   -1.287986887467213E+02   -1.287982318994812E+02   -1.281639945108489E+02   -1.280595762986171E+02   -1.279994469346618E+02   -1.272282301628300E+02   -1.271337810609178E+02   -1.270923580231254E+02   -1.265801930474058E+02   -1.265217194376871E+02   -1.264888912014245E+02   -1.259728592353013E+02   -1.258966232130140E+02
    9.997429847205039E+00   -2.450933669936904E+02   -2.450928709495907E+02   -2.450926228628141E+02   -2.280409389442445E+02   -2.280392889826281E+02   -2.280384636253374E+02   -2.154951007297554E+02   -2.154925428078523E+02   -2.154912632339564E+02   -2.117593991507950E+02   -2.117556427955737E+02   -2.117537634751021E+02   -2.002594069610337E+02   -2.002516587301613E+02   -2.002477804900413E+02   -1.962419986493128E+02   -1.962350125435754E+02   -1.962315171345607E+02   -1.874859131034135E+02   -1.874790888073984E+02   -1.874756636050880E+02   -1.858059260476403E+02   -1.857895644819560E+02   -1.857813823305569E+02   -1.814886729668677E+02   -1.814773928772760E+02   -1.814717479004917E+02   -1.806960511109299E+02   -1.740071166969338E+02   -1.739879197354004E+02   -1.739782458654502E+02   -1.721426692928496E+02   -1.721142226713515E+02   -1.721000368124483E+02   -1.675128086574316E+02   -1.674965806472305E+02   -1.674884519987905E+02   -1.628217304892550E+02   -1.627105513667867E+02   -1.627104307480684E+02   -1.612783417732705E+02   -1.612565023300715E+02   -1.612343367565560E+02   -1.612311698030800E+02   -1.612300990905362E+02   -1.612170359834206E+02   -1.592860037237900E+02   -1.592431522077019E+02   -1.592218772580207E+02   -1.543580930521888E+02   -1.543369004072139E+02   -1.543262549338231E+02   -1.494917192650115E+02   -1.494593712124683E+02   -1.494388108771401E+02   -1.492588518910000E+02   -1.491953464371280E+02   -1.491650186091546E+02   -1.472675276136447E+02   -1.472102940700872E+02   -1.471820507534172E+02   -1.468542714475390E+02   -1.468472954324525E+02   -1.468469390003241E+02   -1.448305388492756E+02   -1.421380507285078E+02   -1.421111420314778E+02   -1.420975433940949E+02   -1.384598023182834E+02   -1.383956605048191E+02   -1.383575848710838E+02   -1.379083557848545E+02   -1.378159508305375E+02   -1.377723096274316E+02   -1.369366665323755E+02   -1.369199532876575E+02   -1.369114903341749E+02   -1.361395715148699E+02   -1.360708592514520E+02   -1.360372789562234E+02   -1.329427880545486E+02   -1.329410431193145E+02   -1.329408737583082E+02   -1.310808225796222E+02   -1.310409299405220E+02   -1.310205594728897E+02   -1.290366967030600E+02   -1.287974609012080E+02   -1.287970040226007E+02   -1.281628938318172E+02   -1.280584693465157E+02   -1.279983399003340E+02   -1.272269630737716E+02   -1.271325649236014E+02   -1.270911684225387E+02   -1.265792378132819E+02   -1.265207054753005E+02   -1.264878461981593E+02   -1.259711561410302E+02   -1.258949144433962E+02
